{"name": "30_Teror_frame_01_30_57_000.jpg", "num_faces": 2, "faces": {"0": {"posX": 75, "posY": 32, "width": 130, "height": 102, "score": 0.9846979975700378}, "1": {"posX": 53, "posY": 114, "width": 68, "height": 136, "score": 0.9766467213630676}}, "model": ""}