{"name": "159_Teror_frame_02_07_55_000.jpg", "num_faces": 5, "faces": {"0": {"posX": 461, "posY": 215, "width": 483, "height": 241, "score": 0.9953641891479492}, "1": {"posX": 501, "posY": 279, "width": 564, "height": 352, "score": 0.9801893830299377}, "2": {"posX": 57, "posY": 93, "width": 148, "height": 200, "score": 0.9713492393493652}, "3": {"posX": 503, "posY": 237, "width": 522, "height": 259, "score": 0.9692116379737854}, "4": {"posX": 156, "posY": 65, "width": 309, "height": 249, "score": 0.9554809927940369}}, "model": ""}