{"name": "606_Teror_frame_03_24_28_000.jpg", "num_faces": 2, "faces": {"0": {"posX": 111, "posY": 142, "width": 133, "height": 174, "score": 0.8887386918067932}, "1": {"posX": 71, "posY": 25, "width": 109, "height": 68, "score": 0.8748013973236084}}, "model": "RetinaFaces"}