{"name": "470_Teror_frame_02_33_24_000.jpg", "num_faces": 2, "faces": {"0": {"posX": 213, "posY": 24, "width": 317, "height": 151, "score": 0.9800586104393005}, "1": {"posX": 12, "posY": 134, "width": 66, "height": 197, "score": 0.9665510654449463}}, "model": ""}