{"name": "210_Arucas_frame_01_37_29_000.jpg", "num_faces": 3, "faces": {"0": {"posX": 21, "posY": 264, "width": 44, "height": 290, "score": 0.9792261123657227}, "1": {"posX": 115, "posY": 46, "width": 179, "height": 126, "score": 0.9784290194511414}, "2": {"posX": 54, "posY": 154, "width": 107, "height": 218, "score": 0.8387425541877747}}, "model": "Img2Pose"}