{"name": "751_Teror_frame_03_10_22_000.jpg", "num_faces": 3, "faces": {"0": {"posX": 427, "posY": 129, "width": 446, "height": 151, "score": 0.9852083921432495}, "1": {"posX": 378, "posY": 124, "width": 393, "height": 143, "score": 0.972409725189209}, "2": {"posX": 74, "posY": 44, "width": 186, "height": 173, "score": 0.8234232068061829}}, "model": "Img2Pose"}