{"name": "143_Arucas_frame_01_36_03_000.jpg", "num_faces": 2, "faces": {"0": {"posX": 37, "posY": 81, "width": 63, "height": 115, "score": 0.9106765985488892}, "1": {"posX": 94, "posY": 64, "width": 143, "height": 124, "score": 0.8476679921150208}}, "model": "Img2Pose"}