{"name": "39_ParqueSur_frame_17_02_26_000.jpg", "num_faces": 2, "faces": {"0": {"posX": 0, "posY": 62, "width": 81, "height": 176, "score": 0.9753115773200989}, "1": {"posX": 123, "posY": 29, "width": 199, "height": 116, "score": 0.9725571870803833}}, "model": ""}