{"name": "30_Teror_frame_01_30_57_000.jpg", "num_faces": 2, "faces": {"0": {"posX": 75, "posY": 32, "width": 132, "height": 102, "score": 0.9679640531539917}, "1": {"posX": 51, "posY": 115, "width": 68, "height": 135, "score": 0.967714250087738}}, "model": ""}