{"name": "551_Arucas_frame_01_49_05_000.jpg", "num_faces": 2, "faces": {"0": {"posX": 130, "posY": 70, "width": 151, "height": 96, "score": 0.9835519194602966}, "1": {"posX": 0, "posY": 119, "width": 24, "height": 148, "score": 0.883287787437439}}, "model": "Img2Pose"}