{"name": "551_Arucas_frame_01_49_06_000.jpg", "num_faces": 2, "faces": {"0": {"posX": 87, "posY": 133, "width": 104, "height": 153, "score": 0.9642043709754944}, "1": {"posX": 39, "posY": 113, "width": 57, "height": 134, "score": 0.8573617935180664}}, "model": "Img2Pose"}