{"name": "756_Arucas_frame_01_30_26_000.jpg", "num_faces": 2, "faces": {"0": {"posX": 134, "posY": 69, "width": 155, "height": 91, "score": 0.9633052945137024}, "1": {"posX": 77, "posY": 46, "width": 121, "height": 109, "score": 0.7739202976226807}}, "model": "RetinaFaces"}