{"name": "611_Ayagaures_frame_18_18_59_000.jpg", "num_faces": 3, "faces": {"0": {"posX": 142, "posY": 42, "width": 226, "height": 164, "score": 0.9983481168746948}, "1": {"posX": 308, "posY": 214, "width": 323, "height": 233, "score": 0.9501137137413025}, "2": {"posX": 371, "posY": 207, "width": 382, "height": 222, "score": 0.8659823536872864}}, "model": ""}