{"name": "411_PresaDeHornos_frame_13_35_41_000.jpg", "num_faces": 2, "faces": {"0": {"posX": 59, "posY": 16, "width": 100, "height": 66, "score": 0.9801589250564575}, "1": {"posX": 149, "posY": 3, "width": 162, "height": 19, "score": 0.8244441747665405}}, "model": "Img2Pose"}