{"name": "336_Arucas_frame_01_39_16_000.jpg", "num_faces": 2, "faces": {"0": {"posX": 6, "posY": 0, "width": 48, "height": 52, "score": 0.9790679216384888}, "1": {"posX": 88, "posY": 45, "width": 138, "height": 107, "score": 0.9626613855361938}}, "model": "Img2Pose"}