{"name": "336_Arucas_frame_01_39_18_000.jpg", "num_faces": 2, "faces": {"0": {"posX": 57, "posY": 101, "width": 81, "height": 132, "score": 0.9375021457672119}, "1": {"posX": 146, "posY": 48, "width": 218, "height": 136, "score": 0.8927586674690247}}, "model": "Img2Pose"}