{"name": "336_PresaDeHornos_frame_14_05_35_000.jpg", "num_faces": 2, "faces": {"0": {"posX": 78, "posY": 31, "width": 111, "height": 74, "score": 0.9652297496795654}, "1": {"posX": 120, "posY": 219, "width": 140, "height": 242, "score": 0.8164989948272705}}, "model": "Img2Pose"}