{"name": "336_Arucas_frame_01_39_17_000.jpg", "num_faces": 3, "faces": {"0": {"posX": 104, "posY": 46, "width": 165, "height": 121, "score": 0.9257906675338745}, "1": {"posX": 164, "posY": 4, "width": 186, "height": 31, "score": 0.883987307548523}, "2": {"posX": 59, "posY": 71, "width": 79, "height": 95, "score": 0.8505142331123352}}, "model": "Img2Pose"}