{"name": "455_Arucas_frame_01_35_19_000.jpg", "num_faces": 2, "faces": {"0": {"posX": 161, "posY": 31, "width": 232, "height": 124, "score": 0.9897533655166626}, "1": {"posX": 375, "posY": 310, "width": 383, "height": 321, "score": 0.7102428078651428}}, "model": ""}