{"name": "705_Arucas_frame_01_39_39_000.jpg", "num_faces": 2, "faces": {"1": {"posX": 74, "posY": 91, "width": 89, "height": 115, "score": 0.8248803019523621}, "2": {"posX": -2, "posY": 155, "width": 29, "height": 195, "score": 0.7338205575942993}}, "model": ""}