{"name": "452_Arucas_frame_01_42_34_000.jpg", "num_faces": 2, "faces": {"0": {"posX": 48, "posY": 153, "width": 72, "height": 181, "score": 0.9429439902305603}, "1": {"posX": 180, "posY": 33, "width": 253, "height": 118, "score": 0.8432782292366028}}, "model": ""}