{"name": "709_Teror_frame_03_10_22_000.jpg", "num_faces": 2, "faces": {"0": {"posX": 100, "posY": 23, "width": 143, "height": 76, "score": 0.9566461443901062}, "1": {"posX": 38, "posY": 12, "width": 52, "height": 29, "score": 0.9219433665275574}}, "model": "Img2Pose"}