{"name": "209_Teror_frame_01_41_23_000.jpg", "num_faces": 2, "faces": {"0": {"posX": 7, "posY": 57, "width": 26, "height": 79, "score": 0.9763443470001221}, "1": {"posX": 122, "posY": 52, "width": 136, "height": 69, "score": 0.9596127271652222}}}