{"name": "209_Teror_frame_01_41_24_000.jpg", "num_faces": 2, "faces": {"0": {"posX": 16, "posY": 51, "width": 33, "height": 73, "score": 0.9916199445724487}, "1": {"posX": 138, "posY": 62, "width": 157, "height": 83, "score": 0.8928173184394836}}}