{"name": "557_Teror_frame_02_12_51_000.jpg", "num_faces": 2, "faces": {"0": {"posX": 104, "posY": 25, "width": 191, "height": 134, "score": 0.9872783422470093}, "1": {"posX": 31, "posY": 142, "width": 48, "height": 163, "score": 0.9285203814506531}}, "model": ""}