{"name": "186_Arucas_frame_01_38_57_000.jpg", "num_faces": 3, "faces": {"0": {"posX": 243, "posY": 69, "width": 276, "height": 95, "score": 0.9188140630722046}, "1": {"posX": 251, "posY": 8, "width": 268, "height": 29, "score": 0.8835379481315613}, "2": {"posX": 295, "posY": 27, "width": 311, "height": 46, "score": 0.7284334897994995}}, "model": "RetinaFaces"}