{"name": "629_Arucas_frame_01_51_50_000.jpg", "num_faces": 3, "faces": {"0": {"posX": 102, "posY": 122, "width": 122, "height": 146, "score": 0.9939824938774109}, "1": {"posX": 7, "posY": 161, "width": 40, "height": 200, "score": 0.9859517812728882}, "2": {"posX": 121, "posY": 116, "width": 137, "height": 136, "score": 0.9532983303070068}}, "model": "Img2Pose"}