{"name": "629_Arucas_frame_01_51_49_000.jpg", "num_faces": 3, "faces": {"0": {"posX": 0, "posY": 107, "width": 27, "height": 145, "score": 0.9940118193626404}, "1": {"posX": 230, "posY": 66, "width": 251, "height": 92, "score": 0.9906593561172485}, "2": {"posX": 247, "posY": 60, "width": 265, "height": 81, "score": 0.9397069811820984}}, "model": "Img2Pose"}