{"name": "686_Arucas_frame_01_35_53_000.jpg", "num_faces": 2, "faces": {"0": {"posX": 45, "posY": 112, "width": 62, "height": 128, "score": 0.9476106762886047}, "1": {"posX": 224, "posY": 59, "width": 290, "height": 141, "score": 0.9388015866279602}}, "model": ""}