{"name": "382_Ayagaures_frame_19_00_22_000.jpg", "num_faces": 3, "faces": {"0": {"posX": 127, "posY": 70, "width": 142, "height": 88, "score": 0.9738522171974182}, "1": {"posX": 111, "posY": 77, "width": 126, "height": 95, "score": 0.8841269612312317}, "2": {"posX": 148, "posY": 104, "width": 161, "height": 119, "score": 0.8726329207420349}}, "model": "Img2Pose"}