{"name": "382_PresaDeHornos_frame_13_05_50_000.jpg", "num_faces": 2, "faces": {"0": {"posX": 47, "posY": 38, "width": 71, "height": 67, "score": 0.9805063009262085}, "1": {"posX": 23, "posY": 88, "width": 45, "height": 114, "score": 0.9194574952125549}}, "model": "Img2Pose"}