{"name": "382_PresaDeHornos_frame_13_05_52_000.jpg", "num_faces": 2, "faces": {"0": {"posX": 66, "posY": 21, "width": 107, "height": 72, "score": 0.9858072996139526}, "1": {"posX": 134, "posY": 143, "width": 152, "height": 171, "score": 0.9282784461975098}}, "model": "Img2Pose"}