{"name": "382_Arucas_frame_01_37_25_000.jpg", "num_faces": 2, "faces": {"0": {"posX": 49, "posY": 29, "width": 72, "height": 61, "score": 0.9435188174247742}, "1": {"posX": 36, "posY": 74, "width": 51, "height": 92, "score": 0.8557383418083191}}, "model": "Img2Pose"}