{"name": "382_Teror_frame_02_17_28_000.jpg", "num_faces": 2, "faces": {"0": {"posX": 24, "posY": 128, "width": 54, "height": 165, "score": 0.9905603528022766}, "1": {"posX": 291, "posY": 175, "width": 308, "height": 194, "score": 0.9786575436592102}}, "model": "Img2Pose"}