{"name": "228_ParqueSur_frame_17_40_54_500.jpg", "num_faces": 2, "faces": {"0": {"posX": 136, "posY": 33, "width": 184, "height": 95, "score": 0.99744713306427}, "1": {"posX": 182, "posY": 217, "width": 203, "height": 245, "score": 0.7368852496147156}}, "model": "RetinaFaces"}