{"name": "65_Arucas_frame_01_12_32_000.jpg", "num_faces": 2, "faces": {"0": {"posX": 17, "posY": 95, "width": 49, "height": 137, "score": 0.9952347874641418}, "3": {"posX": -6, "posY": 72, "width": 17, "height": 109, "score": 0.980966329574585}}, "model": ""}