{"name": "495_Teror_frame_02_19_30_000.jpg", "num_faces": 2, "faces": {"0": {"posX": 84, "posY": 30, "width": 145, "height": 105, "score": 0.9646410346031189}, "1": {"posX": 14, "posY": 73, "width": 33, "height": 98, "score": 0.8164152503013611}}, "model": "RetinaFaces"}