{"name": "495_Ayagaures_frame_18_41_04_000.jpg", "num_faces": 3, "faces": {"0": {"posX": 63, "posY": 30, "width": 97, "height": 70, "score": 0.9986228942871094}, "1": {"posX": 145, "posY": 78, "width": 155, "height": 91, "score": 0.987611711025238}, "2": {"posX": 136, "posY": 71, "width": 143, "height": 80, "score": 0.716551661491394}}, "model": "RetinaFaces"}