{"name": "495_Teror_frame_02_33_21_000.jpg", "num_faces": 2, "faces": {"0": {"posX": 106, "posY": 22, "width": 118, "height": 39, "score": 0.7290551662445068}, "1": {"posX": 104, "posY": 171, "width": 117, "height": 191, "score": 0.7233402729034424}}, "model": "RetinaFaces"}