{"name": "428_ParqueSur_frame_17_22_04_000.jpg", "num_faces": 2, "faces": {"0": {"posX": 38, "posY": 21, "width": 55, "height": 43, "score": 0.9729229807853699}, "1": {"posX": 9, "posY": 112, "width": 17, "height": 121, "score": 0.9282692074775696}}, "model": "Img2Pose"}