{"name": "357_Arucas_frame_01_38_18_000.jpg", "num_faces": 2, "faces": {"0": {"posX": 28, "posY": 12, "width": 47, "height": 38, "score": 0.9605324864387512}, "1": {"posX": 55, "posY": 9, "width": 71, "height": 29, "score": 0.7025750279426575}}, "model": "RetinaFaces"}