{"name": "357_Ayagaures_frame_18_52_24_000.jpg", "num_faces": 2, "faces": {"0": {"posX": 64, "posY": 23, "width": 103, "height": 75, "score": 0.9985187649726868}, "1": {"posX": -2, "posY": 100, "width": 11, "height": 117, "score": 0.9598183631896973}}, "model": "RetinaFaces"}