{"name": "138_Teror_frame_03_15_28_000.jpg", "num_faces": 2, "faces": {"0": {"posX": 100, "posY": 47, "width": 156, "height": 113, "score": 0.9977357387542725}, "1": {"posX": 36, "posY": 79, "width": 51, "height": 97, "score": 0.9405458569526672}}}