{"name": "765_Arucas_frame_01_45_40_000.jpg", "num_faces": 2, "faces": {"0": {"posX": 119, "posY": 53, "width": 192, "height": 141, "score": 0.9859547019004822}, "1": {"posX": 85, "posY": 78, "width": 99, "height": 98, "score": 0.9267466068267822}}, "model": "Img2Pose"}