{"name": "765_Arucas_frame_01_45_39_000.jpg", "num_faces": 3, "faces": {"0": {"posX": 92, "posY": 49, "width": 151, "height": 121, "score": 0.9685789942741394}, "1": {"posX": 55, "posY": 22, "width": 72, "height": 46, "score": 0.8934664130210876}, "2": {"posX": 37, "posY": 29, "width": 57, "height": 53, "score": 0.8108072876930237}}, "model": "Img2Pose"}