{"name": "490_Arucas_frame_01_28_16_000.jpg", "num_faces": 3, "faces": {"0": {"posX": 36, "posY": 25, "width": 55, "height": 49, "score": 0.9985851049423218}, "1": {"posX": 24, "posY": 7, "width": 41, "height": 29, "score": 0.9945395588874817}, "2": {"posX": 3, "posY": 56, "width": 22, "height": 82, "score": 0.7283706068992615}}, "model": "RetinaFaces"}