{"name": "490_Ayagaures_frame_18_25_54_000.jpg", "num_faces": 2, "faces": {"0": {"posX": 61, "posY": 16, "width": 117, "height": 79, "score": 0.9992915391921997}, "1": {"posX": 188, "posY": 71, "width": 196, "height": 83, "score": 0.9542644619941711}}, "model": "RetinaFaces"}