{"name": "490_Teror_frame_02_13_48_000.jpg", "num_faces": 2, "faces": {"0": {"posX": 252, "posY": 133, "width": 275, "height": 164, "score": 0.9932117462158203}, "1": {"posX": 215, "posY": 116, "width": 236, "height": 147, "score": 0.9751154184341431}}, "model": "RetinaFaces"}