{"name": "490_PresaDeHornos_frame_13_05_08_000.jpg", "num_faces": 2, "faces": {"0": {"posX": 52, "posY": 28, "width": 82, "height": 66, "score": 0.9985058307647705}, "1": {"posX": 91, "posY": 27, "width": 98, "height": 35, "score": 0.8073872923851013}}, "model": "RetinaFaces"}