{"name": "114_Arucas_frame_01_34_47_000.jpg", "num_faces": 3, "faces": {"0": {"posX": 83, "posY": 27, "width": 133, "height": 87, "score": 0.9561022520065308}, "1": {"posX": 42, "posY": 81, "width": 60, "height": 103, "score": 0.9437286853790283}, "2": {"posX": 157, "posY": 114, "width": 196, "height": 159, "score": 0.8559496402740479}}, "model": "Img2Pose"}