{"name": "722_ParqueSur_frame_18_23_18_500.jpg", "num_faces": 2, "faces": {"0": {"posX": 34, "posY": 18, "width": 54, "height": 42, "score": 0.9975835084915161}, "1": {"posX": 12, "posY": 83, "width": 20, "height": 94, "score": 0.870445191860199}}, "model": "RetinaFaces"}