{"name": "567_Teror_frame_02_06_20_000.jpg", "num_faces": 2, "faces": {"0": {"posX": 92, "posY": 52, "width": 160, "height": 137, "score": 0.9734235405921936}, "1": {"posX": 170, "posY": 48, "width": 185, "height": 68, "score": 0.9623966217041016}}, "model": "Img2Pose"}