{"name": "266_Arucas_frame_01_42_19_000.jpg", "num_faces": 2, "faces": {"0": {"posX": 24, "posY": 10, "width": 37, "height": 27, "score": 0.9371791481971741}, "1": {"posX": 88, "posY": 28, "width": 129, "height": 80, "score": 0.9252651333808899}}, "model": "Img2Pose"}