{"name": "476_Arucas_frame_01_47_35_000.jpg", "num_faces": 3, "faces": {"0": {"posX": 81, "posY": 39, "width": 138, "height": 106, "score": 0.9797872304916382}, "1": {"posX": 171, "posY": 44, "width": 197, "height": 76, "score": 0.9412083625793457}, "2": {"posX": 222, "posY": 10, "width": 245, "height": 29, "score": 0.8495864272117615}}, "model": "RetinaFaces"}