{"name": "476_Teror_frame_02_44_13_000.jpg", "num_faces": 2, "faces": {"0": {"posX": 69, "posY": 37, "width": 119, "height": 92, "score": 0.985005259513855}, "1": {"posX": -7, "posY": 46, "width": 5, "height": 62, "score": 0.8240068554878235}}, "model": "RetinaFaces"}