{"name": "476_Teror_frame_02_44_12_000.jpg", "num_faces": 2, "faces": {"0": {"posX": 71, "posY": 17, "width": 104, "height": 64, "score": 0.9221289753913879}, "1": {"posX": 5, "posY": 135, "width": 30, "height": 151, "score": 0.7433732151985168}}, "model": "RetinaFaces"}