{"name": "165_Teror_frame_02_20_18_000.jpg", "num_faces": 2, "faces": {"0": {"posX": 62, "posY": 58, "width": 157, "height": 187, "score": 0.9928730726242065}, "1": {"posX": 44, "posY": 202, "width": 67, "height": 237, "score": 0.9822024703025818}}, "model": "RetinaFaces"}