{"name": "54_Arucas_frame_01_24_38_000.jpg", "num_faces": 2, "faces": {"0": {"posX": 64, "posY": 37, "width": 105, "height": 86, "score": 0.987848162651062}, "1": {"posX": 18, "posY": 275, "width": 40, "height": 306, "score": 0.7841830849647522}}, "model": "RetinaFaces"}