{"name": "54_PresaDeHornos_frame_10_52_34_000.jpg", "num_faces": 2, "faces": {"0": {"posX": 95, "posY": 24, "width": 125, "height": 63, "score": 0.9916195869445801}, "1": {"posX": 80, "posY": 86, "width": 101, "height": 115, "score": 0.9228370189666748}}, "model": "RetinaFaces"}