{"name": "54_Teror_frame_01_48_34_000.jpg", "num_faces": 2, "faces": {"0": {"posX": 35, "posY": 51, "width": 49, "height": 69, "score": 0.9871664643287659}, "1": {"posX": 63, "posY": 32, "width": 104, "height": 83, "score": 0.9841291904449463}}, "model": "RetinaFaces"}