{"name": "669_Teror_frame_02_39_45_000.jpg", "num_faces": 2, "faces": {"0": {"posX": 237, "posY": 82, "width": 264, "height": 112, "score": 0.979689359664917}, "1": {"posX": 38, "posY": 24, "width": 152, "height": 167, "score": 0.8867287039756775}}, "model": "Img2Pose"}