{"name": "669_Teror_frame_02_39_44_000.jpg", "num_faces": 2, "faces": {"0": {"posX": 67, "posY": 26, "width": 129, "height": 101, "score": 0.9684685468673706}, "1": {"posX": 0, "posY": 99, "width": 18, "height": 123, "score": 0.9530815482139587}}, "model": "Img2Pose"}