{"name": "199_ParqueSur_frame_20_17_36_000.jpg", "num_faces": 2, "faces": {"0": {"posX": 56, "posY": 27, "width": 78, "height": 56, "score": 0.9953175783157349}, "1": {"posX": 21, "posY": 131, "width": 38, "height": 146, "score": 0.9737507104873657}}, "model": "RetinaFaces"}