{"name": "737_Teror_frame_02_39_56_000.jpg", "num_faces": 2, "faces": {"0": {"posX": 38, "posY": 77, "width": 53, "height": 96, "score": 0.9755423665046692}, "1": {"posX": 53, "posY": 41, "width": 98, "height": 102, "score": 0.9238972067832947}}, "model": "RetinaFaces"}