{"name": "737_Teror_frame_02_39_55_000.jpg", "num_faces": 2, "faces": {"0": {"posX": 19, "posY": 24, "width": 34, "height": 44, "score": 0.9746708273887634}, "1": {"posX": 54, "posY": 20, "width": 89, "height": 61, "score": 0.8006507158279419}}, "model": "RetinaFaces"}