{"name": "616_Arucas_frame_01_22_35_000.jpg", "num_faces": 2, "faces": {"0": {"posX": 46, "posY": 106, "width": 65, "height": 131, "score": 0.9956976175308228}, "1": {"posX": 6, "posY": 138, "width": 25, "height": 163, "score": 0.9956879019737244}}, "model": ""}