{"name": "274_Arucas_frame_01_39_07_000.jpg", "num_faces": 2, "faces": {"0": {"posX": 5, "posY": 149, "width": 29, "height": 176, "score": 0.8784499168395996}, "1": {"posX": 277, "posY": 63, "width": 351, "height": 180, "score": 0.8778892159461975}}, "model": "Img2Pose"}