{"name": "274_PresaDeHornos_frame_14_07_34_000.jpg", "num_faces": 2, "faces": {"0": {"posX": 104, "posY": 27, "width": 154, "height": 85, "score": 0.9862500429153442}, "1": {"posX": 143, "posY": 313, "width": 162, "height": 336, "score": 0.9629437923431396}}, "model": "Img2Pose"}