{"name": "274_Arucas_frame_01_39_06_000.jpg", "num_faces": 2, "faces": {"0": {"posX": 70, "posY": 41, "width": 88, "height": 64, "score": 0.941641092300415}, "1": {"posX": 10, "posY": 65, "width": 30, "height": 89, "score": 0.8459782004356384}}, "model": "Img2Pose"}