{"name": "274_PresaDeHornos_frame_14_07_32_000.jpg", "num_faces": 2, "faces": {"0": {"posX": 73, "posY": 31, "width": 94, "height": 57, "score": 0.9844717383384705}, "1": {"posX": 69, "posY": 177, "width": 92, "height": 206, "score": 0.8070206046104431}}, "model": "Img2Pose"}