{"name": "796_Teror_frame_02_17_46_000.jpg", "num_faces": 2, "faces": {"0": {"posX": 0, "posY": 86, "width": 21, "height": 111, "score": 0.9822520017623901}, "1": {"posX": 41, "posY": 36, "width": 114, "height": 124, "score": 0.9432055354118347}}, "model": ""}