{"name": "350_Teror_frame_02_11_44_000.jpg", "num_faces": 2, "faces": {"0": {"posX": 33, "posY": 25, "width": 63, "height": 60, "score": 0.9900143146514893}, "1": {"posX": 7, "posY": 128, "width": 20, "height": 140, "score": 0.7018206715583801}}, "model": "RetinaFaces"}