{"name": "459_Arucas_frame_01_53_01_000.jpg", "num_faces": 3, "faces": {"0": {"posX": 164, "posY": 61, "width": 183, "height": 83, "score": 0.9871309399604797}, "1": {"posX": 142, "posY": 52, "width": 162, "height": 76, "score": 0.9827409386634827}, "2": {"posX": 86, "posY": 45, "width": 140, "height": 109, "score": 0.9640172123908997}}, "model": "Img2Pose"}