{"name": "459_Arucas_frame_01_53_00_000.jpg", "num_faces": 2, "faces": {"0": {"posX": 48, "posY": 24, "width": 67, "height": 47, "score": 0.9811206459999084}, "1": {"posX": 82, "posY": 35, "width": 122, "height": 85, "score": 0.9524742960929871}}, "model": "Img2Pose"}