{"name": "7_Arucas_frame_01_18_23_000.jpg", "num_faces": 2, "faces": {"1": {"posX": 69, "posY": 217, "width": 102, "height": 256, "score": 0.9655964970588684}, "2": {"posX": 11, "posY": 123, "width": 45, "height": 163, "score": 0.9247642755508423}}, "model": ""}