{"name": "611_Arucas_frame_01_46_55_000.jpg", "num_faces": 2, "faces": {"0": {"posX": 63, "posY": 18, "width": 78, "height": 35, "score": 0.8139012455940247}, "1": {"posX": 92, "posY": 10, "width": 113, "height": 37, "score": 0.8128613233566284}}, "model": "Img2Pose"}