{"name": "702_Teror_frame_02_19_30_000.jpg", "num_faces": 3, "faces": {"0": {"posX": 333, "posY": 141, "width": 353, "height": 165, "score": 0.9901783466339111}, "1": {"posX": 304, "posY": 162, "width": 322, "height": 182, "score": 0.966041624546051}, "2": {"posX": 66, "posY": 8, "width": 209, "height": 181, "score": 0.8495859503746033}}, "model": ""}