{"name": "637_Arucas_frame_01_39_29_000.jpg", "num_faces": 2, "faces": {"0": {"posX": -8, "posY": 84, "width": 13, "height": 117, "score": 0.9571556448936462}, "2": {"posX": 68, "posY": 102, "width": 92, "height": 132, "score": 0.8595861792564392}}, "model": ""}