{"name": "192_Arucas_frame_01_40_11_000.jpg", "num_faces": 2, "faces": {"0": {"posX": 111, "posY": 41, "width": 163, "height": 104, "score": 0.9906961917877197}, "1": {"posX": 198, "posY": 45, "width": 214, "height": 64, "score": 0.9703835844993591}}}