{"name": "192_Arucas_frame_01_40_12_000.jpg", "num_faces": 2, "faces": {"0": {"posX": 130, "posY": 50, "width": 202, "height": 139, "score": 0.9359164834022522}, "1": {"posX": 271, "posY": 46, "width": 282, "height": 61, "score": 0.8429806232452393}}}