{"name": "806_PresaDeHornos_frame_13_12_53_000.jpg", "num_faces": 3, "faces": {"0": {"posX": 52, "posY": 18, "width": 77, "height": 49, "score": 0.9833636283874512}, "1": {"posX": 70, "posY": 86, "width": 109, "height": 132, "score": 0.8212988972663879}, "2": {"posX": 5, "posY": 140, "width": 19, "height": 159, "score": 0.8078359961509705}}, "model": "RetinaFaces"}