{"name": "806_Teror_frame_02_09_59_000.jpg", "num_faces": 2, "faces": {"0": {"posX": 52, "posY": 15, "width": 101, "height": 75, "score": 0.9990635514259338}, "1": {"posX": 23, "posY": 61, "width": 41, "height": 83, "score": 0.9764325022697449}}, "model": "RetinaFaces"}