{"name": "686_Arucas_frame_01_35_53_000.jpg", "num_faces": 2, "faces": {"0": {"posX": 48, "posY": 108, "width": 62, "height": 130, "score": 0.8964481949806213}, "1": {"posX": 26, "posY": 118, "width": 47, "height": 144, "score": 0.8000667691230774}}, "model": "Img2Pose"}