{"name": "686_Teror_frame_02_32_34_000.jpg", "num_faces": 2, "faces": {"0": {"posX": 31, "posY": 54, "width": 45, "height": 71, "score": 0.9941555261611938}, "1": {"posX": 62, "posY": 20, "width": 90, "height": 53, "score": 0.9475502967834473}}, "model": "Img2Pose"}