{"name": "355_Ayagaures_frame_15_50_13_000.jpg", "num_faces": 2, "faces": {"0": {"posX": 38, "posY": 23, "width": 68, "height": 59, "score": 0.9865359663963318}, "1": {"posX": 99, "posY": 165, "width": 113, "height": 183, "score": 0.9665378332138062}}, "model": "Img2Pose"}