{"name": "610_PresaDeHornos_frame_12_56_30_000.jpg", "num_faces": 2, "faces": {"0": {"posX": 79, "posY": 30, "width": 115, "height": 71, "score": 0.9356885552406311}, "1": {"posX": 29, "posY": 76, "width": 65, "height": 118, "score": 0.8837068676948547}}, "model": "Img2Pose"}