{"name": "53_Arucas_frame_01_12_07_000.jpg", "num_faces": 2, "faces": {"0": {"posX": 4, "posY": 27, "width": 30, "height": 61, "score": 0.99972003698349}, "1": {"posX": 54, "posY": 47, "width": 85, "height": 83, "score": 0.9988341927528381}}, "model": "RetinaFaces"}