{"name": "53_Teror_frame_01_27_55_000.jpg", "num_faces": 4, "faces": {"0": {"posX": 24, "posY": 39, "width": 38, "height": 57, "score": 0.9964116215705872}, "1": {"posX": -8, "posY": 47, "width": 8, "height": 77, "score": 0.9816524386405945}, "2": {"posX": 62, "posY": 29, "width": 86, "height": 58, "score": 0.810736358165741}, "3": {"posX": 70, "posY": 25, "width": 94, "height": 55, "score": 0.752595841884613}}, "model": "RetinaFaces"}