{"name": "357_Ayagaures_frame_18_52_24_000.jpg", "num_faces": 2, "faces": {"0": {"posX": 59, "posY": 20, "width": 102, "height": 72, "score": 0.9872167706489563}, "1": {"posX": 2, "posY": 99, "width": 17, "height": 117, "score": 0.8490560054779053}}, "model": "Img2Pose"}