{"name": "357_Arucas_frame_01_38_21_000.jpg", "num_faces": 2, "faces": {"0": {"posX": 0, "posY": 83, "width": 14, "height": 107, "score": 0.9575101137161255}, "1": {"posX": 22, "posY": 75, "width": 39, "height": 97, "score": 0.8995979428291321}}, "model": "Img2Pose"}