{"name": "766_Arucas_frame_01_44_06_000.jpg", "num_faces": 2, "faces": {"0": {"posX": 27, "posY": 213, "width": 49, "height": 250, "score": 0.9579516053199768}, "1": {"posX": -6, "posY": 160, "width": 9, "height": 183, "score": 0.7021328210830688}}, "model": ""}