{"name": "801_PresaDeHornos_frame_12_36_56_000.jpg", "num_faces": 2, "faces": {"0": {"posX": 49, "posY": 15, "width": 74, "height": 47, "score": 0.9984683394432068}, "1": {"posX": 6, "posY": 133, "width": 63, "height": 194, "score": 0.7203204035758972}}, "model": "RetinaFaces"}