{"name": "402_PresaDeHornos_frame_12_22_19_000.jpg", "num_faces": 2, "faces": {"0": {"posX": 50, "posY": 29, "width": 75, "height": 57, "score": 0.9615986943244934}, "1": {"posX": 61, "posY": 146, "width": 76, "height": 167, "score": 0.7282692193984985}}, "model": "RetinaFaces"}