{"name": "790_Arucas_frame_01_35_50_000.jpg", "num_faces": 2, "faces": {"0": {"posX": 33, "posY": 37, "width": 61, "height": 73, "score": 0.9926727414131165}, "1": {"posX": 8, "posY": 72, "width": 46, "height": 117, "score": 0.9879381060600281}}, "model": "Img2Pose"}