{"name": "10_ParqueSur_frame_13_19_03_000.jpg", "num_faces": 2, "faces": {"1": {"posX": 25, "posY": 72, "width": 43, "height": 101, "score": 0.8970249891281128}, "3": {"posX": 214, "posY": 315, "width": 225, "height": 325, "score": 0.7250193357467651}}, "model": ""}