{"name": "4_Arucas_frame_01_06_58_000.jpg", "num_faces": 2, "faces": {"0": {"posX": 31, "posY": 60, "width": 56, "height": 93, "score": 0.9477920532226562}, "1": {"posX": 1, "posY": 69, "width": 30, "height": 110, "score": 0.9453762769699097}}, "model": "RetinaFaces"}