{"name": "280_Arucas_frame_01_50_07_000.jpg", "num_faces": 3, "faces": {"0": {"posX": 111, "posY": 35, "width": 128, "height": 56, "score": 0.9934347867965698}, "1": {"posX": 50, "posY": 84, "width": 68, "height": 111, "score": 0.9908964037895203}, "2": {"posX": 60, "posY": 84, "width": 76, "height": 108, "score": 0.8250561356544495}}, "model": "RetinaFaces"}