{"name": "740_Teror_frame_02_57_31_000.jpg", "num_faces": 2, "faces": {"0": {"posX": 83, "posY": 34, "width": 128, "height": 90, "score": 0.9616703391075134}, "1": {"posX": 26, "posY": 78, "width": 42, "height": 97, "score": 0.9007958173751831}}, "model": "Img2Pose"}