{"name": "96_Arucas_frame_01_32_08_000.jpg", "num_faces": 3, "faces": {"0": {"posX": 71, "posY": 78, "width": 90, "height": 101, "score": 0.9891716837882996}, "1": {"posX": 139, "posY": 57, "width": 230, "height": 164, "score": 0.9181199073791504}, "2": {"posX": 18, "posY": 143, "width": 42, "height": 172, "score": 0.9146230220794678}}, "model": ""}