{"name": "171_Arucas_frame_01_47_33_000.jpg", "num_faces": 3, "faces": {"0": {"posX": 35, "posY": 30, "width": 58, "height": 61, "score": 0.9821676015853882}, "1": {"posX": -3, "posY": 140, "width": 34, "height": 191, "score": 0.9173988699913025}, "2": {"posX": 63, "posY": 37, "width": 80, "height": 56, "score": 0.82476407289505}}, "model": "RetinaFaces"}