{"name": "382_Ayagaures_frame_19_00_22_000.jpg", "num_faces": 2, "faces": {"0": {"posX": 128, "posY": 71, "width": 141, "height": 90, "score": 0.987602174282074}, "1": {"posX": 34, "posY": 23, "width": 74, "height": 74, "score": 0.9765133261680603}}, "model": "RetinaFaces"}