{"name": "713_Ayagaures_frame_18_00_46_000.jpg", "num_faces": 2, "faces": {"0": {"posX": 41, "posY": 27, "width": 69, "height": 61, "score": 0.9975365400314331}, "1": {"posX": -2, "posY": 32, "width": 5, "height": 42, "score": 0.9208744168281555}}, "model": "RetinaFaces"}