{"name": "713_Ayagaures_frame_18_00_47_000.jpg", "num_faces": 2, "faces": {"0": {"posX": 63, "posY": 26, "width": 96, "height": 68, "score": 0.9956179857254028}, "1": {"posX": 138, "posY": 51, "width": 149, "height": 65, "score": 0.9788590669631958}}, "model": "RetinaFaces"}