{"name": "673_Teror_frame_02_31_55_000.jpg", "num_faces": 2, "faces": {"0": {"posX": 57, "posY": 28, "width": 91, "height": 71, "score": 0.9556196331977844}, "1": {"posX": 26, "posY": 136, "width": 37, "height": 153, "score": 0.8284579515457153}}, "model": "RetinaFaces"}