{"name": "309_Teror_frame_01_56_05_000.jpg", "num_faces": 4, "faces": {"0": {"posX": 68, "posY": 71, "width": 143, "height": 161, "score": 0.9578627943992615}, "1": {"posX": 39, "posY": 101, "width": 54, "height": 121, "score": 0.9564199447631836}, "2": {"posX": 209, "posY": 96, "width": 222, "height": 118, "score": 0.8684481382369995}, "3": {"posX": -3, "posY": 79, "width": 11, "height": 103, "score": 0.797755241394043}}, "model": ""}