{"name": "309_Arucas_frame_01_24_24_000.jpg", "num_faces": 2, "faces": {"0": {"posX": -8, "posY": 91, "width": 11, "height": 122, "score": 0.9662050604820251}, "2": {"posX": 109, "posY": 51, "width": 167, "height": 112, "score": 0.9530607461929321}}, "model": ""}