{"name": "317_Arucas_frame_01_21_13_000.jpg", "num_faces": 2, "faces": {"0": {"posX": 11, "posY": 14, "width": 32, "height": 43, "score": 0.9950138926506042}, "1": {"posX": -15, "posY": 55, "width": 11, "height": 101, "score": 0.8260639309883118}}, "model": "RetinaFaces"}