{"name": "639_Teror_frame_03_18_31_000.jpg", "num_faces": 2, "faces": {"0": {"posX": 177, "posY": 78, "width": 193, "height": 97, "score": 0.9743077754974365}, "1": {"posX": 56, "posY": 33, "width": 108, "height": 98, "score": 0.968296229839325}}, "model": "Img2Pose"}