{"name": "594_PresaDeHornos_frame_13_28_13_000.jpg", "num_faces": 2, "faces": {"0": {"posX": 56, "posY": 16, "width": 87, "height": 55, "score": 0.9810305833816528}, "1": {"posX": 73, "posY": 325, "width": 85, "height": 340, "score": 0.8037075400352478}}, "model": "Img2Pose"}