{"name": "442_PresaDeHornos_frame_13_33_25_000.jpg", "num_faces": 2, "faces": {"0": {"posX": 68, "posY": 116, "width": 75, "height": 125, "score": 0.9632344245910645}, "1": {"posX": 70, "posY": 36, "width": 93, "height": 63, "score": 0.8796420693397522}}, "model": "Img2Pose"}