{"name": "630_Teror_frame_02_39_54_000.jpg", "num_faces": 2, "faces": {"0": {"posX": 308, "posY": 102, "width": 336, "height": 137, "score": 0.9919379353523254}, "1": {"posX": 81, "posY": 57, "width": 234, "height": 238, "score": 0.8342708945274353}}, "model": "RetinaFaces"}