{"name": "600_Arucas_frame_01_26_12_000.jpg", "num_faces": 2, "faces": {"0": {"posX": 60, "posY": 24, "width": 80, "height": 49, "score": 0.9725392460823059}, "1": {"posX": 9, "posY": 106, "width": 35, "height": 136, "score": 0.8937219977378845}}, "model": "Img2Pose"}