{"name": "590_Arucas_frame_01_48_45_000.jpg", "num_faces": 3, "faces": {"0": {"posX": 151, "posY": 37, "width": 220, "height": 138, "score": 0.9994122982025146}, "1": {"posX": 48, "posY": 82, "width": 66, "height": 106, "score": 0.9958450198173523}, "2": {"posX": 17, "posY": 87, "width": 37, "height": 112, "score": 0.9958049058914185}}, "model": ""}