{"name": "722_Ayagaures_frame_16_14_39_000.jpg", "num_faces": 2, "faces": {"0": {"posX": 124, "posY": 29, "width": 192, "height": 118, "score": 0.9705285429954529}, "1": {"posX": 71, "posY": 526, "width": 87, "height": 544, "score": 0.9562923312187195}}, "model": ""}