{"name": "61_Arucas_frame_01_39_14_000.jpg", "num_faces": 3, "faces": {"0": {"posX": 125, "posY": 60, "width": 209, "height": 161, "score": 0.9883578419685364}, "1": {"posX": 284, "posY": 108, "width": 300, "height": 129, "score": 0.9069356918334961}, "2": {"posX": 253, "posY": 105, "width": 275, "height": 132, "score": 0.8042627573013306}}, "model": "Img2Pose"}