{"name": "61_Arucas_frame_01_39_13_000.jpg", "num_faces": 2, "faces": {"0": {"posX": 94, "posY": 63, "width": 156, "height": 139, "score": 0.9759806394577026}, "1": {"posX": 189, "posY": 38, "width": 212, "height": 65, "score": 0.8875815868377686}}, "model": "Img2Pose"}