{"name": "12_Arucas_frame_01_31_34_000.jpg", "num_faces": 2, "faces": {"0": {"posX": 0, "posY": 180, "width": 23, "height": 220, "score": 0.9333491325378418}, "1": {"posX": 50, "posY": 161, "width": 73, "height": 191, "score": 0.8676576614379883}}, "model": ""}