{"name": "183_Teror_frame_02_32_37_000.jpg", "num_faces": 2, "faces": {"0": {"posX": 251, "posY": 4, "width": 288, "height": 54, "score": 0.9816540479660034}, "1": {"posX": 121, "posY": 42, "width": 204, "height": 145, "score": 0.8427725434303284}}, "model": "Img2Pose"}