{"name": "271_PresaDeHornos_frame_13_41_35_000.jpg", "num_faces": 2, "faces": {"0": {"posX": 73, "posY": 26, "width": 110, "height": 77, "score": 0.9997779726982117}, "1": {"posX": 107, "posY": 361, "width": 127, "height": 381, "score": 0.7917331457138062}}}