{"name": "693_Teror_frame_02_28_40_000.jpg", "num_faces": 2, "faces": {"0": {"posX": 48, "posY": 36, "width": 87, "height": 80, "score": 0.9766948223114014}, "1": {"posX": 99, "posY": 42, "width": 112, "height": 63, "score": 0.8957521915435791}}, "model": "RetinaFaces"}