{"name": "693_Arucas_frame_01_37_39_000.jpg", "num_faces": 2, "faces": {"0": {"posX": 17, "posY": 75, "width": 34, "height": 101, "score": 0.9790298938751221}, "1": {"posX": 1, "posY": 74, "width": 22, "height": 102, "score": 0.7272486686706543}}, "model": "RetinaFaces"}