{"name": "693_Teror_frame_02_28_43_000.jpg", "num_faces": 2, "faces": {"0": {"posX": 95, "posY": 59, "width": 191, "height": 169, "score": 0.9989245533943176}, "1": {"posX": 26, "posY": 160, "width": 48, "height": 190, "score": 0.9974275231361389}}, "model": "RetinaFaces"}