{"name": "693_Teror_frame_02_28_39_000.jpg", "num_faces": 2, "faces": {"0": {"posX": 0, "posY": 29, "width": 14, "height": 47, "score": 0.9666310548782349}, "1": {"posX": 30, "posY": 29, "width": 60, "height": 62, "score": 0.7651707530021667}}, "model": "RetinaFaces"}