{"name": "425_Arucas_frame_01_53_18_000.jpg", "num_faces": 2, "faces": {"0": {"posX": 35, "posY": 116, "width": 58, "height": 155, "score": 0.9432356953620911}, "1": {"posX": -10, "posY": 116, "width": 8, "height": 145, "score": 0.9023662805557251}}, "model": ""}