{"name": "233_Arucas_frame_01_52_27_000.jpg", "num_faces": 2, "faces": {"0": {"posX": -1, "posY": 73, "width": 25, "height": 113, "score": 0.9940839409828186}, "1": {"posX": 27, "posY": 64, "width": 50, "height": 97, "score": 0.9487388730049133}}, "model": "RetinaFaces"}