{"name": "625_PresaDeHornos_frame_12_59_23_000.jpg", "num_faces": 2, "faces": {"0": {"posX": 57, "posY": 35, "width": 94, "height": 80, "score": 0.9989792108535767}, "1": {"posX": 16, "posY": 159, "width": 39, "height": 179, "score": 0.9674146175384521}}, "model": "RetinaFaces"}