{"name": "722_ParqueSur_frame_18_23_19_500.jpg", "num_faces": 2, "faces": {"0": {"posX": 54, "posY": 22, "width": 78, "height": 51, "score": 0.988224983215332}, "1": {"posX": 62, "posY": 260, "width": 73, "height": 274, "score": 0.943839967250824}}, "model": "Img2Pose"}