{"name": "757_Arucas_frame_01_29_01_000.jpg", "num_faces": 2, "faces": {"0": {"posX": 46, "posY": 121, "width": 69, "height": 148, "score": 0.9808331727981567}, "1": {"posX": 67, "posY": 72, "width": 89, "height": 97, "score": 0.8554583191871643}}, "model": "Img2Pose"}