{"name": "757_Arucas_frame_01_29_00_000.jpg", "num_faces": 2, "faces": {"0": {"posX": 66, "posY": 9, "width": 101, "height": 52, "score": 0.9818412065505981}, "1": {"posX": 18, "posY": 22, "width": 63, "height": 76, "score": 0.8966659903526306}}, "model": "Img2Pose"}