{"name": "757_Arucas_frame_01_28_59_000.jpg", "num_faces": 2, "faces": {"0": {"posX": 167, "posY": 59, "width": 193, "height": 91, "score": 0.9152020215988159}, "1": {"posX": 39, "posY": 12, "width": 72, "height": 51, "score": 0.8766394853591919}}, "model": "Img2Pose"}