{"name": "627_Teror_frame_02_29_54_000.jpg", "num_faces": 2, "faces": {"0": {"posX": 170, "posY": 65, "width": 184, "height": 82, "score": 0.8734977841377258}, "1": {"posX": 63, "posY": 22, "width": 112, "height": 82, "score": 0.8297423720359802}}, "model": "Img2Pose"}