{"name": "214_Arucas_frame_01_29_08_000.jpg", "num_faces": 3, "faces": {"0": {"posX": -4, "posY": 166, "width": 19, "height": 200, "score": 0.995486319065094}, "1": {"posX": 29, "posY": 50, "width": 50, "height": 78, "score": 0.9919845461845398}, "2": {"posX": 22, "posY": 34, "width": 40, "height": 55, "score": 0.9898932576179504}}}