{"name": "162_Teror_frame_02_29_37_000.jpg", "num_faces": 2, "faces": {"0": {"posX": 8, "posY": 64, "width": 30, "height": 93, "score": 0.9989389777183533}, "1": {"posX": 73, "posY": 426, "width": 93, "height": 459, "score": 0.9544572234153748}}, "model": "RetinaFaces"}