{"name": "162_PresaDeHornos_frame_13_47_25_000.jpg", "num_faces": 2, "faces": {"0": {"posX": 70, "posY": 27, "width": 101, "height": 63, "score": 0.991877555847168}, "1": {"posX": 114, "posY": 150, "width": 141, "height": 188, "score": 0.88060063123703}}, "model": "RetinaFaces"}