{"name": "162_Teror_frame_02_29_39_000.jpg", "num_faces": 2, "faces": {"0": {"posX": 18, "posY": 107, "width": 45, "height": 142, "score": 0.9959983825683594}, "1": {"posX": 76, "posY": 33, "width": 139, "height": 117, "score": 0.9486582279205322}}, "model": "RetinaFaces"}