{"name": "130_Arucas_frame_01_34_33_000.jpg", "num_faces": 2, "faces": {"0": {"posX": 102, "posY": 33, "width": 159, "height": 108, "score": 0.9936116337776184}, "1": {"posX": 62, "posY": 37, "width": 78, "height": 59, "score": 0.9626376032829285}}, "model": "RetinaFaces"}