{"name": "130_Arucas_frame_01_34_32_000.jpg", "num_faces": 3, "faces": {"0": {"posX": 80, "posY": 28, "width": 124, "height": 90, "score": 0.9902175068855286}, "1": {"posX": 149, "posY": 7, "width": 165, "height": 25, "score": 0.9176926016807556}, "2": {"posX": 145, "posY": 36, "width": 163, "height": 59, "score": 0.7158254981040955}}, "model": "RetinaFaces"}