{"name": "109_Arucas_frame_01_45_51_000.jpg", "num_faces": 3, "faces": {"0": {"posX": 302, "posY": 230, "width": 325, "height": 257, "score": 0.9434193968772888}, "1": {"posX": 53, "posY": 120, "width": 71, "height": 142, "score": 0.8684145212173462}, "2": {"posX": 99, "posY": 131, "width": 118, "height": 153, "score": 0.8166218400001526}}, "model": ""}