{"name": "65_ParqueSur_frame_14_20_02_000.jpg", "num_faces": 2, "faces": {"0": {"posX": 69, "posY": 13, "width": 96, "height": 47, "score": 0.9994882345199585}, "1": {"posX": 5, "posY": 47, "width": 12, "height": 57, "score": 0.9772895574569702}}, "model": "RetinaFaces"}