{"name": "65_Teror_frame_01_28_58_000.jpg", "num_faces": 2, "faces": {"0": {"posX": 174, "posY": 22, "width": 188, "height": 41, "score": 0.995914876461029}, "1": {"posX": 138, "posY": 31, "width": 148, "height": 47, "score": 0.9030237793922424}}, "model": "RetinaFaces"}