{"name": "759_Arucas_frame_01_42_30_000.jpg", "num_faces": 2, "faces": {"0": {"posX": 89, "posY": 58, "width": 123, "height": 98, "score": 0.924258291721344}, "1": {"posX": 33, "posY": 26, "width": 46, "height": 43, "score": 0.8262482285499573}}, "model": "Img2Pose"}