{"name": "142_Arucas_frame_01_47_21_000.jpg", "num_faces": 2, "faces": {"0": {"posX": 41, "posY": 33, "width": 61, "height": 57, "score": 0.9110414981842041}, "1": {"posX": 20, "posY": 47, "width": 32, "height": 60, "score": 0.812219500541687}}}