{"name": "180_Teror_frame_03_10_34_000.jpg", "num_faces": 2, "faces": {"0": {"posX": 9, "posY": 207, "width": 24, "height": 224, "score": 0.9432826638221741}, "1": {"posX": 102, "posY": 46, "width": 181, "height": 142, "score": 0.850559413433075}}, "model": ""}