{"name": "769_Ayagaures_frame_17_52_07_000.jpg", "num_faces": 2, "faces": {"0": {"posX": 41, "posY": 29, "width": 70, "height": 68, "score": 0.9924312829971313}, "1": {"posX": 10, "posY": 163, "width": 28, "height": 187, "score": 0.737843930721283}}, "model": "RetinaFaces"}