{"name": "769_Arucas_frame_01_45_08_000.jpg", "num_faces": 2, "faces": {"0": {"posX": 15, "posY": 76, "width": 49, "height": 120, "score": 0.9992305040359497}, "1": {"posX": 41, "posY": 56, "width": 67, "height": 90, "score": 0.9746332764625549}}, "model": "RetinaFaces"}