{"name": "769_Teror_frame_02_32_12_000.jpg", "num_faces": 2, "faces": {"0": {"posX": 17, "posY": 75, "width": 26, "height": 86, "score": 0.9916654229164124}, "1": {"posX": 72, "posY": 25, "width": 121, "height": 86, "score": 0.9906708002090454}}, "model": "RetinaFaces"}