{"name": "603_Arucas_frame_01_45_55_000.jpg", "num_faces": 2, "faces": {"0": {"posX": 29, "posY": 0, "width": 46, "height": 25, "score": 0.9980486631393433}, "1": {"posX": 70, "posY": 15, "width": 87, "height": 38, "score": 0.9218170642852783}}, "model": "RetinaFaces"}