{"name": "222_Teror_frame_02_03_15_000.jpg", "num_faces": 2, "faces": {"0": {"posX": 184, "posY": 32, "width": 199, "height": 54, "score": 0.9509326815605164}, "1": {"posX": 104, "posY": 34, "width": 115, "height": 48, "score": 0.8744149208068848}}, "model": "RetinaFaces"}