{"name": "515_Arucas_frame_01_52_23_000.jpg", "num_faces": 2, "faces": {"0": {"posX": 3, "posY": 92, "width": 34, "height": 129, "score": 0.9702181220054626}, "1": {"posX": 30, "posY": 82, "width": 52, "height": 107, "score": 0.8390368223190308}}, "model": ""}