{"name": "716_Teror_frame_02_20_35_000.jpg", "num_faces": 2, "faces": {"0": {"posX": 24, "posY": 121, "width": 47, "height": 147, "score": 0.9560165405273438}, "1": {"posX": 86, "posY": 63, "width": 155, "height": 152, "score": 0.837410569190979}}, "model": ""}