{"name": "498_Arucas_frame_01_41_21_000.jpg", "num_faces": 5, "faces": {"0": {"posX": 31, "posY": 150, "width": 47, "height": 170, "score": 0.9869287014007568}, "1": {"posX": 48, "posY": 98, "width": 62, "height": 117, "score": 0.8999717831611633}, "2": {"posX": 44, "posY": 132, "width": 60, "height": 150, "score": 0.8975479602813721}, "3": {"posX": 89, "posY": 113, "width": 103, "height": 132, "score": 0.8927820920944214}, "4": {"posX": 68, "posY": 119, "width": 83, "height": 138, "score": 0.7658712863922119}}, "model": "RetinaFaces"}