{"name": "686_Teror_frame_02_32_34_000.jpg", "num_faces": 2, "faces": {"0": {"posX": 60, "posY": 22, "width": 89, "height": 56, "score": 0.9967511892318726}, "1": {"posX": 31, "posY": 54, "width": 45, "height": 72, "score": 0.9917102456092834}}, "model": "RetinaFaces"}