{"name": "565_Teror_frame_02_15_57_000.jpg", "num_faces": 2, "faces": {"0": {"posX": 353, "posY": 204, "width": 376, "height": 234, "score": 0.8831527829170227}, "1": {"posX": 63, "posY": -23, "width": 240, "height": 195, "score": 0.7763531804084778}}, "model": "RetinaFaces"}