{"name": "391_Arucas_frame_01_53_20_000.jpg", "num_faces": 2, "faces": {"0": {"posX": 0, "posY": 76, "width": 22, "height": 112, "score": 0.9469366669654846}, "1": {"posX": 219, "posY": 0, "width": 236, "height": 14, "score": 0.8490099310874939}}, "model": "Img2Pose"}