{"name": "215_ParqueSur_frame_18_11_06_500.jpg", "num_faces": 2, "faces": {"0": {"posX": 51, "posY": 16, "width": 74, "height": 45, "score": 0.9775535464286804}, "1": {"posX": 45, "posY": 94, "width": 56, "height": 107, "score": 0.8176252841949463}}, "model": "Img2Pose"}