{"name": "215_Teror_frame_01_45_41_000.jpg", "num_faces": 4, "faces": {"0": {"posX": 58, "posY": 88, "width": 74, "height": 107, "score": 0.9819031953811646}, "1": {"posX": 91, "posY": 30, "width": 143, "height": 94, "score": 0.9686628580093384}, "2": {"posX": 22, "posY": 104, "width": 38, "height": 124, "score": 0.9681734442710876}, "3": {"posX": 210, "posY": 97, "width": 224, "height": 114, "score": 0.9636141657829285}}, "model": "Img2Pose"}