{"name": "155_Arucas_frame_01_33_04_000.jpg", "num_faces": 2, "faces": {"0": {"posX": 4, "posY": 33, "width": 28, "height": 65, "score": 0.984875500202179}, "1": {"posX": 89, "posY": 33, "width": 130, "height": 85, "score": 0.9383438229560852}}, "model": "RetinaFaces"}