,Face_Model,Heuristics,Identification_Model,Metric,Values,mAPtop1,mAPtop5,Probe_place,Gallery_place
0,retinaface,dimension,VGG-Face,cosine,"0.6929824561403509,0.7456140350877193,0.7543859649122807,0.7543859649122807,0.7631578947368421,0.7719298245614035,0.7719298245614035,0.7807017543859649,0.7807017543859649,0.7894736842105263,0.7982456140350878,0.8070175438596491,0.8070175438596491,0.8070175438596491,0.8070175438596491,0.8157894736842105,0.8157894736842105,0.8157894736842105,0.8157894736842105,0.8157894736842105,0.8157894736842105,0.8333333333333334,0.8333333333333334,0.8333333333333334,0.8333333333333334,0.8421052631578947,0.8421052631578947,0.8421052631578947,0.8421052631578947,0.8508771929824561,0.8508771929824561,0.868421052631579,0.868421052631579,0.868421052631579,0.868421052631579,0.868421052631579,0.868421052631579,0.8771929824561403,0.8771929824561403,0.8771929824561403,0.8771929824561403,0.8771929824561403,0.8771929824561403,0.8771929824561403,0.8771929824561403,0.8771929824561403,0.8771929824561403,0.8771929824561403,0.8771929824561403,0.8771929824561403,0.8859649122807017,0.8947368421052632,0.8947368421052632,0.8947368421052632,0.9035087719298246,0.9035087719298246,0.9035087719298246,0.9035087719298246,0.9035087719298246,0.9122807017543859,0.9122807017543859,0.9122807017543859,0.9122807017543859,0.9122807017543859,0.9122807017543859,0.9122807017543859,0.9122807017543859,0.9122807017543859,0.9122807017543859,0.9122807017543859,0.9210526315789473,0.9210526315789473,0.9210526315789473,0.9210526315789473,0.9210526315789473,0.9210526315789473,0.9210526315789473,0.9210526315789473,0.9210526315789473,0.9210526315789473,0.9210526315789473,0.9210526315789473,0.9210526315789473,0.9298245614035088,0.9385964912280702,0.9385964912280702,0.9385964912280702,0.9385964912280702,0.9385964912280702,0.9385964912280702,0.9385964912280702,0.9385964912280702,0.9473684210526315,0.9473684210526315,0.9473684210526315,0.9473684210526315,0.9473684210526315,0.9473684210526315,0.9473684210526315,0.956140350877193,0.956140350877193,0.956140350877193,0.956140350877193,0.956140350877193,0.956140350877193,0.956140350877193,0.9649122807017544",0.4131578947368421,0.42192982456140354,Ayagaures,ParqueSur
