{"name": "671_Teror_frame_01_58_01_000.jpg", "num_faces": 2, "faces": {"0": {"posX": 42, "posY": 36, "width": 59, "height": 61, "score": 0.9529855847358704}, "1": {"posX": 211, "posY": 35, "width": 222, "height": 54, "score": 0.8554753065109253}}, "model": "RetinaFaces"}