{"name": "671_Arucas_frame_01_25_07_000.jpg", "num_faces": 2, "faces": {"0": {"posX": -7, "posY": 51, "width": 10, "height": 81, "score": 0.9840170741081238}, "1": {"posX": 18, "posY": 89, "width": 46, "height": 121, "score": 0.9744923114776611}}, "model": "RetinaFaces"}