{"name": "616_Arucas_frame_01_22_34_000.jpg", "num_faces": 2, "faces": {"0": {"posX": 62, "posY": 33, "width": 82, "height": 58, "score": 0.9940285682678223}, "1": {"posX": 22, "posY": 63, "width": 41, "height": 91, "score": 0.9814459681510925}}, "model": "RetinaFaces"}