{"name": "300_Teror_frame_02_10_14_000.jpg", "num_faces": 3, "faces": {"0": {"posX": 60, "posY": 27, "width": 102, "height": 75, "score": 0.9881303310394287}, "1": {"posX": 27, "posY": 40, "width": 40, "height": 57, "score": 0.9710139632225037}, "2": {"posX": 110, "posY": 51, "width": 132, "height": 75, "score": 0.9629177451133728}}, "model": "RetinaFaces"}