{"name": "300_PresaDeHornos_frame_11_33_43_000.jpg", "num_faces": 2, "faces": {"0": {"posX": 82, "posY": 37, "width": 116, "height": 80, "score": 0.9333392977714539}, "1": {"posX": 19, "posY": 189, "width": 33, "height": 207, "score": 0.7424508929252625}}, "model": "RetinaFaces"}