{"name": "611_Ayagaures_frame_18_18_59_000.jpg", "num_faces": 2, "faces": {"0": {"posX": 136, "posY": 36, "width": 236, "height": 152, "score": 0.9740962386131287}, "1": {"posX": 302, "posY": 212, "width": 322, "height": 235, "score": 0.9454899430274963}}, "model": ""}