{"name": "489_Teror_frame_02_14_29_000.jpg", "num_faces": 2, "faces": {"0": {"posX": 145, "posY": 54, "width": 160, "height": 73, "score": 0.9742094874382019}, "1": {"posX": 58, "posY": 35, "width": 97, "height": 83, "score": 0.9685444235801697}}, "model": "RetinaFaces"}