{"name": "102_PresaDeHornos_frame_13_16_09_000.jpg", "num_faces": 3, "faces": {"0": {"posX": 16, "posY": 32, "width": 24, "height": 41, "score": 0.9918151497840881}, "1": {"posX": 48, "posY": 184, "width": 83, "height": 216, "score": 0.8365620970726013}, "2": {"posX": 47, "posY": 20, "width": 70, "height": 49, "score": 0.8057548999786377}}, "model": "RetinaFaces"}