{"name": "44_Ayagaures_frame_15_10_55_000.jpg", "num_faces": 2, "faces": {"0": {"posX": 35, "posY": 15, "width": 111, "height": 110, "score": 0.9758541584014893}, "1": {"posX": 196, "posY": 168, "width": 232, "height": 210, "score": 0.9002122282981873}}, "model": ""}