{"name": "661_Ayagaures_frame_18_19_17_000.jpg", "num_faces": 2, "faces": {"0": {"posX": 51, "posY": 23, "width": 81, "height": 61, "score": 0.9966136813163757}, "1": {"posX": 22, "posY": 45, "width": 38, "height": 65, "score": 0.9941224455833435}}, "model": "RetinaFaces"}