{"name": "750_Teror_frame_02_33_28_000.jpg", "num_faces": 2, "faces": {"0": {"posX": 249, "posY": 71, "width": 265, "height": 91, "score": 0.8906252980232239}, "1": {"posX": 112, "posY": 28, "width": 158, "height": 84, "score": 0.8404911756515503}}, "model": "RetinaFaces"}