{"name": "85_Arucas_frame_01_40_46_000.jpg", "num_faces": 2, "faces": {"0": {"posX": 18, "posY": 56, "width": 41, "height": 84, "score": 0.9910456538200378}, "1": {"posX": 6, "posY": 102, "width": 30, "height": 130, "score": 0.9104940295219421}}, "model": "RetinaFaces"}