{"name": "85_Teror_frame_02_40_40_000.jpg", "num_faces": 2, "faces": {"0": {"posX": 79, "posY": 21, "width": 96, "height": 44, "score": 0.9987412095069885}, "1": {"posX": 46, "posY": 81, "width": 73, "height": 104, "score": 0.7388939261436462}}, "model": "RetinaFaces"}