{"name": "416_Arucas_frame_01_29_34_000.jpg", "num_faces": 2, "faces": {"0": {"posX": 48, "posY": 38, "width": 89, "height": 86, "score": 0.9583927989006042}, "1": {"posX": 74, "posY": 31, "width": 83, "height": 43, "score": 0.9449489712715149}}, "model": "Img2Pose"}