{"name": "416_Teror_frame_02_09_17_000.jpg", "num_faces": 2, "faces": {"0": {"posX": 22, "posY": 36, "width": 39, "height": 56, "score": 0.9324870705604553}, "1": {"posX": 40, "posY": 25, "width": 74, "height": 67, "score": 0.8335999250411987}}, "model": "Img2Pose"}