{"name": "416_Arucas_frame_01_29_36_000.jpg", "num_faces": 3, "faces": {"0": {"posX": 109, "posY": 32, "width": 176, "height": 115, "score": 0.969642698764801}, "1": {"posX": 188, "posY": 16, "width": 215, "height": 50, "score": 0.9522038102149963}, "2": {"posX": 0, "posY": 104, "width": 27, "height": 141, "score": 0.9049051403999329}}, "model": "Img2Pose"}