{"name": "566_Teror_frame_03_11_08_000.jpg", "num_faces": 2, "faces": {"0": {"posX": 83, "posY": 41, "width": 138, "height": 108, "score": 0.9400142431259155}, "1": {"posX": 37, "posY": 99, "width": 57, "height": 121, "score": 0.9057626128196716}}, "model": "Img2Pose"}