{"name": "819_Arucas_frame_01_47_02_000.jpg", "num_faces": 2, "faces": {"0": {"posX": 88, "posY": 70, "width": 133, "height": 125, "score": 0.9215185046195984}, "1": {"posX": 146, "posY": 293, "width": 157, "height": 310, "score": 0.7295443415641785}}, "model": "RetinaFaces"}