{"name": "54_Teror_frame_01_48_34_000.jpg", "num_faces": 2, "faces": {"0": {"posX": 35, "posY": 50, "width": 49, "height": 68, "score": 0.9838641881942749}, "1": {"posX": 65, "posY": 31, "width": 104, "height": 79, "score": 0.9552157521247864}}, "model": "Img2Pose"}