{"name": "5_ParqueSur_frame_15_02_00_000.jpg", "num_faces": 2, "faces": {"0": {"posX": 58, "posY": 30, "width": 86, "height": 65, "score": 0.9920227527618408}, "1": {"posX": 66, "posY": 315, "width": 89, "height": 339, "score": 0.9362496733665466}}, "model": "RetinaFaces"}