{"name": "363_Arucas_frame_01_50_58_000.jpg", "num_faces": 3, "faces": {"0": {"posX": 115, "posY": 97, "width": 136, "height": 124, "score": 0.9770364165306091}, "1": {"posX": 135, "posY": 93, "width": 150, "height": 113, "score": 0.9095985293388367}, "2": {"posX": 112, "posY": 84, "width": 133, "height": 112, "score": 0.8159987330436707}}, "model": "RetinaFaces"}