{"name": "264_Arucas_frame_01_28_29_000.jpg", "num_faces": 3, "faces": {"0": {"posX": -1, "posY": 87, "width": 27, "height": 133, "score": 0.9952062964439392}, "1": {"posX": 100, "posY": 44, "width": 163, "height": 129, "score": 0.9551899433135986}, "2": {"posX": -3, "posY": 108, "width": 20, "height": 148, "score": 0.8930372595787048}}, "model": "RetinaFaces"}