{"name": "264_Arucas_frame_01_28_30_000.jpg", "num_faces": 2, "faces": {"0": {"posX": 150, "posY": 59, "width": 219, "height": 152, "score": 0.9844855070114136}, "1": {"posX": 0, "posY": 200, "width": 26, "height": 246, "score": 0.9084648489952087}}, "model": "RetinaFaces"}