{"name": "744_Arucas_frame_01_37_36_000.jpg", "num_faces": 3, "faces": {"0": {"posX": -2, "posY": 57, "width": 16, "height": 83, "score": 0.9890570044517517}, "1": {"posX": 80, "posY": 38, "width": 101, "height": 65, "score": 0.9550941586494446}, "2": {"posX": 104, "posY": 36, "width": 117, "height": 52, "score": 0.8839389681816101}}, "model": "RetinaFaces"}