{"name": "744_Arucas_frame_01_37_37_000.jpg", "num_faces": 2, "faces": {"0": {"posX": 45, "posY": 85, "width": 65, "height": 111, "score": 0.964832603931427}, "1": {"posX": 68, "posY": 84, "width": 82, "height": 102, "score": 0.7567182779312134}}, "model": "RetinaFaces"}