{"name": "491_PresaDeHornos_frame_12_19_31_000.jpg", "num_faces": 2, "faces": {"0": {"posX": 48, "posY": 12, "width": 73, "height": 43, "score": 0.9844852685928345}, "1": {"posX": 61, "posY": 181, "width": 84, "height": 209, "score": 0.8176907300949097}}, "model": "Img2Pose"}