{"name": "373_Arucas_frame_01_51_52_000.jpg", "num_faces": 2, "faces": {"0": {"posX": 53, "posY": 113, "width": 71, "height": 140, "score": 0.9930945634841919}, "1": {"posX": 70, "posY": 109, "width": 86, "height": 131, "score": 0.97196364402771}}, "model": ""}