{"name": "373_Arucas_frame_01_51_53_000.jpg", "num_faces": 2, "faces": {"0": {"posX": 24, "posY": 114, "width": 47, "height": 140, "score": 0.9979798197746277}, "1": {"posX": 44, "posY": 115, "width": 59, "height": 134, "score": 0.7400388717651367}}, "model": ""}