{"name": "613_Teror_frame_02_21_41_000.jpg", "num_faces": 2, "faces": {"0": {"posX": 53, "posY": 28, "width": 91, "height": 75, "score": 0.9520665407180786}, "1": {"posX": 96, "posY": 92, "width": 114, "height": 113, "score": 0.817906379699707}}, "model": "Img2Pose"}