{"name": "613_Arucas_frame_01_27_26_000.jpg", "num_faces": 3, "faces": {"0": {"posX": 80, "posY": 26, "width": 132, "height": 90, "score": 0.9663698077201843}, "1": {"posX": 37, "posY": 2, "width": 57, "height": 27, "score": 0.8929998874664307}, "2": {"posX": 21, "posY": 36, "width": 44, "height": 64, "score": 0.8470160365104675}}, "model": "Img2Pose"}