{"name": "121_Arucas_frame_01_28_08_000.jpg", "num_faces": 4, "faces": {"0": {"posX": 50, "posY": 18, "width": 68, "height": 40, "score": 0.9944344162940979}, "1": {"posX": 63, "posY": 43, "width": 83, "height": 67, "score": 0.9895663261413574}, "2": {"posX": 45, "posY": 76, "width": 69, "height": 103, "score": 0.9248299598693848}, "3": {"posX": 25, "posY": 74, "width": 43, "height": 95, "score": 0.8516895174980164}}, "model": "Img2Pose"}