{"name": "691_Teror_frame_03_15_29_000.jpg", "num_faces": 2, "faces": {"0": {"posX": 71, "posY": 34, "width": 127, "height": 106, "score": 0.989990234375}, "1": {"posX": 203, "posY": 19, "width": 216, "height": 36, "score": 0.7143200635910034}}, "model": "RetinaFaces"}