{"name": "795_Teror_frame_02_19_31_000.jpg", "num_faces": 2, "faces": {"0": {"posX": 422, "posY": 245, "width": 446, "height": 273, "score": 0.9884136319160461}, "1": {"posX": 37, "posY": 30, "width": 186, "height": 208, "score": 0.9272103309631348}}, "model": ""}