{"name": "279_Arucas_frame_01_26_01_000.jpg", "num_faces": 2, "faces": {"0": {"posX": 348, "posY": 87, "width": 373, "height": 107, "score": 0.8894789218902588}, "1": {"posX": 319, "posY": 149, "width": 342, "height": 178, "score": 0.8203726410865784}}, "model": ""}