{"name": "277_Arucas_frame_01_31_22_000.jpg", "num_faces": 2, "faces": {"0": {"posX": 186, "posY": 26, "width": 274, "height": 142, "score": 0.9757344722747803}, "1": {"posX": 42, "posY": 173, "width": 56, "height": 193, "score": 0.9500396847724915}}}