{"name": "277_Arucas_frame_01_31_20_000.jpg", "num_faces": 2, "faces": {"0": {"posX": -10, "posY": 144, "width": 8, "height": 175, "score": 0.9555546641349792}, "1": {"posX": 77, "posY": 48, "width": 126, "height": 106, "score": 0.8448823690414429}}}