{"name": "277_Teror_frame_02_10_06_000.jpg", "num_faces": 2, "faces": {"0": {"posX": 43, "posY": 23, "width": 71, "height": 55, "score": 0.9879235625267029}, "1": {"posX": 126, "posY": 38, "width": 137, "height": 54, "score": 0.7686785459518433}}}