{"name": "31_Teror_frame_01_50_42_000.jpg", "num_faces": 2, "faces": {"1": {"posX": 57, "posY": 29, "width": 123, "height": 112, "score": 0.960212767124176}, "4": {"posX": 238, "posY": 84, "width": 256, "height": 107, "score": 0.87646484375}}, "model": ""}