{"name": "204_Teror_frame_01_41_50_000.jpg", "num_faces": 2, "faces": {"0": {"posX": 49, "posY": 21, "width": 88, "height": 73, "score": 0.9895774126052856}, "1": {"posX": 103, "posY": 17, "width": 119, "height": 38, "score": 0.9677720069885254}}, "model": "RetinaFaces"}