{"name": "445_Arucas_frame_01_38_23_000.jpg", "num_faces": 4, "faces": {"0": {"posX": 50, "posY": 58, "width": 69, "height": 84, "score": 0.9967337846755981}, "1": {"posX": 35, "posY": 31, "width": 51, "height": 54, "score": 0.9931129813194275}, "2": {"posX": 78, "posY": 51, "width": 95, "height": 73, "score": 0.9886267781257629}, "3": {"posX": 2, "posY": 108, "width": 24, "height": 131, "score": 0.7916318774223328}}, "model": "RetinaFaces"}