{"name": "445_Arucas_frame_01_38_22_000.jpg", "num_faces": 4, "faces": {"0": {"posX": 20, "posY": 22, "width": 40, "height": 48, "score": 0.9892829656600952}, "1": {"posX": 13, "posY": 1, "width": 29, "height": 22, "score": 0.9875050783157349}, "2": {"posX": 95, "posY": 43, "width": 144, "height": 100, "score": 0.9805784225463867}, "3": {"posX": 47, "posY": 14, "width": 62, "height": 33, "score": 0.9392271637916565}}, "model": "RetinaFaces"}