{"name": "742_Teror_frame_03_17_51_000.jpg", "num_faces": 2, "faces": {"0": {"posX": 34, "posY": 81, "width": 52, "height": 103, "score": 0.9791156053543091}, "1": {"posX": 98, "posY": 16, "width": 164, "height": 99, "score": 0.9706850647926331}}, "model": "Img2Pose"}