{"name": "436_Arucas_frame_01_48_43_000.jpg", "num_faces": 2, "faces": {"0": {"posX": 179, "posY": 2, "width": 198, "height": 25, "score": 0.9907845258712769}, "1": {"posX": 0, "posY": 91, "width": 25, "height": 128, "score": 0.9809221625328064}}, "model": "Img2Pose"}