{"name": "436_Arucas_frame_01_48_42_000.jpg", "num_faces": 2, "faces": {"0": {"posX": 66, "posY": 1, "width": 87, "height": 27, "score": 0.991068959236145}, "1": {"posX": 94, "posY": 0, "width": 115, "height": 17, "score": 0.8816893696784973}}, "model": "Img2Pose"}