{"name": "436_Teror_frame_02_36_58_000.jpg", "num_faces": 3, "faces": {"0": {"posX": 316, "posY": 207, "width": 339, "height": 233, "score": 0.9800575971603394}, "1": {"posX": 38, "posY": 72, "width": 138, "height": 192, "score": 0.905163586139679}, "2": {"posX": 0, "posY": 132, "width": 34, "height": 175, "score": 0.8179514408111572}}, "model": "Img2Pose"}