{"name": "436_Teror_frame_02_36_59_000.jpg", "num_faces": 2, "faces": {"0": {"posX": 564, "posY": 245, "width": 592, "height": 276, "score": 0.9827026128768921}, "1": {"posX": 66, "posY": 31, "width": 272, "height": 269, "score": 0.8937541842460632}}, "model": "Img2Pose"}