{"name": "700_Teror_frame_03_22_03_000.jpg", "num_faces": 2, "faces": {"0": {"posX": 58, "posY": 16, "width": 99, "height": 65, "score": 0.9049137234687805}, "1": {"posX": 29, "posY": 210, "width": 76, "height": 268, "score": 0.808035135269165}}, "model": "Img2Pose"}