{"name": "346_Arucas_frame_01_44_40_000.jpg", "num_faces": 2, "faces": {"0": {"posX": 114, "posY": 27, "width": 169, "height": 91, "score": 0.967304527759552}, "1": {"posX": 58, "posY": 64, "width": 84, "height": 99, "score": 0.9485203623771667}}, "model": "Img2Pose"}