{"name": "346_Arucas_frame_01_44_42_000.jpg", "num_faces": 2, "faces": {"0": {"posX": 167, "posY": 43, "width": 260, "height": 159, "score": 0.9528713822364807}, "1": {"posX": 90, "posY": 88, "width": 110, "height": 112, "score": 0.8167621493339539}}, "model": "Img2Pose"}