{"name": "346_Arucas_frame_01_44_41_000.jpg", "num_faces": 2, "faces": {"0": {"posX": 105, "posY": 53, "width": 171, "height": 132, "score": 0.9546605348587036}, "1": {"posX": 225, "posY": 30, "width": 239, "height": 47, "score": 0.947096049785614}}, "model": "Img2Pose"}