{"name": "512_Arucas_frame_01_43_18_000.jpg", "num_faces": 2, "faces": {"0": {"posX": 2, "posY": 105, "width": 38, "height": 147, "score": 0.9915183186531067}, "1": {"posX": 33, "posY": 104, "width": 60, "height": 137, "score": 0.8242053389549255}}, "model": ""}