{"name": "447_Teror_frame_02_52_12_000.json", "num_faces": 2, "faces": {"0": {"posX": 79, "posY": 50, "width": 134, "height": 117, "score": 0.9886595010757446}, "1": {"posX": -4, "posY": 53, "width": 35, "height": 105, "score": 0.8876045942306519}}, "model": ""}