{"name": "767_Ayagaures_frame_18_40_00_000.jpg", "num_faces": 2, "faces": {"1": {"posX": 167, "posY": 103, "width": 175, "height": 116, "score": 0.8362785577774048}, "2": {"posX": 28, "posY": 103, "width": 41, "height": 120, "score": 0.717365562915802}}, "model": ""}