{"name": "11_Ayagaures_frame_16_31_40_000.jpg", "num_faces": 3, "faces": {"0": {"posX": 57, "posY": 26, "width": 92, "height": 69, "score": 0.9960328936576843}, "1": {"posX": 121, "posY": 28, "width": 140, "height": 54, "score": 0.9953970313072205}, "2": {"posX": 66, "posY": 393, "width": 94, "height": 425, "score": 0.7881286144256592}}, "model": "RetinaFaces"}