{"name": "278_Ayagaures_frame_17_42_28_000.jpg", "num_faces": 2, "faces": {"0": {"posX": 61, "posY": 31, "width": 97, "height": 78, "score": 0.9954056739807129}, "1": {"posX": 28, "posY": 82, "width": 40, "height": 95, "score": 0.8675791621208191}}, "model": "RetinaFaces"}