{"name": "369_Ayagaures_frame_17_40_27_000.jpg", "num_faces": 2, "faces": {"0": {"posX": 62, "posY": 21, "width": 101, "height": 69, "score": 0.9947340488433838}, "1": {"posX": 137, "posY": 81, "width": 168, "height": 124, "score": 0.9915989637374878}}, "model": "RetinaFaces"}