{"name": "37_Ayagaures_frame_14_23_07_000.jpg", "num_faces": 3, "faces": {"0": {"posX": 149, "posY": 63, "width": 165, "height": 82, "score": 0.9922841191291809}, "1": {"posX": 66, "posY": 27, "width": 102, "height": 71, "score": 0.991746187210083}, "2": {"posX": 44, "posY": 268, "width": 153, "height": 377, "score": 0.717261552810669}}, "model": "RetinaFaces"}