{"name": "392_Ayagaures_frame_16_16_06_000.jpg", "num_faces": 2, "faces": {"0": {"posX": 36, "posY": 39, "width": 84, "height": 96, "score": 0.9948908090591431}, "1": {"posX": 168, "posY": 491, "width": 190, "height": 521, "score": 0.8287889957427979}}, "model": "RetinaFaces"}