{"name": "41_Ayagaures_frame_14_22_19_000.jpg", "num_faces": 2, "faces": {"0": {"posX": 45, "posY": 31, "width": 74, "height": 70, "score": 0.991474986076355}, "1": {"posX": 87, "posY": 58, "width": 96, "height": 69, "score": 0.9309995174407959}}, "model": "RetinaFaces"}