{"name": "44_Ayagaures_frame_15_10_55_000.jpg", "num_faces": 2, "faces": {"0": {"posX": 36, "posY": 31, "width": 105, "height": 119, "score": 0.9987427592277527}, "1": {"posX": 191, "posY": 167, "width": 231, "height": 218, "score": 0.9830275774002075}}, "model": "RetinaFaces"}