{"name": "518_Ayagaures_frame_18_21_37_000.jpg", "num_faces": 2, "faces": {"0": {"posX": 70, "posY": 17, "width": 112, "height": 73, "score": 0.9973439574241638}, "1": {"posX": 157, "posY": 76, "width": 165, "height": 88, "score": 0.7058895230293274}}, "model": "RetinaFaces"}