{"name": "545_Ayagaures_frame_18_15_19_000.jpg", "num_faces": 2, "faces": {"0": {"posX": 55, "posY": 29, "width": 86, "height": 68, "score": 0.9934262037277222}, "1": {"posX": 105, "posY": 75, "width": 113, "height": 86, "score": 0.9584000110626221}}, "model": "RetinaFaces"}