{"name": "57_Ayagaures_frame_17_45_57_000.jpg", "num_faces": 2, "faces": {"0": {"posX": 48, "posY": 28, "width": 75, "height": 65, "score": 0.9975602626800537}, "1": {"posX": -2, "posY": 38, "width": 7, "height": 51, "score": 0.8111827373504639}}, "model": "RetinaFaces"}