{"name": "722_Ayagaures_frame_16_14_38_000.jpg", "num_faces": 2, "faces": {"0": {"posX": 47, "posY": 37, "width": 81, "height": 79, "score": 0.9966495633125305}, "1": {"posX": 28, "posY": 378, "width": 80, "height": 415, "score": 0.794484555721283}}, "model": "RetinaFaces"}