{"name": "762_Ayagaures_frame_17_26_13_000.jpg", "num_faces": 2, "faces": {"0": {"posX": 29, "posY": 22, "width": 50, "height": 47, "score": 0.9876179695129395}, "1": {"posX": 34, "posY": 196, "width": 46, "height": 212, "score": 0.8575173020362854}}, "model": "RetinaFaces"}