{"name": "801_Ayagaures_frame_17_45_08_000.jpg", "num_faces": 2, "faces": {"0": {"posX": 25, "posY": 14, "width": 93, "height": 107, "score": 0.9957433342933655}, "1": {"posX": 1, "posY": 0, "width": 38, "height": 24, "score": 0.8601267337799072}}, "model": "RetinaFaces"}