{"name": "371_Teror_frame_02_42_43_000.jpg", "num_faces": 4, "faces": {"0": {"posX": 215, "posY": 36, "width": 305, "height": 156, "score": 0.9952142238616943}, "1": {"posX": 132, "posY": 82, "width": 178, "height": 141, "score": 0.993950366973877}, "2": {"posX": 466, "posY": 124, "width": 480, "height": 145, "score": 0.9427407383918762}, "3": {"posX": 459, "posY": 139, "width": 473, "height": 157, "score": 0.9227005243301392}}, "model": "RetinaFaces"}