{"name": "493_Teror_frame_03_28_31_000.jpg", "num_faces": 2, "faces": {"0": {"posX": 40, "posY": 24, "width": 69, "height": 59, "score": 0.9582991600036621}, "1": {"posX": 65, "posY": 102, "width": 127, "height": 198, "score": 0.7572547793388367}}, "model": "RetinaFaces"}