{"name": "41_ParqueSur_frame_16_03_39_000.jpg", "num_faces": 2, "faces": {"0": {"posX": 217, "posY": 34, "width": 274, "height": 104, "score": 0.9751230478286743}, "1": {"posX": 135, "posY": 413, "width": 176, "height": 456, "score": 0.919637143611908}}, "model": ""}