{"name": "251_PresaDeHornos_frame_12_38_54_000.jpg", "num_faces": 2, "faces": {"1": {"posX": 57, "posY": 81, "width": 92, "height": 117, "score": 0.7853670716285706}, "2": {"posX": 37, "posY": 114, "width": 51, "height": 131, "score": 0.7004696130752563}}, "model": ""}