{"name": "786_Teror_frame_03_09_57_000.jpg", "num_faces": 2, "faces": {"0": {"posX": 39, "posY": 58, "width": 51, "height": 77, "score": 0.9649981260299683}, "1": {"posX": 73, "posY": 64, "width": 129, "height": 124, "score": 0.956658661365509}}, "model": "RetinaFaces"}