{"name": "239_Arucas_frame_01_32_01_000.jpg", "num_faces": 4, "faces": {"0": {"posX": 13, "posY": 69, "width": 31, "height": 90, "score": 0.9640653133392334}, "1": {"posX": 38, "posY": 80, "width": 55, "height": 99, "score": 0.8928935527801514}, "2": {"posX": 49, "posY": 22, "width": 80, "height": 62, "score": 0.8513690233230591}, "3": {"posX": 52, "posY": 35, "width": 72, "height": 62, "score": 0.821220338344574}}, "model": "Img2Pose"}