{"name": "566_Teror_frame_03_11_08_000.jpg", "num_faces": 2, "faces": {"0": {"posX": 83, "posY": 45, "width": 135, "height": 114, "score": 0.9597545266151428}, "1": {"posX": 43, "posY": 99, "width": 56, "height": 119, "score": 0.8495581150054932}}, "model": "RetinaFaces"}