{"name": "657_Teror_frame_03_17_14_000.jpg", "num_faces": 3, "faces": {"0": {"posX": 70, "posY": 71, "width": 157, "height": 177, "score": 0.9997251629829407}, "1": {"posX": 21, "posY": 150, "width": 52, "height": 187, "score": 0.9945816397666931}, "2": {"posX": 214, "posY": 156, "width": 236, "height": 183, "score": 0.922995924949646}}, "model": ""}