{"name": "500_Arucas_frame_01_41_40_000.jpg", "num_faces": 2, "faces": {"0": {"posX": 97, "posY": 30, "width": 143, "height": 93, "score": 0.8970744609832764}, "1": {"posX": 24, "posY": 90, "width": 43, "height": 117, "score": 0.773383378982544}}, "model": "RetinaFaces"}