{"name": "500_Arucas_frame_01_41_43_000.jpg", "num_faces": 2, "faces": {"0": {"posX": -3, "posY": 143, "width": 16, "height": 175, "score": 0.9576627016067505}, "1": {"posX": 154, "posY": 59, "width": 166, "height": 78, "score": 0.8744655251502991}}, "model": "RetinaFaces"}