{"name": "620_Teror_frame_02_37_10_000.jpg", "num_faces": 2, "faces": {"0": {"posX": 199, "posY": 79, "width": 223, "height": 109, "score": 0.8398836851119995}, "1": {"posX": 244, "posY": 69, "width": 258, "height": 85, "score": 0.8090777397155762}}, "model": "Img2Pose"}