{"name": "55_Ayagaures_frame_13_19_01_000.jpg", "num_faces": 2, "faces": {"0": {"posX": 12, "posY": 69, "width": 74, "height": 156, "score": 0.9895899891853333}, "1": {"posX": -35, "posY": 546, "width": 248, "height": 797, "score": 0.7187409400939941}}, "model": "RetinaFaces"}