{"name": "269_Teror_frame_02_28_43_000.jpg", "num_faces": 3, "faces": {"0": {"posX": 63, "posY": 14, "width": 109, "height": 70, "score": 0.9995276927947998}, "1": {"posX": 143, "posY": 20, "width": 157, "height": 37, "score": 0.9961859583854675}, "2": {"posX": -8, "posY": 4, "width": 20, "height": 44, "score": 0.7250128984451294}}, "model": "RetinaFaces"}