{"name": "269_Teror_frame_02_28_44_000.jpg", "num_faces": 2, "faces": {"0": {"posX": 92, "posY": 19, "width": 151, "height": 95, "score": 0.999725878238678}, "1": {"posX": 59, "posY": 27, "width": 72, "height": 46, "score": 0.9800034165382385}}, "model": "RetinaFaces"}