{"name": "269_Arucas_frame_01_20_46_000.jpg", "num_faces": 3, "faces": {"0": {"posX": 196, "posY": 75, "width": 288, "height": 191, "score": 0.995668888092041}, "1": {"posX": 16, "posY": 103, "width": 47, "height": 142, "score": 0.9863991737365723}, "2": {"posX": 105, "posY": 69, "width": 124, "height": 95, "score": 0.9407617449760437}}, "model": "RetinaFaces"}