{"name": "269_Teror_frame_02_28_45_000.jpg", "num_faces": 2, "faces": {"0": {"posX": 63, "posY": 52, "width": 160, "height": 174, "score": 0.9998044371604919}, "1": {"posX": -17, "posY": 33, "width": 22, "height": 87, "score": 0.9760817885398865}}, "model": "RetinaFaces"}