{"name": "702_Arucas_frame_01_38_01_000.jpg", "num_faces": 2, "faces": {"0": {"posX": 91, "posY": 49, "width": 163, "height": 140, "score": 0.9977028965950012}, "1": {"posX": 4, "posY": 135, "width": 23, "height": 161, "score": 0.7610244154930115}}, "model": ""}