{"name": "702_Teror_frame_02_19_30_000.jpg", "num_faces": 3, "faces": {"0": {"posX": 333, "posY": 139, "width": 354, "height": 165, "score": 0.9976040720939636}, "1": {"posX": 67, "posY": 37, "width": 181, "height": 159, "score": 0.9938197731971741}, "2": {"posX": 307, "posY": 161, "width": 321, "height": 182, "score": 0.8960410356521606}}, "model": ""}