{"name": "629_Arucas_frame_01_51_49_000.jpg", "num_faces": 3, "faces": {"0": {"posX": -1, "posY": 105, "width": 26, "height": 146, "score": 0.9958868622779846}, "1": {"posX": 234, "posY": 65, "width": 252, "height": 92, "score": 0.990475594997406}, "2": {"posX": 248, "posY": 59, "width": 265, "height": 81, "score": 0.9471509456634521}}, "model": "RetinaFaces"}