{"name": "629_Arucas_frame_01_51_48_000.jpg", "num_faces": 2, "faces": {"0": {"posX": 23, "posY": 88, "width": 52, "height": 117, "score": 0.9745894074440002}, "1": {"posX": 100, "posY": 44, "width": 163, "height": 150, "score": 0.8752619624137878}}, "model": "RetinaFaces"}