{"name": "629_Teror_frame_02_57_04_000.jpg", "num_faces": 2, "faces": {"0": {"posX": 51, "posY": 38, "width": 112, "height": 119, "score": 0.9927122592926025}, "1": {"posX": 221, "posY": 51, "width": 234, "height": 70, "score": 0.9522578716278076}}, "model": "RetinaFaces"}