{"name": "37_ParqueSur_frame_15_53_55_000.jpg", "num_faces": 2, "faces": {"0": {"posX": 45, "posY": 20, "width": 64, "height": 43, "score": 0.993436872959137}, "1": {"posX": 13, "posY": 69, "width": 37, "height": 90, "score": 0.7219577431678772}}, "model": "RetinaFaces"}