{"name": "37_ParqueSur_frame_15_53_55_500.jpg", "num_faces": 3, "faces": {"0": {"posX": 45, "posY": 18, "width": 67, "height": 45, "score": 0.9976321458816528}, "1": {"posX": 71, "posY": 90, "width": 83, "height": 107, "score": 0.9245279431343079}, "2": {"posX": 33, "posY": 66, "width": 40, "height": 75, "score": 0.7471052408218384}}, "model": "RetinaFaces"}