{"name": "743_Arucas_frame_01_42_36_000.jpg", "num_faces": 2, "faces": {"1": {"posX": 25, "posY": 135, "width": 45, "height": 161, "score": 0.9240626096725464}, "2": {"posX": 40, "posY": 123, "width": 59, "height": 148, "score": 0.7634119987487793}}, "model": ""}