{"name": "430_Teror_frame_02_33_52_000.jpg", "num_faces": 2, "faces": {"0": {"posX": 555, "posY": 294, "width": 586, "height": 330, "score": 0.9639912247657776}, "1": {"posX": 291, "posY": 71, "width": 517, "height": 346, "score": 0.9461151361465454}}, "model": ""}