{"name": "637_Arucas_frame_01_39_27_000.jpg", "num_faces": 3, "faces": {"0": {"posX": 132, "posY": 48, "width": 154, "height": 74, "score": 0.9471819400787354}, "1": {"posX": 17, "posY": 70, "width": 40, "height": 100, "score": 0.9011114835739136}, "2": {"posX": 65, "posY": 27, "width": 110, "height": 82, "score": 0.8999571800231934}}, "model": "Img2Pose"}