{"name": "637_Arucas_frame_01_39_29_000.jpg", "num_faces": 3, "faces": {"0": {"posX": 220, "posY": 77, "width": 240, "height": 100, "score": 0.8631123304367065}, "1": {"posX": 68, "posY": 103, "width": 94, "height": 134, "score": 0.8313260078430176}, "2": {"posX": 220, "posY": 46, "width": 241, "height": 71, "score": 0.8121509552001953}}, "model": "Img2Pose"}