{"name": "637_Arucas_frame_01_39_28_000.jpg", "num_faces": 2, "faces": {"0": {"posX": 99, "posY": 31, "width": 150, "height": 94, "score": 0.9677936434745789}, "1": {"posX": 170, "posY": 32, "width": 190, "height": 56, "score": 0.8962683081626892}}, "model": "Img2Pose"}