{"name": "679_Arucas_frame_01_24_17_000.jpg", "num_faces": 4, "faces": {"0": {"posX": 14, "posY": 108, "width": 37, "height": 133, "score": 0.9922372698783875}, "1": {"posX": 35, "posY": 85, "width": 52, "height": 109, "score": 0.9854743480682373}, "2": {"posX": 52, "posY": 95, "width": 68, "height": 118, "score": 0.9483194351196289}, "4": {"posX": 44, "posY": 89, "width": 60, "height": 115, "score": 0.7926340699195862}}, "model": ""}