{"name": "6_Ayagaures_frame_11_22_49_000.jpg", "num_faces": 2, "faces": {"0": {"posX": 43, "posY": 24, "width": 72, "height": 61, "score": 0.9772418737411499}, "1": {"posX": 63, "posY": 311, "width": 73, "height": 322, "score": 0.896758496761322}}, "model": "Img2Pose"}