{"name": "694_Teror_frame_02_28_42_000.jpg", "num_faces": 3, "faces": {"0": {"posX": 62, "posY": 4, "width": 97, "height": 49, "score": 0.9996033310890198}, "1": {"posX": 32, "posY": 6, "width": 47, "height": 24, "score": 0.9767382740974426}, "2": {"posX": -6, "posY": 1, "width": 9, "height": 20, "score": 0.7573873996734619}}, "model": "RetinaFaces"}