{"name": "454_Teror_frame_02_06_28_000.jpg", "num_faces": 2, "faces": {"0": {"posX": 41, "posY": 17, "width": 100, "height": 92, "score": 0.9911559820175171}, "1": {"posX": 134, "posY": 39, "width": 149, "height": 60, "score": 0.9905181527137756}}, "model": "RetinaFaces"}