{"name": "518_Teror_frame_02_43_51_000.jpg", "num_faces": 2, "faces": {"0": {"posX": 150, "posY": 40, "width": 223, "height": 128, "score": 0.960196852684021}, "1": {"posX": 98, "posY": 59, "width": 123, "height": 89, "score": 0.9150481820106506}}, "model": "Img2Pose"}