{"name": "411_Teror_frame_02_20_52_000.jpg", "num_faces": 2, "faces": {"0": {"posX": 52, "posY": 24, "width": 96, "height": 81, "score": 0.9949234127998352}, "1": {"posX": 155, "posY": 30, "width": 167, "height": 45, "score": 0.8256624341011047}}, "model": "RetinaFaces"}