{"name": "411_PresaDeHornos_frame_13_35_40_000.jpg", "num_faces": 2, "faces": {"0": {"posX": 74, "posY": 16, "width": 102, "height": 50, "score": 0.9992570281028748}, "1": {"posX": 51, "posY": 203, "width": 119, "height": 256, "score": 0.742853581905365}}, "model": "RetinaFaces"}