{"name": "281_Teror_frame_03_17_12_000.jpg", "num_faces": 2, "faces": {"0": {"posX": 91, "posY": 28, "width": 107, "height": 49, "score": 0.9772732853889465}, "1": {"posX": 49, "posY": 34, "width": 70, "height": 68, "score": 0.7952952980995178}}}