{"name": "151_Arucas_frame_01_49_25_000.jpg", "num_faces": 2, "faces": {"0": {"posX": 81, "posY": 45, "width": 128, "height": 108, "score": 0.9580938816070557}, "1": {"posX": 167, "posY": 99, "width": 188, "height": 118, "score": 0.7244992852210999}}, "model": "RetinaFaces"}