{"name": "671_Teror_frame_01_58_02_000.jpg", "num_faces": 2, "faces": {"0": {"posX": 476, "posY": 94, "width": 494, "height": 120, "score": 0.9645511507987976}, "1": {"posX": 94, "posY": 24, "width": 216, "height": 169, "score": 0.9463598132133484}}, "model": ""}