{"name": "597_Arucas_frame_01_28_02_000.jpg", "num_faces": 3, "faces": {"0": {"posX": 259, "posY": 86, "width": 276, "height": 110, "score": 0.9005370736122131}, "1": {"posX": 211, "posY": 110, "width": 235, "height": 139, "score": 0.879615843296051}, "2": {"posX": 233, "posY": 112, "width": 257, "height": 140, "score": 0.8578548431396484}}, "model": ""}