{"name": "500_Arucas_frame_01_41_40_000.jpg", "num_faces": 2, "faces": {"0": {"posX": 9, "posY": 120, "width": 31, "height": 145, "score": 0.9358349442481995}, "1": {"posX": 98, "posY": 31, "width": 141, "height": 82, "score": 0.9322043657302856}}, "model": "Img2Pose"}