{"name": "500_Arucas_frame_01_41_43_000.jpg", "num_faces": 2, "faces": {"0": {"posX": 0, "posY": 146, "width": 18, "height": 171, "score": 0.9614135026931763}, "1": {"posX": 150, "posY": 58, "width": 167, "height": 79, "score": 0.9511125087738037}}, "model": "Img2Pose"}