{"name": "286_Teror_frame_03_10_24_000.jpg", "num_faces": 3, "faces": {"0": {"posX": 73, "posY": 33, "width": 122, "height": 94, "score": 0.9899107813835144}, "1": {"posX": 154, "posY": 1, "width": 169, "height": 21, "score": 0.9808382391929626}, "2": {"posX": 225, "posY": 30, "width": 239, "height": 47, "score": 0.9469009637832642}}}