{"name": "748_PresaDeHornos_frame_13_20_23_000.jpg", "num_faces": 2, "faces": {"0": {"posX": 73, "posY": 27, "width": 110, "height": 73, "score": 0.9882660508155823}, "1": {"posX": 47, "posY": 74, "width": 68, "height": 93, "score": 0.7410550117492676}}, "model": "RetinaFaces"}