{"name": "27_Teror_frame_02_07_55_000.jpg", "num_faces": 3, "faces": {"0": {"posX": 56, "posY": 0, "width": 81, "height": 22, "score": 0.9465268850326538}, "1": {"posX": 100, "posY": 16, "width": 119, "height": 37, "score": 0.9206476211547852}, "2": {"posX": 224, "posY": 2, "width": 240, "height": 22, "score": 0.9016097784042358}}, "model": "Img2Pose"}