{"name": "414_Arucas_frame_01_23_13_000.jpg", "num_faces": 2, "faces": {"0": {"posX": 46, "posY": 1, "width": 62, "height": 23, "score": 0.9959903359413147}, "1": {"posX": 75, "posY": 31, "width": 93, "height": 55, "score": 0.8322211503982544}}, "model": "RetinaFaces"}