{"name": "691_Teror_frame_03_15_29_000.jpg", "num_faces": 2, "faces": {"0": {"posX": 226, "posY": 13, "width": 235, "height": 28, "score": 0.843476414680481}, "1": {"posX": 204, "posY": 18, "width": 218, "height": 36, "score": 0.8388783931732178}}, "model": "Img2Pose"}