{"name": "417_Ayagaures_frame_18_21_37_000.jpg", "num_faces": 2, "faces": {"0": {"posX": 54, "posY": 22, "width": 99, "height": 78, "score": 0.9781925082206726}, "1": {"posX": 146, "posY": 89, "width": 160, "height": 112, "score": 0.8008231520652771}}, "model": "Img2Pose"}