{"name": "32_Arucas_frame_01_16_20_000.jpg", "num_faces": 2, "faces": {"0": {"posX": 15, "posY": 9, "width": 38, "height": 38, "score": 0.9906559586524963}, "1": {"posX": 20, "posY": 201, "width": 49, "height": 242, "score": 0.9698419570922852}}, "model": "RetinaFaces"}