{"name": "32_ParqueSur_frame_15_23_48_000.jpg", "num_faces": 2, "faces": {"0": {"posX": 317, "posY": 44, "width": 382, "height": 129, "score": 0.9970006346702576}, "1": {"posX": 105, "posY": 58, "width": 125, "height": 96, "score": 0.9552580118179321}}, "model": "RetinaFaces"}