{"name": "96_Arucas_frame_01_32_07_000.jpg", "num_faces": 2, "faces": {"0": {"posX": 38, "posY": 27, "width": 64, "height": 61, "score": 0.9893419742584229}, "1": {"posX": 64, "posY": 36, "width": 81, "height": 56, "score": 0.8382552266120911}}, "model": "Img2Pose"}