{"name": "649_Teror_frame_03_16_00_000.jpg", "num_faces": 2, "faces": {"0": {"posX": 56, "posY": 31, "width": 99, "height": 83, "score": 0.9645150303840637}, "1": {"posX": 145, "posY": 36, "width": 162, "height": 57, "score": 0.9555070996284485}}, "model": "Img2Pose"}