{"name": "116_ParqueSur_frame_19_45_46_500.jpg", "num_faces": 2, "faces": {"1": {"posX": 72, "posY": 212, "width": 91, "height": 232, "score": 0.8521906137466431}, "2": {"posX": 39, "posY": 254, "width": 48, "height": 264, "score": 0.7163203954696655}}, "model": ""}