{"name": "288_Arucas_frame_01_37_03_000.jpg", "num_faces": 3, "faces": {"0": {"posX": 93, "posY": 39, "width": 108, "height": 62, "score": 0.9690292477607727}, "1": {"posX": 285, "posY": 114, "width": 334, "height": 185, "score": 0.9056999087333679}, "2": {"posX": 56, "posY": 92, "width": 76, "height": 117, "score": 0.8903393149375916}}, "model": "RetinaFaces"}