{"name": "35_Arucas_frame_01_15_12_000.jpg", "num_faces": 6, "faces": {"0": {"posX": 34, "posY": 1, "width": 57, "height": 28, "score": 0.9977023005485535}, "1": {"posX": 63, "posY": 35, "width": 84, "height": 63, "score": 0.99454665184021}, "2": {"posX": -2, "posY": 68, "width": 23, "height": 103, "score": 0.990982711315155}, "3": {"posX": 83, "posY": 37, "width": 103, "height": 65, "score": 0.9787695407867432}, "4": {"posX": 122, "posY": 0, "width": 144, "height": 23, "score": 0.9255475997924805}, "5": {"posX": 96, "posY": 22, "width": 116, "height": 46, "score": 0.8925057649612427}}, "model": "RetinaFaces"}