{"name": "35_Arucas_frame_01_15_11_000.jpg", "num_faces": 2, "faces": {"0": {"posX": 162, "posY": 25, "width": 181, "height": 52, "score": 0.9935797452926636}, "1": {"posX": 191, "posY": 29, "width": 210, "height": 54, "score": 0.9685774445533752}}, "model": "RetinaFaces"}