{"name": "35_Teror_frame_01_37_16_000.jpg", "num_faces": 2, "faces": {"0": {"posX": 20, "posY": 39, "width": 37, "height": 63, "score": 0.9700697064399719}, "1": {"posX": 182, "posY": 56, "width": 196, "height": 74, "score": 0.8739475011825562}}, "model": "RetinaFaces"}