{"name": "31_Arucas_frame_01_14_35_000.jpg", "num_faces": 3, "faces": {"0": {"posX": 93, "posY": 27, "width": 116, "height": 59, "score": 0.9814820289611816}, "1": {"posX": 67, "posY": 19, "width": 95, "height": 52, "score": 0.9522019624710083}, "2": {"posX": 30, "posY": 6, "width": 52, "height": 35, "score": 0.9472306966781616}}, "model": "RetinaFaces"}