{"name": "31_Teror_frame_01_50_42_000.jpg", "num_faces": 4, "faces": {"0": {"posX": 55, "posY": 38, "width": 117, "height": 111, "score": 0.9984278678894043}, "1": {"posX": 189, "posY": 69, "width": 206, "height": 92, "score": 0.9423213601112366}, "2": {"posX": 186, "posY": 47, "width": 200, "height": 64, "score": 0.9214661717414856}, "3": {"posX": 23, "posY": 47, "width": 37, "height": 67, "score": 0.8933742046356201}}, "model": "RetinaFaces"}