{"name": "227_Arucas_frame_01_45_03_000.jpg", "num_faces": 2, "faces": {"0": {"posX": 93, "posY": 56, "width": 146, "height": 114, "score": 0.9907336235046387}, "1": {"posX": 150, "posY": 13, "width": 168, "height": 34, "score": 0.9687187075614929}}, "model": "RetinaFaces"}