{"name": "680_PresaDeHornos_frame_12_44_14_000.jpg", "num_faces": 2, "faces": {"0": {"posX": 59, "posY": 28, "width": 83, "height": 57, "score": 0.984020471572876}, "1": {"posX": 36, "posY": 5, "width": 50, "height": 21, "score": 0.9494916796684265}}, "model": "Img2Pose"}