{"name": "698_Teror_frame_03_15_17_000.jpg", "num_faces": 3, "faces": {"0": {"posX": 81, "posY": 32, "width": 142, "height": 108, "score": 0.9539576768875122}, "1": {"posX": 230, "posY": 69, "width": 244, "height": 86, "score": 0.9518907070159912}, "2": {"posX": 191, "posY": 71, "width": 209, "height": 92, "score": 0.8841332197189331}}, "model": "Img2Pose"}