{"name": "342_Teror_frame_01_50_52_000.jpg", "num_faces": 2, "faces": {"0": {"posX": 69, "posY": 8, "width": 120, "height": 67, "score": 0.9952161312103271}, "1": {"posX": 156, "posY": 12, "width": 169, "height": 31, "score": 0.974599301815033}}, "model": "RetinaFaces"}