{"name": "196_Teror_frame_02_04_07_000.jpg", "num_faces": 2, "faces": {"0": {"posX": 45, "posY": 39, "width": 108, "height": 118, "score": 0.9850344061851501}, "1": {"posX": 7, "posY": 100, "width": 28, "height": 125, "score": 0.8860575556755066}}, "model": "Img2Pose"}