{"name": "747_Teror_frame_02_10_28_000.jpg", "num_faces": 2, "faces": {"0": {"posX": 202, "posY": 41, "width": 216, "height": 60, "score": 0.9835198521614075}, "1": {"posX": -5, "posY": 16, "width": 6, "height": 33, "score": 0.8238439559936523}}, "model": "RetinaFaces"}