{"name": "767_Ayagaures_frame_18_40_00_000.jpg", "num_faces": 2, "faces": {"1": {"posX": 167, "posY": 105, "width": 177, "height": 115, "score": 0.9596832990646362}, "2": {"posX": 26, "posY": 102, "width": 42, "height": 120, "score": 0.9326528310775757}}, "model": ""}