{"name": "25_Arucas_frame_01_13_21_000.jpg", "num_faces": 3, "faces": {"0": {"posX": 8, "posY": 30, "width": 39, "height": 73, "score": 0.9982879757881165}, "1": {"posX": 39, "posY": 30, "width": 68, "height": 66, "score": 0.9964340925216675}, "2": {"posX": 40, "posY": 0, "width": 64, "height": 20, "score": 0.9658523201942444}}}