{"name": "782_Teror_frame_03_13_13_000.jpg", "num_faces": 3, "faces": {"0": {"posX": 62, "posY": 48, "width": 132, "height": 137, "score": 0.9995139837265015}, "1": {"posX": 231, "posY": 111, "width": 244, "height": 129, "score": 0.9545966982841492}, "2": {"posX": 209, "posY": 118, "width": 220, "height": 135, "score": 0.7416619062423706}}, "model": "RetinaFaces"}