{"name": "277_PresaDeHornos_frame_13_34_57_000.jpg", "num_faces": 2, "faces": {"0": {"posX": 82, "posY": 22, "width": 124, "height": 75, "score": 0.9794653058052063}, "1": {"posX": 124, "posY": 119, "width": 134, "height": 130, "score": 0.8259491324424744}}, "model": "Img2Pose"}