{"name": "277_Arucas_frame_01_31_19_000.jpg", "num_faces": 2, "faces": {"0": {"posX": 72, "posY": 29, "width": 113, "height": 81, "score": 0.9736120104789734}, "1": {"posX": 20, "posY": 44, "width": 38, "height": 67, "score": 0.8382649421691895}}, "model": "Img2Pose"}