{"name": "820_Arucas_frame_01_34_24_000.jpg", "num_faces": 2, "faces": {"0": {"posX": 293, "posY": 130, "width": 323, "height": 171, "score": 0.9758150577545166}, "2": {"posX": 145, "posY": 72, "width": 233, "height": 177, "score": 0.9046592712402344}}, "model": ""}