{"name": "820_Arucas_frame_01_34_24_000.json", "num_faces": 2, "faces": {"1": {"posX": 47, "posY": 15, "width": 106, "height": 88, "score": 0.9504913687705994}, "2": {"posX": 145, "posY": 72, "width": 233, "height": 177, "score": 0.9046592712402344}}, "model": ""}