{"name": "230_Teror_frame_01_48_27_000.jpg", "num_faces": 2, "faces": {"0": {"posX": 27, "posY": 32, "width": 42, "height": 55, "score": 0.9563672542572021}, "1": {"posX": 120, "posY": 63, "width": 131, "height": 79, "score": 0.8128812909126282}}, "model": "RetinaFaces"}