{"name": "104_Arucas_frame_01_29_14_000.jpg", "num_faces": 2, "faces": {"0": {"posX": 85, "posY": 45, "width": 131, "height": 102, "score": 0.9518512487411499}, "2": {"posX": 208, "posY": 216, "width": 221, "height": 231, "score": 0.9261354804039001}}, "model": ""}