{"name": "104_Arucas_frame_01_29_16_000.jpg", "num_faces": 2, "faces": {"0": {"posX": 27, "posY": 83, "width": 46, "height": 105, "score": 0.9827065467834473}, "1": {"posX": 148, "posY": 59, "width": 242, "height": 174, "score": 0.9747490882873535}}, "model": ""}