{"name": "490_Teror_frame_02_13_48_000.jpg", "num_faces": 3, "faces": {"0": {"posX": 251, "posY": 134, "width": 275, "height": 162, "score": 0.9861493110656738}, "1": {"posX": 213, "posY": 115, "width": 237, "height": 145, "score": 0.9668812155723572}, "2": {"posX": 79, "posY": 23, "width": 186, "height": 159, "score": 0.883090078830719}}, "model": ""}