{"name": "215_Teror_frame_01_45_41_000.jpg", "num_faces": 4, "faces": {"0": {"posX": 88, "posY": 34, "width": 140, "height": 100, "score": 0.9972190856933594}, "1": {"posX": 59, "posY": 87, "width": 74, "height": 107, "score": 0.9682761430740356}, "2": {"posX": 23, "posY": 105, "width": 35, "height": 124, "score": 0.9581297636032104}, "3": {"posX": 211, "posY": 96, "width": 227, "height": 116, "score": 0.9269107580184937}}}