{"name": "104_Arucas_frame_01_29_14_000.jpg", "num_faces": 2, "faces": {"0": {"posX": 82, "posY": 45, "width": 133, "height": 111, "score": 0.9879092574119568}, "2": {"posX": 208, "posY": 217, "width": 220, "height": 231, "score": 0.900553286075592}}, "model": ""}