{"name": "590_Arucas_frame_01_48_45_000.jpg", "num_faces": 3, "faces": {"0": {"posX": 47, "posY": 80, "width": 67, "height": 105, "score": 0.9866355061531067}, "1": {"posX": 145, "posY": 39, "width": 222, "height": 133, "score": 0.9860631823539734}, "2": {"posX": 17, "posY": 88, "width": 38, "height": 112, "score": 0.9818202257156372}}, "model": ""}