{"name": "205_Arucas_frame_01_26_47_000.jpg", "num_faces": 2, "faces": {"0": {"posX": -5, "posY": 47, "width": 22, "height": 89, "score": 0.9830366969108582}, "1": {"posX": 48, "posY": 33, "width": 71, "height": 63, "score": 0.9525410532951355}}, "model": "RetinaFaces"}