{"name": "4_Arucas_frame_01_06_58_000.jpg", "num_faces": 2, "faces": {"0": {"posX": 25, "posY": 58, "width": 56, "height": 99, "score": 0.9575731754302979}, "1": {"posX": 1, "posY": 72, "width": 34, "height": 112, "score": 0.8659042119979858}}, "model": "Img2Pose"}