{"name": "772_Arucas_frame_01_30_52_000.jpg", "num_faces": 2, "faces": {"0": {"posX": 64, "posY": 13, "width": 83, "height": 35, "score": 0.9956164360046387}, "1": {"posX": 15, "posY": 29, "width": 32, "height": 51, "score": 0.8459709286689758}}, "model": "RetinaFaces"}