{"name": "813_Teror_frame_01_47_50_000.jpg", "num_faces": 3, "faces": {"0": {"posX": 49, "posY": 87, "width": 66, "height": 107, "score": 0.9965896606445312}, "1": {"posX": 78, "posY": 39, "width": 144, "height": 121, "score": 0.9837649464607239}, "2": {"posX": 228, "posY": 86, "width": 241, "height": 108, "score": 0.978588342666626}}, "model": ""}