{"name": "386_Arucas_frame_01_52_20_000.jpg", "num_faces": 2, "faces": {"0": {"posX": 115, "posY": 43, "width": 176, "height": 112, "score": 0.9915755391120911}, "1": {"posX": 54, "posY": 66, "width": 78, "height": 106, "score": 0.9327348470687866}}, "model": "RetinaFaces"}