{"name": "386_Arucas_frame_01_52_22_000.jpg", "num_faces": 3, "faces": {"0": {"posX": 191, "posY": 29, "width": 285, "height": 155, "score": 0.99861741065979}, "1": {"posX": 348, "posY": 296, "width": 369, "height": 328, "score": 0.7876543402671814}, "2": {"posX": 345, "posY": 333, "width": 358, "height": 351, "score": 0.7664852738380432}}, "model": "RetinaFaces"}