{"name": "386_Arucas_frame_01_52_18_000.jpg", "num_faces": 2, "faces": {"0": {"posX": 33, "posY": 50, "width": 73, "height": 94, "score": 0.9353209137916565}, "1": {"posX": 78, "posY": 2, "width": 104, "height": 30, "score": 0.8519453406333923}}, "model": "RetinaFaces"}