{"name": "673_Teror_frame_02_31_56_000.jpg", "num_faces": 2, "faces": {"0": {"posX": 170, "posY": 30, "width": 177, "height": 38, "score": 0.927763044834137}, "1": {"posX": 56, "posY": 23, "width": 108, "height": 86, "score": 0.8982671499252319}}, "model": "Img2Pose"}