{"name": "673_Teror_frame_02_31_57_000.jpg", "num_faces": 2, "faces": {"0": {"posX": 340, "posY": 125, "width": 366, "height": 158, "score": 0.9690155982971191}, "1": {"posX": 271, "posY": 102, "width": 298, "height": 135, "score": 0.9341989755630493}}, "model": "Img2Pose"}