{"name": "673_Arucas_frame_01_42_57_000.jpg", "num_faces": 2, "faces": {"0": {"posX": 50, "posY": 10, "width": 67, "height": 34, "score": 0.9457499384880066}, "1": {"posX": 27, "posY": 22, "width": 46, "height": 45, "score": 0.9266008138656616}}, "model": "Img2Pose"}