{"name": "470_Arucas_frame_01_41_15_000.jpg", "num_faces": 2, "faces": {"0": {"posX": 221, "posY": 54, "width": 278, "height": 125, "score": 0.9983385801315308}, "1": {"posX": 70, "posY": 122, "width": 98, "height": 147, "score": 0.8668153285980225}}, "model": ""}