{"name": "242_Arucas_frame_01_48_37_000.jpg", "num_faces": 2, "faces": {"1": {"posX": 2, "posY": 95, "width": 24, "height": 124, "score": 0.9835251569747925}, "2": {"posX": 67, "posY": 49, "width": 127, "height": 124, "score": 0.8678103685379028}}, "model": ""}