{"name": "806_PresaDeHornos_frame_13_12_53_000.jpg", "num_faces": 2, "faces": {"0": {"posX": 52, "posY": 19, "width": 77, "height": 49, "score": 0.9366769194602966}, "1": {"posX": 99, "posY": 217, "width": 107, "height": 227, "score": 0.8340568542480469}}, "model": "Img2Pose"}