{"name": "806_Teror_frame_02_09_59_000.jpg", "num_faces": 2, "faces": {"0": {"posX": 25, "posY": 62, "width": 43, "height": 84, "score": 0.9845766425132751}, "1": {"posX": 56, "posY": 13, "width": 102, "height": 71, "score": 0.9656901955604553}}, "model": "Img2Pose"}