{"name": "1_ParqueSur_frame_12_40_16_000.jpg", "num_faces": 3, "faces": {"0": {"posX": 94, "posY": 36, "width": 131, "height": 81, "score": 0.9770282506942749}, "1": {"posX": 73, "posY": 21, "width": 100, "height": 54, "score": 0.9040996432304382}, "2": {"posX": 40, "posY": 131, "width": 56, "height": 150, "score": 0.8831220865249634}}, "model": "Img2Pose"}