{"name": "1_ParqueSur_frame_12_40_17_000.jpg", "num_faces": 2, "faces": {"0": {"posX": 265, "posY": 35, "width": 362, "height": 152, "score": 0.9954989552497864}, "1": {"posX": 11, "posY": 65, "width": 25, "height": 82, "score": 0.9897500872612}}, "model": "RetinaFaces"}