{"name": "1_Teror_frame_01_17_16_000.jpg", "num_faces": 3, "faces": {"0": {"posX": 239, "posY": 64, "width": 256, "height": 85, "score": 0.996513307094574}, "1": {"posX": 46, "posY": 49, "width": 62, "height": 69, "score": 0.9869258403778076}, "2": {"posX": 80, "posY": 65, "width": 97, "height": 87, "score": 0.9810003042221069}}}