{"name": "595_Arucas_frame_01_38_16_000.jpg", "num_faces": 4, "faces": {"0": {"posX": 106, "posY": 91, "width": 127, "height": 117, "score": 0.9713883996009827}, "1": {"posX": 107, "posY": 73, "width": 127, "height": 97, "score": 0.9701594710350037}, "2": {"posX": 57, "posY": 137, "width": 80, "height": 164, "score": 0.908978283405304}, "3": {"posX": 135, "posY": 83, "width": 152, "height": 105, "score": 0.8477606773376465}}, "model": "Img2Pose"}