{"name": "595_Teror_frame_02_27_09_000.jpg", "num_faces": 2, "faces": {"0": {"posX": 122, "posY": 71, "width": 138, "height": 90, "score": 0.9842036962509155}, "1": {"posX": 45, "posY": 31, "width": 85, "height": 81, "score": 0.9507088661193848}}, "model": "Img2Pose"}