{"name": "278_PresaDeHornos_frame_12_29_40_000.jpg", "num_faces": 2, "faces": {"1": {"posX": 140, "posY": 168, "width": 153, "height": 186, "score": 0.9088151454925537}, "2": {"posX": 140, "posY": 160, "width": 150, "height": 171, "score": 0.8943069577217102}}, "model": ""}