{"name": "702_Teror_frame_02_19_29_000.jpg", "num_faces": 2, "faces": {"0": {"posX": 64, "posY": 16, "width": 112, "height": 74, "score": 0.9713267683982849}, "1": {"posX": 40, "posY": 35, "width": 56, "height": 55, "score": 0.9607133865356445}}, "model": "Img2Pose"}