{"name": "702_Arucas_frame_01_38_01_000.jpg", "num_faces": 2, "faces": {"0": {"posX": 95, "posY": 40, "width": 167, "height": 129, "score": 0.9506090879440308}, "1": {"posX": 0, "posY": 137, "width": 24, "height": 165, "score": 0.8560612201690674}}, "model": "Img2Pose"}