{"name": "216_ParqueSur_frame_19_18_26_000.jpg", "num_faces": 2, "faces": {"0": {"posX": 50, "posY": 60, "width": 60, "height": 71, "score": 0.941511869430542}, "1": {"posX": 106, "posY": 20, "width": 146, "height": 69, "score": 0.9186224937438965}}, "model": "Img2Pose"}