{"name": "97_Arucas_frame_01_23_58_000.jpg", "num_faces": 3, "faces": {"0": {"posX": 24, "posY": 36, "width": 46, "height": 63, "score": 0.9906625151634216}, "1": {"posX": 76, "posY": 4, "width": 97, "height": 29, "score": 0.9778712391853333}, "2": {"posX": 40, "posY": 34, "width": 59, "height": 56, "score": 0.8386915326118469}}, "model": "Img2Pose"}