{"name": "25_Arucas_frame_01_13_22_000.jpg", "num_faces": 8, "faces": {"0": {"posX": 11, "posY": 67, "width": 39, "height": 106, "score": 0.9973506927490234}, "1": {"posX": 42, "posY": 112, "width": 67, "height": 144, "score": 0.9964224696159363}, "2": {"posX": 12, "posY": 26, "width": 36, "height": 55, "score": 0.9936374425888062}, "3": {"posX": 39, "posY": 15, "width": 65, "height": 48, "score": 0.981696367263794}, "4": {"posX": -3, "posY": 63, "width": 21, "height": 101, "score": 0.9393301606178284}, "5": {"posX": 84, "posY": 0, "width": 107, "height": 16, "score": 0.8931170105934143}, "6": {"posX": -7, "posY": 37, "width": 10, "height": 63, "score": 0.830886960029602}, "7": {"posX": 110, "posY": 0, "width": 126, "height": 12, "score": 0.8158640265464783}}, "model": "RetinaFaces"}