{"name": "25_Arucas_frame_01_13_20_000.jpg", "num_faces": 3, "faces": {"0": {"posX": 16, "posY": 12, "width": 40, "height": 42, "score": 0.9918082356452942}, "1": {"posX": 12, "posY": 50, "width": 37, "height": 83, "score": 0.9916856288909912}, "2": {"posX": -6, "posY": 58, "width": 16, "height": 91, "score": 0.9308218955993652}}, "model": "RetinaFaces"}