{"name": "123_Arucas_frame_01_32_57_000.jpg", "num_faces": 2, "faces": {"0": {"posX": 10, "posY": 32, "width": 33, "height": 62, "score": 0.9434214234352112}, "1": {"posX": 90, "posY": 26, "width": 132, "height": 79, "score": 0.9303866624832153}}, "model": "Img2Pose"}