{"name": "123_Arucas_frame_01_33_00_000.jpg", "num_faces": 2, "faces": {"0": {"posX": 9, "posY": 151, "width": 30, "height": 176, "score": 0.8343306183815002}, "1": {"posX": 249, "posY": 345, "width": 300, "height": 404, "score": 0.8211008906364441}}, "model": "Img2Pose"}