{"name": "123_PresaDeHornos_frame_12_56_03_000.jpg", "num_faces": 2, "faces": {"0": {"posX": 51, "posY": 21, "width": 79, "height": 55, "score": 0.9875789284706116}, "1": {"posX": 73, "posY": 235, "width": 83, "height": 246, "score": 0.8364961743354797}}, "model": "Img2Pose"}