{"name": "123_Arucas_frame_01_32_58_000.jpg", "num_faces": 2, "faces": {"0": {"posX": 110, "posY": 46, "width": 166, "height": 115, "score": 0.9576325416564941}, "1": {"posX": 80, "posY": 65, "width": 106, "height": 96, "score": 0.9010387659072876}}, "model": "Img2Pose"}