{"name": "405_Arucas_frame_01_40_11_000.jpg", "num_faces": 2, "faces": {"0": {"posX": 101, "posY": 38, "width": 160, "height": 112, "score": 0.9962195754051208}, "1": {"posX": -11, "posY": 35, "width": 38, "height": 109, "score": 0.7135090827941895}}, "model": ""}