{"name": "613_Teror_frame_02_21_42_000.jpg", "num_faces": 2, "faces": {"0": {"posX": 65, "posY": 44, "width": 112, "height": 103, "score": 0.9525148868560791}, "1": {"posX": 183, "posY": 65, "width": 214, "height": 103, "score": 0.9522160291671753}}, "model": ""}