{"name": "426_Ayagaures_frame_17_11_00_000.json", "num_faces": 2, "faces": {"0": {"posX": 100, "posY": 36, "width": 162, "height": 118, "score": 0.9849632382392883}, "1": {"posX": 164, "posY": 277, "width": 235, "height": 332, "score": 0.8183512091636658}}, "model": ""}