{"name": "593_Ayagaures_frame_17_38_39_000.jpg", "num_faces": 2, "faces": {"0": {"posX": 40, "posY": 26, "width": 75, "height": 66, "score": 0.9964064955711365}, "1": {"posX": 92, "posY": 67, "width": 108, "height": 86, "score": 0.9781771898269653}}, "model": "RetinaFaces"}