{"name": "593_Arucas_frame_01_42_51_000.jpg", "num_faces": 2, "faces": {"0": {"posX": 19, "posY": 88, "width": 50, "height": 129, "score": 0.9980484247207642}, "1": {"posX": 204, "posY": 0, "width": 226, "height": 21, "score": 0.9290362000465393}}, "model": "RetinaFaces"}