{"name": "675_Arucas_frame_01_48_31_000.jpg", "num_faces": 4, "faces": {"0": {"posX": 47, "posY": 36, "width": 67, "height": 62, "score": 0.9820402264595032}, "1": {"posX": 56, "posY": 92, "width": 78, "height": 118, "score": 0.9685608744621277}, "2": {"posX": 32, "posY": 47, "width": 50, "height": 68, "score": 0.8828171491622925}, "3": {"posX": 8, "posY": 23, "width": 28, "height": 44, "score": 0.8581549525260925}}, "model": "Img2Pose"}