{"name": "595_Teror_frame_02_27_09_000.jpg", "num_faces": 2, "faces": {"0": {"posX": 122, "posY": 72, "width": 137, "height": 90, "score": 0.9575527310371399}, "1": {"posX": 49, "posY": 34, "width": 90, "height": 83, "score": 0.8919098973274231}}, "model": "RetinaFaces"}