{"name": "595_Arucas_frame_01_38_16_000.jpg", "num_faces": 4, "faces": {"0": {"posX": 107, "posY": 90, "width": 126, "height": 117, "score": 0.9862258434295654}, "1": {"posX": 107, "posY": 72, "width": 125, "height": 94, "score": 0.9323452711105347}, "2": {"posX": 136, "posY": 84, "width": 150, "height": 103, "score": 0.8241987228393555}, "3": {"posX": 58, "posY": 139, "width": 79, "height": 165, "score": 0.7497099041938782}}, "model": "RetinaFaces"}