{"name": "595_PresaDeHornos_frame_14_06_37_000.jpg", "num_faces": 3, "faces": {"0": {"posX": 114, "posY": 16, "width": 147, "height": 49, "score": 0.9947970509529114}, "1": {"posX": 82, "posY": 283, "width": 93, "height": 298, "score": 0.8539999127388}, "2": {"posX": 89, "posY": 0, "width": 96, "height": 7, "score": 0.759918749332428}}, "model": "RetinaFaces"}