{"name": "595_Arucas_frame_01_38_14_000.jpg", "num_faces": 2, "faces": {"0": {"posX": 147, "posY": 14, "width": 164, "height": 34, "score": 0.9379768967628479}, "1": {"posX": -6, "posY": 102, "width": 12, "height": 132, "score": 0.7406035661697388}}, "model": "RetinaFaces"}