{"name": "595_PresaDeHornos_frame_14_06_38_000.jpg", "num_faces": 2, "faces": {"0": {"posX": 83, "posY": 19, "width": 121, "height": 63, "score": 0.98783278465271}, "1": {"posX": 53, "posY": 39, "width": 83, "height": 66, "score": 0.7034538388252258}}, "model": "RetinaFaces"}