{"name": "271_Teror_frame_02_42_59_000.jpg", "num_faces": 2, "faces": {"0": {"posX": 21, "posY": 51, "width": 38, "height": 71, "score": 0.9648509621620178}, "1": {"posX": 12, "posY": 66, "width": 27, "height": 84, "score": 0.9549853205680847}}, "model": "Img2Pose"}