{"name": "16_Arucas_frame_01_08_01_000.jpg", "num_faces": 2, "faces": {"0": {"posX": 51, "posY": 2, "width": 75, "height": 31, "score": 0.9758988618850708}, "1": {"posX": 6, "posY": 91, "width": 24, "height": 113, "score": 0.9676980972290039}}, "model": "RetinaFaces"}