{"name": "632_Teror_frame_02_26_07_000.jpg", "num_faces": 2, "faces": {"0": {"posX": 55, "posY": 25, "width": 90, "height": 70, "score": 0.9883882403373718}, "1": {"posX": 40, "posY": 133, "width": 94, "height": 191, "score": 0.8328529596328735}}, "model": "RetinaFaces"}