{"name": "517_Arucas_frame_01_44_37_000.jpg", "num_faces": 2, "faces": {"0": {"posX": 197, "posY": 49, "width": 278, "height": 153, "score": 0.9606706500053406}, "1": {"posX": 7, "posY": 209, "width": 36, "height": 251, "score": 0.9142897129058838}}, "model": ""}