{"name": "517_Teror_frame_02_42_18_000.jpg", "num_faces": 2, "faces": {"1": {"posX": 181, "posY": 96, "width": 193, "height": 112, "score": 0.9440159797668457}, "2": {"posX": 2, "posY": 97, "width": 21, "height": 122, "score": 0.7807700037956238}}, "model": ""}