{"name": "608_Arucas_frame_01_38_56_000.jpg", "num_faces": 4, "faces": {"0": {"posX": 15, "posY": 33, "width": 38, "height": 62, "score": 0.9945036172866821}, "1": {"posX": 41, "posY": 2, "width": 57, "height": 24, "score": 0.9626901149749756}, "2": {"posX": 86, "posY": 21, "width": 101, "height": 39, "score": 0.9088879823684692}, "3": {"posX": 58, "posY": 23, "width": 76, "height": 47, "score": 0.8738682866096497}}, "model": "RetinaFaces"}