{"name": "705_Arucas_frame_01_39_39_000.jpg", "num_faces": 3, "faces": {"0": {"posX": 7, "posY": 66, "width": 28, "height": 92, "score": 0.9975979924201965}, "1": {"posX": 74, "posY": 91, "width": 89, "height": 115, "score": 0.8248803019523621}, "2": {"posX": -2, "posY": 155, "width": 29, "height": 195, "score": 0.7338205575942993}}, "model": "RetinaFaces"}