{"name": "705_Arucas_frame_01_39_38_000.jpg", "num_faces": 3, "faces": {"0": {"posX": 87, "posY": 31, "width": 139, "height": 102, "score": 0.9922248125076294}, "1": {"posX": 154, "posY": 41, "width": 174, "height": 63, "score": 0.9798511862754822}, "2": {"posX": 8, "posY": 57, "width": 25, "height": 77, "score": 0.8434392213821411}}, "model": "RetinaFaces"}