{"name": "820_Teror_frame_02_23_24_000.jpg", "num_faces": 2, "faces": {"0": {"posX": 52, "posY": 27, "width": 91, "height": 74, "score": 0.9847075939178467}, "1": {"posX": -6, "posY": 13, "width": 6, "height": 30, "score": 0.9520648121833801}}, "model": "RetinaFaces"}