{"name": "820_Arucas_frame_01_34_24_000.jpg", "num_faces": 2, "faces": {"0": {"posX": 44, "posY": 25, "width": 103, "height": 92, "score": 0.997247040271759}, "1": {"posX": 293, "posY": 129, "width": 320, "height": 174, "score": 0.9750990867614746}}, "model": "RetinaFaces"}