{"name": "428_ParqueSur_frame_17_22_08_000.jpg", "num_faces": 2, "faces": {"0": {"posX": 80, "posY": 27, "width": 108, "height": 62, "score": 0.996184766292572}, "1": {"posX": 120, "posY": 175, "width": 133, "height": 191, "score": 0.8847078680992126}}, "model": "RetinaFaces"}