{"name": "428_Arucas_frame_01_22_09_000.jpg", "num_faces": 2, "faces": {"0": {"posX": 13, "posY": 117, "width": 39, "height": 148, "score": 0.9900259971618652}, "1": {"posX": -1, "posY": 156, "width": 25, "height": 186, "score": 0.9514154195785522}}, "model": "RetinaFaces"}