{"name": "428_ParqueSur_frame_17_22_04_500.jpg", "num_faces": 2, "faces": {"0": {"posX": 32, "posY": 20, "width": 49, "height": 42, "score": 0.9971586465835571}, "1": {"posX": 21, "posY": 74, "width": 38, "height": 92, "score": 0.7154751420021057}}, "model": "RetinaFaces"}