{"name": "428_ParqueSur_frame_17_22_03_000.jpg", "num_faces": 2, "faces": {"0": {"posX": 34, "posY": 17, "width": 51, "height": 39, "score": 0.9956445693969727}, "1": {"posX": 6, "posY": 64, "width": 16, "height": 77, "score": 0.7492793798446655}}, "model": "RetinaFaces"}