{"name": "239_PresaDeHornos_frame_12_28_31_000.jpg", "num_faces": 2, "faces": {"0": {"posX": 50, "posY": 27, "width": 76, "height": 60, "score": 0.9914932250976562}, "1": {"posX": 30, "posY": 65, "width": 45, "height": 83, "score": 0.8771082162857056}}, "model": "RetinaFaces"}