{"name": "27_PresaDeHornos_frame_11_03_28_000.jpg", "num_faces": 2, "faces": {"0": {"posX": 58, "posY": 114, "width": 85, "height": 140, "score": 0.7930998206138611}, "1": {"posX": 81, "posY": 19, "width": 97, "height": 43, "score": 0.7023156881332397}}, "model": "RetinaFaces"}