{"name": "54_PresaDeHornos_frame_10_52_33_000.jpg", "num_faces": 2, "faces": {"0": {"posX": 69, "posY": 18, "width": 93, "height": 50, "score": 0.9878183603286743}, "1": {"posX": 58, "posY": 70, "width": 75, "height": 95, "score": 0.9751675724983215}}, "model": "RetinaFaces"}