{"name": "702_PresaDeHornos_frame_12_38_55_000.jpg", "num_faces": 2, "faces": {"0": {"posX": 89, "posY": 29, "width": 125, "height": 74, "score": 0.9924811124801636}, "1": {"posX": 95, "posY": 413, "width": 114, "height": 429, "score": 0.7422899603843689}}, "model": "RetinaFaces"}