{"name": "772_PresaDeHornos_frame_10_54_19_000.jpg", "num_faces": 2, "faces": {"0": {"posX": 40, "posY": 27, "width": 61, "height": 52, "score": 0.8857125043869019}, "1": {"posX": -1, "posY": 37, "width": 15, "height": 54, "score": 0.8182869553565979}}, "model": "RetinaFaces"}