{"name": "784_PresaDeHornos_frame_12_31_38_000.jpg", "num_faces": 2, "faces": {"0": {"posX": 126, "posY": 27, "width": 159, "height": 66, "score": 0.9933348894119263}, "1": {"posX": 8, "posY": 3, "width": 44, "height": 24, "score": 0.7161989808082581}}, "model": "RetinaFaces"}