{"name": "801_PresaDeHornos_frame_12_36_57_000.jpg", "num_faces": 2, "faces": {"0": {"posX": 61, "posY": 20, "width": 98, "height": 66, "score": 0.9997287392616272}, "1": {"posX": 120, "posY": 100, "width": 139, "height": 129, "score": 0.87537682056427}}, "model": "RetinaFaces"}