{"name": "747_PresaDeHornos_frame_13_06_10_000.jpg", "num_faces": 2, "faces": {"0": {"posX": 95, "posY": 20, "width": 126, "height": 58, "score": 0.96243816614151}, "1": {"posX": 121, "posY": 0, "width": 131, "height": 10, "score": 0.8118693232536316}}, "model": "Img2Pose"}