{"name": "159_Teror_frame_02_07_55_000.jpg", "num_faces": 2, "faces": {"0": {"posX": 462, "posY": 216, "width": 483, "height": 243, "score": 0.9916852712631226}, "1": {"posX": 123, "posY": 65, "width": 313, "height": 294, "score": 0.913073718547821}}, "model": "RetinaFaces"}