{"name": "159_Ayagaures_frame_17_26_26_000.jpg", "num_faces": 2, "faces": {"0": {"posX": 46, "posY": 21, "width": 70, "height": 54, "score": 0.998441755771637}, "1": {"posX": 16, "posY": 117, "width": 29, "height": 133, "score": 0.7300235629081726}}, "model": "RetinaFaces"}