{"name": "10_ParqueSur_frame_13_19_03_000.jpg", "num_faces": 4, "faces": {"0": {"posX": 152, "posY": 31, "width": 204, "height": 89, "score": 0.9989012479782104}, "1": {"posX": 25, "posY": 72, "width": 43, "height": 101, "score": 0.8970249891281128}, "2": {"posX": 104, "posY": 68, "width": 123, "height": 100, "score": 0.8752862811088562}, "3": {"posX": 214, "posY": 315, "width": 225, "height": 325, "score": 0.7250193357467651}}}