{"name": "190_Arucas_frame_01_18_20_000.jpg", "num_faces": 2, "faces": {"0": {"posX": 113, "posY": 91, "width": 143, "height": 126, "score": 0.9924222826957703}, "1": {"posX": 70, "posY": 128, "width": 96, "height": 158, "score": 0.9755107164382935}}, "model": ""}