{"name": "284_Teror_frame_02_23_58_000.jpg", "num_faces": 3, "faces": {"0": {"posX": 117, "posY": 50, "width": 133, "height": 67, "score": 0.955686628818512}, "1": {"posX": 64, "posY": 29, "width": 105, "height": 83, "score": 0.8739314675331116}, "2": {"posX": 42, "posY": 44, "width": 58, "height": 65, "score": 0.7129408717155457}}, "model": "RetinaFaces"}