{"name": "62_Arucas_frame_01_49_26_000.jpg", "num_faces": 3, "faces": {"0": {"posX": 39, "posY": 0, "width": 59, "height": 21, "score": 0.9885870814323425}, "1": {"posX": 71, "posY": 40, "width": 115, "height": 94, "score": 0.9816426038742065}, "2": {"posX": 103, "posY": 9, "width": 116, "height": 24, "score": 0.8180590271949768}}, "model": "Img2Pose"}