{"name": "62_Arucas_frame_01_49_28_000.jpg", "num_faces": 2, "faces": {"0": {"posX": 172, "posY": 11, "width": 192, "height": 35, "score": 0.9940534234046936}, "1": {"posX": 189, "posY": 35, "width": 210, "height": 60, "score": 0.8158871531486511}}, "model": "Img2Pose"}