{"name": "450_PresaDeHornos_frame_12_05_05_000.jpg", "num_faces": 2, "faces": {"0": {"posX": 162, "posY": 45, "width": 219, "height": 114, "score": 0.9839651584625244}, "1": {"posX": 181, "posY": 223, "width": 242, "height": 330, "score": 0.8866721391677856}}, "model": ""}