{"name": "186_Teror_frame_02_22_12_000.jpg", "num_faces": 2, "faces": {"0": {"posX": 66, "posY": 46, "width": 120, "height": 111, "score": 0.9767256379127502}, "1": {"posX": 111, "posY": 187, "width": 163, "height": 249, "score": 0.94387286901474}}, "model": "Img2Pose"}