{"name": "186_Arucas_frame_01_38_57_000.jpg", "num_faces": 2, "faces": {"0": {"posX": 251, "posY": 7, "width": 269, "height": 28, "score": 0.9598221778869629}, "1": {"posX": 294, "posY": 24, "width": 310, "height": 46, "score": 0.8519702553749084}}, "model": "Img2Pose"}