{"name": "382_Teror_frame_02_17_28_000.jpg", "num_faces": 3, "faces": {"0": {"posX": 26, "posY": 130, "width": 53, "height": 166, "score": 0.9944015145301819}, "1": {"posX": 292, "posY": 175, "width": 307, "height": 195, "score": 0.9547999501228333}, "2": {"posX": 80, "posY": 45, "width": 196, "height": 178, "score": 0.9305785298347473}}, "model": ""}