{"name": "320_ParqueSur_frame_19_57_12_500.jpg", "num_faces": 3, "faces": {"0": {"posX": 71, "posY": 33, "width": 105, "height": 74, "score": 0.997503936290741}, "1": {"posX": 141, "posY": 164, "width": 152, "height": 179, "score": 0.8040055632591248}, "2": {"posX": 13, "posY": 198, "width": 29, "height": 217, "score": 0.7426757216453552}}, "model": "RetinaFaces"}