{"name": "320_ParqueSur_frame_19_57_10_500.jpg", "num_faces": 2, "faces": {"0": {"posX": 63, "posY": 19, "width": 86, "height": 51, "score": 0.9989340901374817}, "1": {"posX": 67, "posY": 99, "width": 86, "height": 113, "score": 0.9033492803573608}}, "model": "RetinaFaces"}