{"name": "610_Arucas_frame_01_40_17_000.jpg", "num_faces": 2, "faces": {"0": {"posX": 4, "posY": 11, "width": 20, "height": 33, "score": 0.9883716702461243}, "1": {"posX": -7, "posY": 16, "width": 10, "height": 46, "score": 0.7311865091323853}}, "model": "RetinaFaces"}