{"name": "226_Teror_frame_01_47_29_000.jpg", "num_faces": 2, "faces": {"0": {"posX": 27, "posY": 131, "width": 44, "height": 152, "score": 0.8797287940979004}, "3": {"posX": 75, "posY": 135, "width": 126, "height": 215, "score": 0.756072461605072}}, "model": ""}