{"name": "351_Teror_frame_02_57_26_000.jpg", "num_faces": 2, "faces": {"0": {"posX": 47, "posY": 34, "width": 109, "height": 108, "score": 0.9978869557380676}, "1": {"posX": -2, "posY": 111, "width": 11, "height": 135, "score": 0.7838603854179382}}, "model": "RetinaFaces"}