{"name": "206_Arucas_frame_01_37_33_000.jpg", "num_faces": 2, "faces": {"0": {"posX": 178, "posY": 24, "width": 301, "height": 177, "score": 0.9374414682388306}, "1": {"posX": 9, "posY": 202, "width": 29, "height": 226, "score": 0.8227874040603638}}, "model": "Img2Pose"}