{"name": "561_Teror_frame_02_57_06_000.jpg", "num_faces": 2, "faces": {"0": {"posX": 141, "posY": 43, "width": 215, "height": 135, "score": 0.9761166572570801}, "1": {"posX": 149, "posY": 32, "width": 174, "height": 63, "score": 0.8613038063049316}}, "model": "Img2Pose"}