{"name": "561_Teror_frame_02_57_05_000.jpg", "num_faces": 3, "faces": {"0": {"posX": 146, "posY": 28, "width": 197, "height": 91, "score": 0.9841430187225342}, "1": {"posX": 2, "posY": 301, "width": 14, "height": 315, "score": 0.8461576700210571}, "2": {"posX": 4, "posY": 61, "width": 20, "height": 80, "score": 0.806058943271637}}, "model": "Img2Pose"}