{"name": "810_Teror_frame_01_32_09_000.jpg", "num_faces": 2, "faces": {"0": {"posX": 72, "posY": 25, "width": 125, "height": 86, "score": 0.9929377436637878}, "1": {"posX": 50, "posY": 40, "width": 65, "height": 60, "score": 0.8877099752426147}}, "model": "RetinaFaces"}