{"name": "729_ParqueSur_frame_15_29_34_000.jpg", "num_faces": 2, "faces": {"0": {"posX": 112, "posY": 23, "width": 156, "height": 76, "score": 0.9796935319900513}, "1": {"posX": 73, "posY": 97, "width": 109, "height": 140, "score": 0.8402672410011292}}, "model": "Img2Pose"}