{"name": "729_Ayagaures_frame_13_57_05_000.jpg", "num_faces": 2, "faces": {"0": {"posX": 36, "posY": 38, "width": 106, "height": 124, "score": 0.9784653186798096}, "1": {"posX": 248, "posY": 173, "width": 256, "height": 183, "score": 0.8349643349647522}}, "model": "Img2Pose"}