{"name": "687_Teror_frame_03_07_59_000.jpg", "num_faces": 2, "faces": {"0": {"posX": 44, "posY": 61, "width": 57, "height": 77, "score": 0.9404014945030212}, "1": {"posX": 67, "posY": 10, "width": 113, "height": 66, "score": 0.91460120677948}}, "model": "Img2Pose"}