{"name": "604_Teror_frame_02_47_26_000.jpg", "num_faces": 2, "faces": {"0": {"posX": 132, "posY": 38, "width": 220, "height": 147, "score": 0.9663577675819397}, "1": {"posX": 325, "posY": 119, "width": 348, "height": 147, "score": 0.9158360958099365}}, "model": "Img2Pose"}