{"name": "615_Teror_frame_02_30_17_000.jpg", "num_faces": 2, "faces": {"0": {"posX": 499, "posY": 364, "width": 518, "height": 387, "score": 0.938230037689209}, "1": {"posX": 41, "posY": 34, "width": 252, "height": 293, "score": 0.9147759675979614}}, "model": "Img2Pose"}