{"name": "615_Ayagaures_frame_18_49_16_000.jpg", "num_faces": 2, "faces": {"0": {"posX": 54, "posY": 21, "width": 93, "height": 70, "score": 0.9905712604522705}, "1": {"posX": 14, "posY": 82, "width": 30, "height": 101, "score": 0.9768266081809998}}, "model": "Img2Pose"}