{"name": "476_Arucas_frame_01_47_35_000.jpg", "num_faces": 2, "faces": {"0": {"posX": 222, "posY": 4, "width": 244, "height": 32, "score": 0.9767702221870422}, "1": {"posX": 165, "posY": 41, "width": 195, "height": 78, "score": 0.8139956593513489}}, "model": "Img2Pose"}