{"name": "556_Teror_frame_02_11_22_000.jpg", "num_faces": 3, "faces": {"0": {"posX": 85, "posY": 46, "width": 140, "height": 115, "score": 0.9916919469833374}, "1": {"posX": 35, "posY": 112, "width": 46, "height": 130, "score": 0.7700021862983704}, "2": {"posX": 179, "posY": 91, "width": 193, "height": 110, "score": 0.7335195541381836}}, "model": "RetinaFaces"}