{"name": "585_Arucas_frame_01_49_46_000.jpg", "num_faces": 2, "faces": {"0": {"posX": 30, "posY": 83, "width": 47, "height": 110, "score": 0.9920154809951782}, "1": {"posX": 118, "posY": 50, "width": 130, "height": 65, "score": 0.7739220261573792}}, "model": "RetinaFaces"}