{"name": "84_Arucas_frame_01_30_22_000.jpg", "num_faces": 2, "faces": {"0": {"posX": 132, "posY": 38, "width": 181, "height": 97, "score": 0.9881206750869751}, "1": {"posX": 3, "posY": 143, "width": 30, "height": 177, "score": 0.786615252494812}}, "model": "RetinaFaces"}