{"name": "84_Arucas_frame_01_30_21_000.jpg", "num_faces": 2, "faces": {"0": {"posX": 26, "posY": 105, "width": 49, "height": 136, "score": 0.9970755577087402}, "1": {"posX": 63, "posY": 75, "width": 81, "height": 101, "score": 0.7825110554695129}}, "model": "RetinaFaces"}