{"name": "326_Arucas_frame_01_40_24_000.jpg", "num_faces": 4, "faces": {"0": {"posX": 32, "posY": 107, "width": 51, "height": 130, "score": 0.9860434532165527}, "1": {"posX": 49, "posY": 103, "width": 68, "height": 124, "score": 0.898527979850769}, "2": {"posX": 5, "posY": 92, "width": 20, "height": 111, "score": 0.874019205570221}, "3": {"posX": 17, "posY": 152, "width": 32, "height": 170, "score": 0.76103675365448}}, "model": "RetinaFaces"}