{"name": "326_Ayagaures_frame_17_57_17_000.jpg", "num_faces": 3, "faces": {"0": {"posX": 44, "posY": 22, "width": 74, "height": 63, "score": 0.9926779270172119}, "1": {"posX": 12, "posY": 166, "width": 24, "height": 176, "score": 0.7977982759475708}, "2": {"posX": 23, "posY": 58, "width": 30, "height": 66, "score": 0.7813883423805237}}, "model": "RetinaFaces"}