{"name": "326_ParqueSur_frame_19_57_17_000.jpg", "num_faces": 2, "faces": {"0": {"posX": 138, "posY": 33, "width": 185, "height": 88, "score": 0.9881225228309631}, "1": {"posX": 205, "posY": 73, "width": 230, "height": 112, "score": 0.9329595565795898}}, "model": "RetinaFaces"}