{"name": "386_Arucas_frame_01_52_22_000.jpg", "num_faces": 3, "faces": {"0": {"posX": 346, "posY": 297, "width": 370, "height": 328, "score": 0.9730254411697388}, "1": {"posX": 174, "posY": 23, "width": 277, "height": 145, "score": 0.9650027751922607}, "2": {"posX": 345, "posY": 334, "width": 359, "height": 349, "score": 0.8521786332130432}}, "model": ""}