{"name": "386_Arucas_frame_01_52_21_000.jpg", "num_faces": 3, "faces": {"0": {"posX": 100, "posY": 106, "width": 121, "height": 131, "score": 0.9917238354682922}, "1": {"posX": 13, "posY": 144, "width": 46, "height": 183, "score": 0.9792847633361816}, "2": {"posX": 138, "posY": 54, "width": 210, "height": 138, "score": 0.9591155648231506}}, "model": ""}