{"name": "445_Arucas_frame_01_38_23_000.jpg", "num_faces": 2, "faces": {"3": {"posX": 166, "posY": 34, "width": 233, "height": 113, "score": 0.9169184565544128}, "4": {"posX": 1, "posY": 102, "width": 25, "height": 132, "score": 0.8169716000556946}}, "model": ""}