{"name": "490_Arucas_frame_01_28_16_000.jpg", "num_faces": 3, "faces": {"0": {"posX": 25, "posY": 8, "width": 42, "height": 31, "score": 0.9919388890266418}, "1": {"posX": 36, "posY": 25, "width": 56, "height": 49, "score": 0.9868766069412231}, "2": {"posX": 1, "posY": 56, "width": 21, "height": 82, "score": 0.9119977355003357}}, "model": "Img2Pose"}