{"name": "490_PresaDeHornos_frame_13_05_09_000.jpg", "num_faces": 2, "faces": {"0": {"posX": 85, "posY": 23, "width": 127, "height": 76, "score": 0.9837000966072083}, "1": {"posX": 30, "posY": 26, "width": 39, "height": 37, "score": 0.8592824935913086}}, "model": "Img2Pose"}