{"name": "679_Arucas_frame_01_24_17_000.jpg", "num_faces": 4, "faces": {"0": {"posX": 13, "posY": 105, "width": 36, "height": 133, "score": 0.9726786017417908}, "1": {"posX": 34, "posY": 86, "width": 54, "height": 110, "score": 0.9703341722488403}, "2": {"posX": 50, "posY": 92, "width": 70, "height": 120, "score": 0.9383453726768494}, "4": {"posX": 42, "posY": 88, "width": 63, "height": 115, "score": 0.8683722615242004}}, "model": ""}