{"name": "486_Teror_frame_02_28_37_000.jpg", "num_faces": 2, "faces": {"0": {"posX": 35, "posY": 40, "width": 53, "height": 62, "score": 0.9811279773712158}, "1": {"posX": 119, "posY": 83, "width": 138, "height": 105, "score": 0.8326948881149292}}, "model": "Img2Pose"}