{"name": "486_Arucas_frame_01_40_44_000.jpg", "num_faces": 2, "faces": {"0": {"posX": 10, "posY": 123, "width": 49, "height": 171, "score": 0.9894790053367615}, "1": {"posX": 403, "posY": 158, "width": 433, "height": 194, "score": 0.844582736492157}}, "model": "Img2Pose"}