{"name": "486_Arucas_frame_01_40_42_000.jpg", "num_faces": 2, "faces": {"0": {"posX": 0, "posY": 36, "width": 16, "height": 60, "score": 0.8825792074203491}, "1": {"posX": 30, "posY": 16, "width": 45, "height": 36, "score": 0.810268759727478}}, "model": "Img2Pose"}