{"name": "7_Arucas_frame_01_18_23_000.jpg", "num_faces": 4, "faces": {"0": {"posX": 24, "posY": 29, "width": 53, "height": 65, "score": 0.9920404553413391}, "1": {"posX": 69, "posY": 217, "width": 102, "height": 256, "score": 0.9655964970588684}, "2": {"posX": 11, "posY": 123, "width": 45, "height": 163, "score": 0.9247642755508423}, "3": {"posX": 130, "posY": 17, "width": 158, "height": 49, "score": 0.8044174909591675}}, "model": "Img2Pose"}