{"name": "373_Arucas_frame_01_51_51_000.jpg", "num_faces": 2, "faces": {"0": {"posX": 43, "posY": 46, "width": 65, "height": 71, "score": 0.9881598949432373}, "1": {"posX": 61, "posY": 41, "width": 80, "height": 63, "score": 0.9640272259712219}}, "model": "Img2Pose"}