{"name": "373_Arucas_frame_01_51_52_000.jpg", "num_faces": 2, "faces": {"0": {"posX": 51, "posY": 114, "width": 73, "height": 139, "score": 0.9926169514656067}, "1": {"posX": 68, "posY": 109, "width": 84, "height": 129, "score": 0.953460156917572}}, "model": "Img2Pose"}