{"name": "162_PresaDeHornos_frame_13_47_24_000.jpg", "num_faces": 2, "faces": {"0": {"posX": 58, "posY": 23, "width": 79, "height": 48, "score": 0.9599188566207886}, "1": {"posX": 35, "posY": 261, "width": 53, "height": 281, "score": 0.879092812538147}}}