{"name": "175_Teror_frame_03_12_19_000.jpg", "num_faces": 2, "faces": {"0": {"posX": 235, "posY": 112, "width": 253, "height": 132, "score": 0.968559741973877}, "1": {"posX": 132, "posY": 35, "width": 208, "height": 128, "score": 0.947447657585144}}, "model": "Img2Pose"}