{"name": "600_Teror_frame_02_02_17_000.jpg", "num_faces": 4, "faces": {"0": {"posX": 34, "posY": 37, "width": 47, "height": 56, "score": 0.9118052124977112}, "1": {"posX": 21, "posY": 84, "width": 101, "height": 188, "score": 0.8850975036621094}, "2": {"posX": 18, "posY": 67, "width": 62, "height": 106, "score": 0.7940654158592224}, "3": {"posX": 62, "posY": 17, "width": 91, "height": 51, "score": 0.7191667556762695}}, "model": "RetinaFaces"}