{"name": "600_Arucas_frame_01_26_13_000.jpg", "num_faces": 2, "faces": {"0": {"posX": 44, "posY": 72, "width": 64, "height": 100, "score": 0.9973146319389343}, "1": {"posX": -14, "posY": 107, "width": 8, "height": 142, "score": 0.8520728945732117}}, "model": "RetinaFaces"}