{"name": "600_Arucas_frame_01_26_12_000.jpg", "num_faces": 2, "faces": {"0": {"posX": 62, "posY": 23, "width": 80, "height": 49, "score": 0.9755252599716187}, "1": {"posX": -7, "posY": 51, "width": 25, "height": 89, "score": 0.8656191825866699}}, "model": "RetinaFaces"}