{"name": "540_Teror_frame_03_11_03_000.jpg", "num_faces": 2, "faces": {"0": {"posX": 85, "posY": 26, "width": 133, "height": 83, "score": 0.8935847282409668}, "1": {"posX": 7, "posY": 54, "width": 23, "height": 71, "score": 0.8384113311767578}}, "model": "Img2Pose"}