{"name": "57_Arucas_frame_01_32_05_000.jpg", "num_faces": 2, "faces": {"0": {"posX": 0, "posY": 201, "width": 27, "height": 243, "score": 0.9943320751190186}, "1": {"posX": 93, "posY": 117, "width": 135, "height": 168, "score": 0.9910789132118225}}, "model": "RetinaFaces"}