{"name": "282_Arucas_frame_01_35_06_000.jpg", "num_faces": 3, "faces": {"0": {"posX": 100, "posY": 69, "width": 142, "height": 129, "score": 0.948114812374115}, "1": {"posX": 69, "posY": 44, "width": 91, "height": 69, "score": 0.936436653137207}, "2": {"posX": -1, "posY": 78, "width": 23, "height": 108, "score": 0.740257978439331}}}