{"name": "141_Teror_frame_02_44_43_000.jpg", "num_faces": 2, "faces": {"0": {"posX": 63, "posY": 149, "width": 85, "height": 165, "score": 0.8884454965591431}, "1": {"posX": 102, "posY": 39, "width": 114, "height": 50, "score": 0.7371733784675598}}}