{"name": "573_Arucas_frame_01_42_53_000.jpg", "num_faces": 3, "faces": {"0": {"posX": 223, "posY": 41, "width": 244, "height": 65, "score": 0.9964665174484253}, "1": {"posX": 27, "posY": 135, "width": 51, "height": 175, "score": 0.9302042722702026}, "2": {"posX": 255, "posY": 43, "width": 269, "height": 60, "score": 0.9145649075508118}}, "model": "RetinaFaces"}