{"name": "309_Arucas_frame_01_24_22_000.jpg", "num_faces": 2, "faces": {"0": {"posX": 2, "posY": 70, "width": 31, "height": 104, "score": 0.9785760045051575}, "1": {"posX": 16, "posY": 123, "width": 37, "height": 148, "score": 0.9212319254875183}}, "model": "Img2Pose"}