{"name": "814_Teror_frame_03_05_47_000.jpg", "num_faces": 2, "faces": {"0": {"posX": 44, "posY": 58, "width": 61, "height": 77, "score": 0.9841242432594299}, "1": {"posX": 100, "posY": 6, "width": 150, "height": 67, "score": 0.815868079662323}}, "model": "Img2Pose"}