{"name": "765_Arucas_frame_01_45_39_000.jpg", "num_faces": 2, "faces": {"0": {"posX": 97, "posY": 53, "width": 147, "height": 119, "score": 0.998715877532959}, "1": {"posX": 55, "posY": 23, "width": 73, "height": 45, "score": 0.9348675608634949}}, "model": "RetinaFaces"}