{"name": "765_Arucas_frame_01_45_40_000.jpg", "num_faces": 2, "faces": {"0": {"posX": 125, "posY": 63, "width": 185, "height": 144, "score": 0.9961155652999878}, "1": {"posX": 85, "posY": 79, "width": 100, "height": 99, "score": 0.9697704911231995}}, "model": "RetinaFaces"}