{"name": "233_Arucas_frame_01_52_28_000.jpg", "num_faces": 2, "faces": {"0": {"posX": 13, "posY": 121, "width": 45, "height": 161, "score": 0.9474398493766785}, "1": {"posX": 0, "posY": 131, "width": 30, "height": 166, "score": 0.9466235637664795}}, "model": "Img2Pose"}