{"name": "233_Arucas_frame_01_52_27_000.jpg", "num_faces": 2, "faces": {"0": {"posX": 0, "posY": 75, "width": 24, "height": 109, "score": 0.9814638495445251}, "1": {"posX": 24, "posY": 66, "width": 50, "height": 96, "score": 0.9086349010467529}}, "model": "Img2Pose"}