{"name": "233_Arucas_frame_01_52_29_000.jpg", "num_faces": 2, "faces": {"0": {"posX": 2, "posY": 91, "width": 31, "height": 126, "score": 0.9724233150482178}, "1": {"posX": 20, "posY": 67, "width": 51, "height": 108, "score": 0.9174866676330566}}, "model": "Img2Pose"}