{"name": "123_Teror_frame_02_12_45_000.jpg", "num_faces": 3, "faces": {"0": {"posX": 248, "posY": 123, "width": 270, "height": 148, "score": 0.9885258674621582}, "1": {"posX": 187, "posY": 116, "width": 204, "height": 137, "score": 0.9746397137641907}, "2": {"posX": 64, "posY": 28, "width": 141, "height": 121, "score": 0.9276854991912842}}, "model": ""}