{"name": "752_Arucas_frame_01_34_22_000.jpg", "num_faces": 3, "faces": {"0": {"posX": 41, "posY": 74, "width": 82, "height": 125, "score": 0.9912403225898743}, "1": {"posX": 255, "posY": 151, "width": 281, "height": 183, "score": 0.9466920495033264}, "2": {"posX": 141, "posY": 51, "width": 231, "height": 157, "score": 0.8250958323478699}}, "model": "Img2Pose"}