{"name": "752_Teror_frame_02_17_11_000.jpg", "num_faces": 2, "faces": {"0": {"posX": 85, "posY": 12, "width": 153, "height": 98, "score": 0.9672265648841858}, "1": {"posX": 0, "posY": 29, "width": 14, "height": 51, "score": 0.8139306902885437}}, "model": "Img2Pose"}