{"name": "25_Arucas_frame_01_13_22_000.jpg", "num_faces": 5, "faces": {"0": {"posX": 7, "posY": 63, "width": 41, "height": 105, "score": 0.9884560108184814}, "1": {"posX": 41, "posY": 110, "width": 66, "height": 143, "score": 0.9868130683898926}, "2": {"posX": 7, "posY": 24, "width": 35, "height": 59, "score": 0.9729154109954834}, "3": {"posX": 37, "posY": 13, "width": 66, "height": 50, "score": 0.9612261652946472}, "4": {"posX": 83, "posY": 0, "width": 104, "height": 16, "score": 0.8514817953109741}}, "model": "Img2Pose"}