{"name": "25_Arucas_frame_01_13_21_000.jpg", "num_faces": 2, "faces": {"0": {"posX": 38, "posY": 27, "width": 68, "height": 66, "score": 0.9806053638458252}, "1": {"posX": 6, "posY": 28, "width": 42, "height": 73, "score": 0.9801677465438843}}, "model": "Img2Pose"}