{"name": "25_Arucas_frame_01_13_20_000.jpg", "num_faces": 2, "faces": {"0": {"posX": 9, "posY": 50, "width": 37, "height": 85, "score": 0.956928014755249}, "1": {"posX": 17, "posY": 13, "width": 41, "height": 42, "score": 0.8780151009559631}}, "model": "Img2Pose"}