{"name": "491_Ayagaures_frame_17_40_50_000.jpg", "num_faces": 2, "faces": {"0": {"posX": 97, "posY": 30, "width": 172, "height": 120, "score": 0.9931640028953552}, "1": {"posX": 372, "posY": 156, "width": 380, "height": 167, "score": 0.9701277017593384}}, "model": ""}