{"name": "653_Teror_frame_02_30_22_000.jpg", "num_faces": 2, "faces": {"0": {"posX": 388, "posY": 219, "width": 409, "height": 245, "score": 0.9834023714065552}, "1": {"posX": 75, "posY": 52, "width": 215, "height": 218, "score": 0.8832809329032898}}, "model": ""}