{"name": "613_Arucas_frame_01_27_25_000.jpg", "num_faces": 2, "faces": {"0": {"posX": 7, "posY": 4, "width": 24, "height": 30, "score": 0.9699961543083191}, "1": {"posX": 20, "posY": 5, "width": 34, "height": 25, "score": 0.9316543936729431}}, "model": "RetinaFaces"}