{"name": "748_Teror_frame_02_17_43_000.jpg", "num_faces": 2, "faces": {"0": {"posX": 0, "posY": 201, "width": 27, "height": 235, "score": 0.9874710440635681}, "1": {"posX": 338, "posY": 255, "width": 358, "height": 279, "score": 0.9864141345024109}}, "model": "Img2Pose"}