{"name": "766_Arucas_frame_01_44_03_000.jpg", "num_faces": 2, "faces": {"0": {"posX": 195, "posY": 20, "width": 214, "height": 43, "score": 0.9333001375198364}, "1": {"posX": 16, "posY": 89, "width": 50, "height": 128, "score": 0.9042598605155945}}, "model": "Img2Pose"}