{"name": "455_Arucas_frame_01_35_18_000.jpg", "num_faces": 3, "faces": {"0": {"posX": 152, "posY": 24, "width": 206, "height": 90, "score": 0.9887729287147522}, "1": {"posX": 74, "posY": 32, "width": 96, "height": 59, "score": 0.964874804019928}, "2": {"posX": 0, "posY": 83, "width": 28, "height": 117, "score": 0.870618999004364}}, "model": "Img2Pose"}