{"name": "455_Arucas_frame_01_35_17_000.jpg", "num_faces": 2, "faces": {"0": {"posX": 105, "posY": 24, "width": 150, "height": 79, "score": 0.968784511089325}, "1": {"posX": 126, "posY": 4, "width": 133, "height": 13, "score": 0.8079315423965454}}, "model": "Img2Pose"}