{"name": "455_Arucas_frame_01_35_19_000.jpg", "num_faces": 2, "faces": {"0": {"posX": 158, "posY": 24, "width": 236, "height": 120, "score": 0.9802541136741638}, "1": {"posX": 12, "posY": 120, "width": 57, "height": 172, "score": 0.8671279549598694}}, "model": "Img2Pose"}