{"name": "455_Teror_frame_02_21_44_000.jpg", "num_faces": 2, "faces": {"0": {"posX": 75, "posY": 35, "width": 131, "height": 102, "score": 0.9359604120254517}, "1": {"posX": 185, "posY": 106, "width": 206, "height": 132, "score": 0.9129093289375305}}, "model": "Img2Pose"}