{"name": "235_Teror_frame_03_14_54_000.jpg", "num_faces": 2, "faces": {"0": {"posX": 61, "posY": 29, "width": 143, "height": 130, "score": 0.9676327705383301}, "1": {"posX": 2, "posY": 296, "width": 19, "height": 315, "score": 0.9272275567054749}}, "model": ""}