{"name": "488_Teror_frame_02_09_37_000.jpg", "num_faces": 3, "faces": {"0": {"posX": 165, "posY": 51, "width": 187, "height": 78, "score": 0.9803639650344849}, "1": {"posX": 41, "posY": 57, "width": 58, "height": 85, "score": 0.9796144366264343}, "2": {"posX": 85, "posY": 41, "width": 145, "height": 116, "score": 0.9164445996284485}}, "model": "RetinaFaces"}