{"name": "488_Ayagaures_frame_18_59_27_000.jpg", "num_faces": 2, "faces": {"0": {"posX": 38, "posY": 21, "width": 66, "height": 61, "score": 0.997795581817627}, "1": {"posX": -2, "posY": 57, "width": 6, "height": 68, "score": 0.9263405203819275}}, "model": "RetinaFaces"}