{"name": "591_Teror_frame_02_02_23_000.jpg", "num_faces": 3, "faces": {"0": {"posX": 97, "posY": 15, "width": 113, "height": 34, "score": 0.9703998565673828}, "1": {"posX": 43, "posY": 17, "width": 74, "height": 55, "score": 0.942662239074707}, "2": {"posX": 89, "posY": 62, "width": 129, "height": 109, "score": 0.7647629976272583}}, "model": "RetinaFaces"}