{"name": "542_Arucas_frame_01_34_18_000.jpg", "num_faces": 3, "faces": {"0": {"posX": 1, "posY": 48, "width": 23, "height": 74, "score": 0.978934109210968}, "1": {"posX": 85, "posY": 2, "width": 105, "height": 30, "score": 0.8581046462059021}, "2": {"posX": 54, "posY": 60, "width": 69, "height": 78, "score": 0.8139195442199707}}, "model": "Img2Pose"}