{"name": "542_PresaDeHornos_frame_13_00_41_000.jpg", "num_faces": 2, "faces": {"0": {"posX": 80, "posY": 18, "width": 138, "height": 90, "score": 0.9845640659332275}, "1": {"posX": 51, "posY": 67, "width": 71, "height": 91, "score": 0.8602467179298401}}, "model": "Img2Pose"}