{"name": "542_PresaDeHornos_frame_13_00_42_000.jpg", "num_faces": 2, "faces": {"0": {"posX": 176, "posY": 7, "width": 261, "height": 112, "score": 0.9841242432594299}, "1": {"posX": 61, "posY": 77, "width": 103, "height": 128, "score": 0.9802461266517639}}, "model": "Img2Pose"}