{"name": "542_PresaDeHornos_frame_13_00_40_000.jpg", "num_faces": 2, "faces": {"0": {"posX": 65, "posY": 11, "width": 109, "height": 62, "score": 0.9874417781829834}, "1": {"posX": 103, "posY": 55, "width": 118, "height": 73, "score": 0.9005512595176697}}, "model": "Img2Pose"}