{"name": "542_PresaDeHornos_frame_13_00_38_000.jpg", "num_faces": 2, "faces": {"0": {"posX": 92, "posY": 25, "width": 100, "height": 34, "score": 0.8605765104293823}, "1": {"posX": 49, "posY": 20, "width": 71, "height": 47, "score": 0.8278695940971375}}, "model": "Img2Pose"}