{"name": "542_Arucas_frame_01_34_16_000.jpg", "num_faces": 2, "faces": {"0": {"posX": 0, "posY": 31, "width": 18, "height": 52, "score": 0.8806179165840149}, "1": {"posX": 82, "posY": 170, "width": 97, "height": 187, "score": 0.8703590035438538}}, "model": "Img2Pose"}