{"name": "542_Teror_frame_02_13_02_000.jpg", "num_faces": 2, "faces": {"0": {"posX": 191, "posY": 76, "width": 208, "height": 96, "score": 0.9791389107704163}, "1": {"posX": 0, "posY": 55, "width": 20, "height": 86, "score": 0.9757474064826965}}, "model": "Img2Pose"}