{"name": "489_Teror_frame_02_14_29_000.jpg", "num_faces": 2, "faces": {"0": {"posX": 145, "posY": 56, "width": 160, "height": 74, "score": 0.9763022065162659}, "1": {"posX": 57, "posY": 29, "width": 98, "height": 79, "score": 0.9571563005447388}}, "model": "Img2Pose"}