{"name": "489_Teror_frame_02_14_30_000.jpg", "num_faces": 2, "faces": {"0": {"posX": 231, "posY": 142, "width": 251, "height": 166, "score": 0.9850200414657593}, "1": {"posX": 72, "posY": 50, "width": 156, "height": 151, "score": 0.9437095522880554}}, "model": "Img2Pose"}