{"name": "175_Teror_frame_03_12_18_000.jpg", "num_faces": 2, "faces": {"0": {"posX": 27, "posY": 75, "width": 38, "height": 94, "score": 0.8804367780685425}, "1": {"posX": 82, "posY": 34, "width": 124, "height": 87, "score": 0.8739053606987}}, "model": "RetinaFaces"}