{"name": "720_Teror_frame_02_27_10_000.jpg", "num_faces": 3, "faces": {"0": {"posX": 35, "posY": 28, "width": 79, "height": 81, "score": 0.9859979152679443}, "1": {"posX": 126, "posY": 9, "width": 150, "height": 39, "score": 0.9476974010467529}, "2": {"posX": 80, "posY": 19, "width": 100, "height": 51, "score": 0.7961446046829224}}, "model": "RetinaFaces"}