{"name": "584_Arucas_frame_01_34_39_000.jpg", "num_faces": 2, "faces": {"0": {"posX": 0, "posY": 252, "width": 23, "height": 286, "score": 0.9932193160057068}, "1": {"posX": 25, "posY": 219, "width": 53, "height": 259, "score": 0.9881554841995239}}, "model": "RetinaFaces"}