{"name": "584_ParqueSur_frame_19_17_42_500.jpg", "num_faces": 2, "faces": {"0": {"posX": 57, "posY": 35, "width": 89, "height": 77, "score": 0.9962984919548035}, "1": {"posX": 25, "posY": 293, "width": 90, "height": 391, "score": 0.8963592052459717}}, "model": "RetinaFaces"}