{"name": "584_ParqueSur_frame_19_17_40_500.jpg", "num_faces": 2, "faces": {"0": {"posX": 43, "posY": 17, "width": 66, "height": 48, "score": 0.998867392539978}, "1": {"posX": 7, "posY": 123, "width": 80, "height": 182, "score": 0.7361478209495544}}, "model": "RetinaFaces"}