{"name": "575_PresaDeHornos_frame_13_30_27_000.jpg", "num_faces": 2, "faces": {"0": {"posX": 55, "posY": 27, "width": 82, "height": 59, "score": 0.9847913384437561}, "1": {"posX": 93, "posY": 138, "width": 117, "height": 167, "score": 0.8163249492645264}}, "model": "RetinaFaces"}