{"name": "278_ParqueSur_frame_19_41_31_000.jpg", "num_faces": 2, "faces": {"0": {"posX": 29, "posY": 16, "width": 45, "height": 36, "score": 0.9966427087783813}, "1": {"posX": -10, "posY": 91, "width": 27, "height": 138, "score": 0.8429108262062073}}}