{"name": "278_Arucas_frame_01_30_30_000.jpg", "num_faces": 3, "faces": {"0": {"posX": 20, "posY": 120, "width": 40, "height": 145, "score": 0.9699010252952576}, "1": {"posX": 124, "posY": 19, "width": 142, "height": 41, "score": 0.9340771436691284}, "2": {"posX": -3, "posY": 113, "width": 18, "height": 144, "score": 0.8466443419456482}}}