{"name": "83_Arucas_frame_01_38_44_000.jpg", "num_faces": 2, "faces": {"0": {"posX": -1, "posY": 30, "width": 25, "height": 68, "score": 0.9992488026618958}, "1": {"posX": 66, "posY": 29, "width": 109, "height": 85, "score": 0.9886059165000916}}, "model": "RetinaFaces"}