{"name": "83_Arucas_frame_01_38_46_000.jpg", "num_faces": 2, "faces": {"0": {"posX": 237, "posY": 11, "width": 255, "height": 32, "score": 0.9872835874557495}, "1": {"posX": 200, "posY": 5, "width": 217, "height": 27, "score": 0.985374927520752}}, "model": "RetinaFaces"}