{"name": "25_Arucas_frame_01_13_22_000.jpg", "num_faces": 3, "faces": {"0": {"posX": 11, "posY": 67, "width": 39, "height": 106, "score": 0.9973506927490234}, "1": {"posX": 42, "posY": 112, "width": 67, "height": 144, "score": 0.9964224696159363}, "4": {"posX": -3, "posY": 63, "width": 21, "height": 101, "score": 0.9393301606178284}}, "model": ""}