{"name": "638_Teror_frame_02_04_19_000.jpg", "num_faces": 2, "faces": {"0": {"posX": 93, "posY": 44, "width": 159, "height": 131, "score": 0.9987713694572449}, "1": {"posX": 221, "posY": 140, "width": 237, "height": 161, "score": 0.8560209274291992}}, "model": ""}