{"name": "695_Arucas_frame_01_33_49_000.jpg", "num_faces": 2, "faces": {"0": {"posX": 97, "posY": 78, "width": 176, "height": 177, "score": 0.9571017026901245}, "1": {"posX": 56, "posY": 116, "width": 82, "height": 144, "score": 0.9086874127388}}, "model": ""}