{"name": "276_Arucas_frame_01_36_15_000.jpg", "num_faces": 2, "faces": {"0": {"posX": 0, "posY": 5, "width": 23, "height": 36, "score": 0.9790552258491516}, "1": {"posX": 74, "posY": 37, "width": 99, "height": 67, "score": 0.9544856548309326}}, "model": "Img2Pose"}