{"name": "820_Arucas_frame_01_34_24_000.jpg", "num_faces": 3, "faces": {"0": {"posX": 293, "posY": 130, "width": 323, "height": 171, "score": 0.9758150577545166}, "1": {"posX": 47, "posY": 15, "width": 106, "height": 88, "score": 0.9504913687705994}, "2": {"posX": 145, "posY": 72, "width": 233, "height": 177, "score": 0.9046592712402344}}, "model": "Img2Pose"}