{"name": "766_Arucas_frame_01_44_03_000.jpg", "num_faces": 2, "faces": {"0": {"posX": 14, "posY": 86, "width": 48, "height": 130, "score": 0.9984084963798523}, "1": {"posX": 219, "posY": 6, "width": 237, "height": 25, "score": 0.8983510136604309}}, "model": "RetinaFaces"}