{"name": "766_Teror_frame_02_43_47_000.jpg", "num_faces": 2, "faces": {"0": {"posX": 40, "posY": 29, "width": 75, "height": 69, "score": 0.9783753752708435}, "1": {"posX": 93, "posY": 19, "width": 107, "height": 41, "score": 0.8629907965660095}}, "model": "RetinaFaces"}