{"name": "114_Teror_frame_02_15_16_000.jpg", "num_faces": 2, "faces": {"0": {"posX": 64, "posY": 17, "width": 96, "height": 59, "score": 0.9771512746810913}, "1": {"posX": 125, "posY": 181, "width": 161, "height": 219, "score": 0.8695468306541443}}}