{"name": "698_Teror_frame_03_15_17_000.jpg", "num_faces": 2, "faces": {"0": {"posX": 82, "posY": 36, "width": 138, "height": 108, "score": 0.9882914423942566}, "1": {"posX": 232, "posY": 70, "width": 244, "height": 87, "score": 0.8986852765083313}}, "model": "RetinaFaces"}