{"name": "654_Teror_frame_02_41_16_000.jpg", "num_faces": 3, "faces": {"0": {"posX": 148, "posY": 69, "width": 166, "height": 89, "score": 0.9715596437454224}, "1": {"posX": 40, "posY": 91, "width": 63, "height": 118, "score": 0.9238194823265076}, "2": {"posX": 229, "posY": 87, "width": 243, "height": 104, "score": 0.8417494297027588}}, "model": "Img2Pose"}