{"name": "584_Teror_frame_02_15_16_000.jpg", "num_faces": 2, "faces": {"0": {"posX": 177, "posY": 39, "width": 341, "height": 232, "score": 0.975802481174469}, "1": {"posX": 480, "posY": 76, "width": 497, "height": 105, "score": 0.961933434009552}}, "model": ""}