{"name": "326_Arucas_frame_01_40_24_000.jpg", "num_faces": 2, "faces": {"0": {"posX": 3, "posY": 91, "width": 20, "height": 111, "score": 0.9803910255432129}, "1": {"posX": 33, "posY": 108, "width": 53, "height": 133, "score": 0.950927734375}}, "model": "Img2Pose"}