{"name": "326_Ayagaures_frame_17_57_17_000.jpg", "num_faces": 2, "faces": {"0": {"posX": 43, "posY": 19, "width": 76, "height": 59, "score": 0.9877705574035645}, "1": {"posX": 24, "posY": 58, "width": 31, "height": 66, "score": 0.9592372179031372}}, "model": "Img2Pose"}