{"name": "273_Arucas_frame_01_27_33_000.jpg", "num_faces": 2, "faces": {"0": {"posX": 9, "posY": 60, "width": 34, "height": 89, "score": 0.848101019859314}, "1": {"posX": 45, "posY": 0, "width": 62, "height": 13, "score": 0.8173441290855408}}, "model": "RetinaFaces"}