{"name": "123_Arucas_frame_01_32_57_000.jpg", "num_faces": 3, "faces": {"0": {"posX": 88, "posY": 31, "width": 131, "height": 83, "score": 0.9891031980514526}, "1": {"posX": 10, "posY": 36, "width": 35, "height": 62, "score": 0.8423793911933899}, "2": {"posX": 46, "posY": 41, "width": 57, "height": 56, "score": 0.7071954607963562}}, "model": "RetinaFaces"}