{"name": "123_Teror_frame_02_12_44_000.jpg", "num_faces": 2, "faces": {"0": {"posX": 34, "posY": 23, "width": 76, "height": 75, "score": 0.9716794490814209}, "1": {"posX": 123, "posY": 49, "width": 135, "height": 67, "score": 0.9604309797286987}}, "model": "RetinaFaces"}