{"name": "17_Teror_frame_01_27_32_000.jpg", "num_faces": 2, "faces": {"0": {"posX": 15, "posY": 89, "width": 32, "height": 109, "score": 0.9901160597801208}, "1": {"posX": 46, "posY": 93, "width": 59, "height": 112, "score": 0.8308811783790588}}, "model": ""}