{"name": "795_Teror_frame_02_19_31_000.jpg", "num_faces": 2, "faces": {"0": {"posX": 423, "posY": 243, "width": 447, "height": 274, "score": 0.9956443309783936}, "1": {"posX": 35, "posY": 16, "width": 197, "height": 217, "score": 0.991320788860321}}, "model": "RetinaFaces"}