{"name": "795_Arucas_frame_01_39_23_000.jpg", "num_faces": 2, "faces": {"0": {"posX": 211, "posY": 52, "width": 295, "height": 166, "score": 0.9708908796310425}, "1": {"posX": 55, "posY": 150, "width": 71, "height": 169, "score": 0.9598994255065918}}, "model": "RetinaFaces"}