{"name": "556_Teror_frame_02_11_22_000.jpg", "num_faces": 2, "faces": {"0": {"posX": 83, "posY": 33, "width": 147, "height": 113, "score": 0.9761383533477783}, "1": {"posX": 178, "posY": 92, "width": 193, "height": 110, "score": 0.9692530632019043}}, "model": ""}