{"name": "813_Ayagaures_frame_14_43_16_000.jpg", "num_faces": 2, "faces": {"0": {"posX": 37, "posY": 35, "width": 69, "height": 75, "score": 0.9962834715843201}, "1": {"posX": 21, "posY": 264, "width": 135, "height": 382, "score": 0.7736552953720093}}, "model": "RetinaFaces"}