{"name": "813_ParqueSur_frame_16_40_00_000.jpg", "num_faces": 2, "faces": {"0": {"posX": 163, "posY": 33, "width": 211, "height": 89, "score": 0.9985640645027161}, "1": {"posX": 190, "posY": 234, "width": 204, "height": 251, "score": 0.788116455078125}}, "model": "RetinaFaces"}