{"name": "813_Arucas_frame_01_21_13_000.jpg", "num_faces": 2, "faces": {"0": {"posX": 56, "posY": 49, "width": 97, "height": 99, "score": 0.9632331728935242}, "1": {"posX": 41, "posY": 171, "width": 112, "height": 220, "score": 0.7422714829444885}}, "model": "RetinaFaces"}