{"name": "720_Teror_frame_02_27_11_000.jpg", "num_faces": 2, "faces": {"2": {"posX": 269, "posY": 54, "width": 315, "height": 111, "score": 0.9704058170318604}, "3": {"posX": 101, "posY": 55, "width": 175, "height": 146, "score": 0.8965671062469482}}, "model": ""}