{"name": "597_Teror_frame_02_00_57_000.jpg", "num_faces": 2, "faces": {"0": {"posX": 38, "posY": 40, "width": 64, "height": 70, "score": 0.9826481938362122}, "1": {"posX": 226, "posY": 52, "width": 243, "height": 73, "score": 0.9068249464035034}}, "model": "Img2Pose"}