{"name": "109_Arucas_frame_01_45_51_000.jpg", "num_faces": 2, "faces": {"0": {"posX": 50, "posY": 119, "width": 73, "height": 148, "score": 0.9250108599662781}, "1": {"posX": -1, "posY": 237, "width": 14, "height": 251, "score": 0.8187963366508484}}, "model": "RetinaFaces"}