{"name": "744_Arucas_frame_01_37_36_000.jpg", "num_faces": 3, "faces": {"0": {"posX": 0, "posY": 61, "width": 16, "height": 83, "score": 0.9519277215003967}, "1": {"posX": 78, "posY": 38, "width": 98, "height": 66, "score": 0.900841474533081}, "2": {"posX": 236, "posY": 165, "width": 306, "height": 251, "score": 0.8507567644119263}}, "model": "Img2Pose"}