{"name": "344_PresaDeHornos_frame_13_40_39_000.jpg", "num_faces": 2, "faces": {"0": {"posX": 56, "posY": 20, "width": 82, "height": 50, "score": 0.9983314871788025}, "1": {"posX": 65, "posY": 188, "width": 93, "height": 222, "score": 0.8380588889122009}}, "model": "RetinaFaces"}