{"name": "344_Arucas_frame_01_45_35_000.jpg", "num_faces": 2, "faces": {"0": {"posX": 179, "posY": 51, "width": 249, "height": 138, "score": 0.9910099506378174}, "1": {"posX": 28, "posY": 125, "width": 43, "height": 143, "score": 0.8003588318824768}}, "model": "RetinaFaces"}