{"name": "508_Arucas_frame_01_46_48_000.jpg", "num_faces": 2, "faces": {"0": {"posX": 50, "posY": 51, "width": 74, "height": 78, "score": 0.957513153553009}, "1": {"posX": 31, "posY": 66, "width": 44, "height": 81, "score": 0.7790330052375793}}, "model": "RetinaFaces"}