{"name": "508_Teror_frame_02_48_11_000.jpg", "num_faces": 2, "faces": {"0": {"posX": 8, "posY": 43, "width": 37, "height": 76, "score": 0.9912828207015991}, "1": {"posX": 155, "posY": 43, "width": 178, "height": 76, "score": 0.9249527454376221}}, "model": "RetinaFaces"}