{"name": "116_Arucas_frame_01_33_55_000.jpg", "num_faces": 2, "faces": {"0": {"posX": 8, "posY": 129, "width": 37, "height": 165, "score": 0.9758578538894653}, "1": {"posX": 111, "posY": 36, "width": 161, "height": 97, "score": 0.8809781670570374}}, "model": "Img2Pose"}