{"name": "476_Arucas_frame_01_47_36_000.jpg", "num_faces": 2, "faces": {"0": {"posX": 130, "posY": 33, "width": 203, "height": 120, "score": 0.9229165315628052}, "1": {"posX": 60, "posY": 101, "width": 94, "height": 139, "score": 0.8860493898391724}}, "model": ""}