{"name": "476_Arucas_frame_01_47_36_000.json", "num_faces": 2, "faces": {"0": {"posX": 130, "posY": 33, "width": 203, "height": 120, "score": 0.9229165315628052}, "2": {"posX": 324, "posY": 36, "width": 372, "height": 95, "score": 0.8782752752304077}}, "model": ""}