{"name": "62_Teror_frame_02_44_34_000.jpg", "num_faces": 2, "faces": {"0": {"posX": 139, "posY": 83, "width": 154, "height": 101, "score": 0.9561798572540283}, "1": {"posX": 54, "posY": 24, "width": 124, "height": 110, "score": 0.9278601408004761}}, "model": ""}