{"name": "682_Arucas_frame_01_29_30_000.jpg", "num_faces": 3, "faces": {"0": {"posX": 42, "posY": 122, "width": 65, "height": 154, "score": 0.9776095151901245}, "1": {"posX": 48, "posY": 33, "width": 72, "height": 61, "score": 0.9578661918640137}, "2": {"posX": 117, "posY": 66, "width": 132, "height": 91, "score": 0.922188937664032}}, "model": "RetinaFaces"}