{"name": "130_Arucas_frame_01_34_33_000.jpg", "num_faces": 2, "faces": {"0": {"posX": 98, "posY": 34, "width": 157, "height": 107, "score": 0.9386094808578491}, "1": {"posX": 58, "posY": 34, "width": 78, "height": 60, "score": 0.933268666267395}}, "model": "Img2Pose"}