{"name": "130_Teror_frame_02_14_37_000.jpg", "num_faces": 2, "faces": {"0": {"posX": 36, "posY": 47, "width": 51, "height": 66, "score": 0.9617379307746887}, "1": {"posX": 61, "posY": 21, "width": 91, "height": 58, "score": 0.9299996495246887}}, "model": "Img2Pose"}