{"name": "130_Arucas_frame_01_34_32_000.jpg", "num_faces": 2, "faces": {"0": {"posX": 77, "posY": 25, "width": 123, "height": 83, "score": 0.9596946239471436}, "1": {"posX": 147, "posY": 6, "width": 161, "height": 23, "score": 0.8913613557815552}}, "model": "Img2Pose"}