{"name": "621_Ayagaures_frame_17_33_16_000.jpg", "num_faces": 2, "faces": {"0": {"posX": 140, "posY": 15, "width": 199, "height": 86, "score": 0.979328989982605}, "1": {"posX": 251, "posY": 262, "width": 266, "height": 278, "score": 0.925804615020752}}, "model": "Img2Pose"}