{"name": "621_Ayagaures_frame_17_33_15_000.jpg", "num_faces": 2, "faces": {"0": {"posX": 40, "posY": 15, "width": 72, "height": 55, "score": 0.9769911170005798}, "1": {"posX": 28, "posY": 33, "width": 36, "height": 43, "score": 0.9570901393890381}}, "model": "Img2Pose"}