{"name": "445_Arucas_frame_01_38_23_000.jpg", "num_faces": 5, "faces": {"0": {"posX": 34, "posY": 33, "width": 53, "height": 54, "score": 0.993496298789978}, "1": {"posX": 45, "posY": 57, "width": 69, "height": 86, "score": 0.9818352460861206}, "2": {"posX": 78, "posY": 49, "width": 95, "height": 73, "score": 0.9533054232597351}, "3": {"posX": 166, "posY": 34, "width": 233, "height": 113, "score": 0.9169184565544128}, "4": {"posX": 1, "posY": 102, "width": 25, "height": 132, "score": 0.8169716000556946}}, "model": "Img2Pose"}