{"name": "445_Arucas_frame_01_38_22_000.jpg", "num_faces": 2, "faces": {"0": {"posX": 13, "posY": 1, "width": 29, "height": 22, "score": 0.9905498623847961}, "1": {"posX": 19, "posY": 22, "width": 40, "height": 47, "score": 0.990151047706604}}, "model": "Img2Pose"}