{"name": "642_Teror_frame_03_02_55_000.jpg", "num_faces": 2, "faces": {"0": {"posX": 0, "posY": 58, "width": 12, "height": 78, "score": 0.9538788199424744}, "1": {"posX": 59, "posY": 71, "width": 72, "height": 86, "score": 0.8829403519630432}}, "model": "Img2Pose"}