{"name": "121_Arucas_frame_01_28_08_000.jpg", "num_faces": 2, "faces": {"0": {"posX": 50, "posY": 15, "width": 67, "height": 40, "score": 0.9839224815368652}, "1": {"posX": 65, "posY": 42, "width": 83, "height": 66, "score": 0.9806796312332153}}, "model": "RetinaFaces"}