{"name": "35_Arucas_frame_01_15_11_000.jpg", "num_faces": 2, "faces": {"0": {"posX": 160, "posY": 25, "width": 183, "height": 52, "score": 0.9931555390357971}, "1": {"posX": 189, "posY": 30, "width": 210, "height": 55, "score": 0.8949040770530701}}, "model": "Img2Pose"}