{"name": "35_Arucas_frame_01_15_12_000.jpg", "num_faces": 5, "faces": {"0": {"posX": 32, "posY": 0, "width": 58, "height": 27, "score": 0.9959016442298889}, "1": {"posX": 62, "posY": 36, "width": 84, "height": 62, "score": 0.9920180439949036}, "2": {"posX": 0, "posY": 68, "width": 25, "height": 104, "score": 0.9750433564186096}, "3": {"posX": 123, "posY": 0, "width": 145, "height": 23, "score": 0.9378840923309326}, "4": {"posX": 82, "posY": 38, "width": 103, "height": 63, "score": 0.9298557639122009}}, "model": "Img2Pose"}