{"name": "784_Arucas_frame_01_32_10_000.jpg", "num_faces": 3, "faces": {"1": {"posX": 8, "posY": 112, "width": 34, "height": 145, "score": 0.9884566068649292}, "2": {"posX": 81, "posY": 78, "width": 101, "height": 101, "score": 0.8916491866111755}, "3": {"posX": 395, "posY": 273, "width": 410, "height": 290, "score": 0.8716803789138794}}, "model": ""}