{"name": "515_Arucas_frame_01_52_23_000.jpg", "num_faces": 2, "faces": {"0": {"posX": 24, "posY": 75, "width": 50, "height": 114, "score": 0.9819566011428833}, "1": {"posX": 6, "posY": 87, "width": 33, "height": 127, "score": 0.9711385369300842}}, "model": "RetinaFaces"}