{"name": "371_Teror_frame_02_42_43_000.json", "num_faces": 2, "faces": {"0": {"posX": 218, "posY": 31, "width": 316, "height": 150, "score": 0.9644221067428589}, "2": {"posX": 132, "posY": 75, "width": 182, "height": 136, "score": 0.9395838975906372}}, "model": ""}