{"name": "371_Teror_frame_02_42_43_000.jpg", "num_faces": 4, "faces": {"0": {"posX": 218, "posY": 31, "width": 316, "height": 150, "score": 0.9644221067428589}, "1": {"posX": 458, "posY": 139, "width": 473, "height": 156, "score": 0.947254478931427}, "2": {"posX": 132, "posY": 75, "width": 182, "height": 136, "score": 0.9395838975906372}, "3": {"posX": 464, "posY": 124, "width": 480, "height": 142, "score": 0.8234096765518188}}, "model": ""}