{"name": "646_Arucas_frame_01_46_50_000.jpg", "num_faces": 2, "faces": {"0": {"posX": 87, "posY": 41, "width": 130, "height": 93, "score": 0.9820235371589661}, "1": {"posX": 29, "posY": 44, "width": 62, "height": 84, "score": 0.8913541436195374}}, "model": "Img2Pose"}