{"name": "646_Arucas_frame_01_46_52_000.jpg", "num_faces": 2, "faces": {"0": {"posX": 123, "posY": 42, "width": 185, "height": 117, "score": 0.909737765789032}, "1": {"posX": 60, "posY": 39, "width": 79, "height": 63, "score": 0.8054799437522888}}, "model": "Img2Pose"}