{"name": "716_Arucas_frame_01_35_48_000.jpg", "num_faces": 2, "faces": {"0": {"posX": 154, "posY": 65, "width": 219, "height": 151, "score": 0.994637668132782}, "1": {"posX": 90, "posY": 79, "width": 112, "height": 106, "score": 0.9509376287460327}}, "model": "RetinaFaces"}