{"name": "716_Arucas_frame_01_35_46_000.jpg", "num_faces": 2, "faces": {"0": {"posX": 74, "posY": 2, "width": 96, "height": 25, "score": 0.9513726830482483}, "1": {"posX": 21, "posY": 27, "width": 36, "height": 48, "score": 0.866985023021698}}, "model": "RetinaFaces"}