{"name": "210_Arucas_frame_01_37_28_000.json", "num_faces": 2, "faces": {"0": {"posX": 79, "posY": 45, "width": 122, "height": 99, "score": 0.9685639142990112}, "1": {"posX": 103, "posY": 147, "width": 152, "height": 207, "score": 0.8589542508125305}}, "model": ""}