{"name": "650_Teror_frame_02_09_23_000.jpg", "num_faces": 2, "faces": {"0": {"posX": 0, "posY": 125, "width": 22, "height": 150, "score": 0.9682129621505737}, "1": {"posX": 37, "posY": 104, "width": 53, "height": 122, "score": 0.8693711161613464}}, "model": ""}