{"name": "381_Teror_frame_02_35_21_000.jpg", "num_faces": 2, "faces": {"0": {"posX": 78, "posY": 27, "width": 123, "height": 83, "score": 0.9664807319641113}, "1": {"posX": 20, "posY": 75, "width": 38, "height": 101, "score": 0.9190642237663269}}, "model": "RetinaFaces"}