{"name": "381_Arucas_frame_01_40_19_000.jpg", "num_faces": 3, "faces": {"0": {"posX": 31, "posY": 27, "width": 49, "height": 46, "score": 0.9622721076011658}, "1": {"posX": 72, "posY": 35, "width": 87, "height": 54, "score": 0.9037787914276123}, "2": {"posX": -5, "posY": 72, "width": 13, "height": 97, "score": 0.8729801774024963}}, "model": "RetinaFaces"}