{"name": "97_Arucas_frame_01_23_59_000.jpg", "num_faces": 3, "faces": {"0": {"posX": 14, "posY": 238, "width": 44, "height": 276, "score": 0.9990736246109009}, "1": {"posX": 30, "posY": 151, "width": 53, "height": 180, "score": 0.9962695837020874}, "2": {"posX": -12, "posY": 247, "width": 11, "height": 283, "score": 0.9222337007522583}}, "model": ""}