{"name": "767_PresaDeHornos_frame_12_01_32_000.jpg", "num_faces": 2, "faces": {"0": {"posX": 71, "posY": 41, "width": 96, "height": 71, "score": 0.9675934910774231}, "1": {"posX": 25, "posY": 8, "width": 34, "height": 19, "score": 0.8510445356369019}}, "model": "Img2Pose"}