{"name": "151_Arucas_frame_01_49_27_000.jpg", "num_faces": 4, "faces": {"0": {"posX": 288, "posY": 114, "width": 308, "height": 136, "score": 0.9946349859237671}, "1": {"posX": 7, "posY": 206, "width": 43, "height": 248, "score": 0.9757594466209412}, "2": {"posX": 330, "posY": 122, "width": 349, "height": 147, "score": 0.9678524136543274}, "3": {"posX": 307, "posY": 133, "width": 327, "height": 157, "score": 0.963630735874176}}, "model": "Img2Pose"}