{"name": "151_Arucas_frame_01_49_25_000.jpg", "num_faces": 2, "faces": {"0": {"posX": 82, "posY": 35, "width": 134, "height": 98, "score": 0.9216751456260681}, "1": {"posX": 167, "posY": 101, "width": 190, "height": 129, "score": 0.8044732809066772}}, "model": "Img2Pose"}