{"name": "151_Arucas_frame_01_49_24_000.jpg", "num_faces": 2, "faces": {"0": {"posX": 65, "posY": 25, "width": 109, "height": 80, "score": 0.9455229640007019}, "1": {"posX": 106, "posY": 46, "width": 130, "height": 74, "score": 0.8787142038345337}}, "model": "Img2Pose"}