{"name": "547_Teror_frame_02_05_15_000.jpg", "num_faces": 2, "faces": {"0": {"posX": 186, "posY": 41, "width": 198, "height": 58, "score": 0.9452291131019592}, "1": {"posX": 15, "posY": 66, "width": 30, "height": 83, "score": 0.9422658085823059}}, "model": "RetinaFaces"}