{"name": "728_Teror_frame_02_24_00_000.jpg", "num_faces": 2, "faces": {"0": {"posX": 89, "posY": 32, "width": 104, "height": 51, "score": 0.9901196956634521}, "1": {"posX": 43, "posY": 8, "width": 86, "height": 62, "score": 0.9649592638015747}}, "model": "Img2Pose"}