{"name": "728_Arucas_frame_01_37_05_000.jpg", "num_faces": 4, "faces": {"0": {"posX": 64, "posY": 16, "width": 83, "height": 37, "score": 0.9883574843406677}, "1": {"posX": 0, "posY": 67, "width": 19, "height": 91, "score": 0.9710882306098938}, "2": {"posX": 164, "posY": 46, "width": 229, "height": 126, "score": 0.9399698972702026}, "3": {"posX": 100, "posY": 32, "width": 117, "height": 54, "score": 0.8002731204032898}}, "model": "Img2Pose"}