{"name": "401_Arucas_frame_01_23_55_000.jpg", "num_faces": 2, "faces": {"0": {"posX": 41, "posY": 11, "width": 63, "height": 37, "score": 0.9896336793899536}, "1": {"posX": 27, "posY": 60, "width": 54, "height": 93, "score": 0.9873290061950684}}, "model": "Img2Pose"}