{"name": "39_Ayagaures_frame_15_16_04_000.jpg", "num_faces": 2, "faces": {"0": {"posX": 38, "posY": 29, "width": 54, "height": 47, "score": 0.9061233997344971}, "1": {"posX": 57, "posY": 39, "width": 67, "height": 51, "score": 0.8565490245819092}}, "model": "Img2Pose"}