{"name": "278_Arucas_frame_01_30_31_000.jpg", "num_faces": 2, "faces": {"1": {"posX": 149, "posY": 246, "width": 386, "height": 496, "score": 0.7834388613700867}, "2": {"posX": -6, "posY": 166, "width": 20, "height": 196, "score": 0.7399212718009949}}, "model": ""}