{"name": "627_Arucas_frame_01_42_31_000.jpg", "num_faces": 2, "faces": {"0": {"posX": 131, "posY": 33, "width": 223, "height": 149, "score": 0.9763969779014587}, "1": {"posX": 28, "posY": 209, "width": 57, "height": 243, "score": 0.8870247602462769}}, "model": ""}