{"name": "627_Teror_frame_02_29_55_000.jpg", "num_faces": 3, "faces": {"0": {"posX": 82, "posY": 57, "width": 171, "height": 168, "score": 0.9651688933372498}, "1": {"posX": 3, "posY": 114, "width": 26, "height": 140, "score": 0.8975133895874023}, "2": {"posX": 309, "posY": 118, "width": 326, "height": 139, "score": 0.8311388492584229}}, "model": ""}