{"name": "152_Arucas_frame_01_47_17_000.jpg", "num_faces": 3, "faces": {"0": {"posX": 96, "posY": 57, "width": 147, "height": 119, "score": 0.9924518465995789}, "1": {"posX": 127, "posY": 10, "width": 143, "height": 28, "score": 0.9660354852676392}, "2": {"posX": 40, "posY": 38, "width": 67, "height": 75, "score": 0.798317015171051}}, "model": "RetinaFaces"}