{"name": "673_Teror_frame_02_31_57_000.jpg", "num_faces": 2, "faces": {"0": {"posX": 341, "posY": 126, "width": 366, "height": 159, "score": 0.9774391055107117}, "1": {"posX": 201, "posY": 62, "width": 242, "height": 120, "score": 0.9746437668800354}}, "model": ""}