{"name": "51_Teror_frame_02_18_02_000.jpg", "num_faces": 2, "faces": {"0": {"posX": 199, "posY": 9, "width": 215, "height": 29, "score": 0.9753749370574951}, "1": {"posX": 234, "posY": 25, "width": 254, "height": 55, "score": 0.9729885458946228}}, "model": "RetinaFaces"}