{"name": "780_Arucas_frame_01_44_32_000.jpg", "num_faces": 2, "faces": {"0": {"posX": 62, "posY": 138, "width": 78, "height": 157, "score": 0.9001653790473938}, "1": {"posX": 105, "posY": 103, "width": 120, "height": 125, "score": 0.886057436466217}}, "model": "Img2Pose"}