{"name": "104_Arucas_frame_01_29_15_000.jpg", "num_faces": 2, "faces": {"0": {"posX": 36, "posY": 0, "width": 55, "height": 18, "score": 0.9326026439666748}, "1": {"posX": 76, "posY": 47, "width": 137, "height": 121, "score": 0.8811551928520203}}, "model": "Img2Pose"}