{"name": "646_Arucas_frame_01_46_50_000.jpg", "num_faces": 2, "faces": {"0": {"posX": 88, "posY": 46, "width": 128, "height": 93, "score": 0.9932109713554382}, "1": {"posX": 37, "posY": 52, "width": 58, "height": 79, "score": 0.9490476846694946}}, "model": "RetinaFaces"}