{"name": "628_PresaDeHornos_frame_13_26_32_000.jpg", "num_faces": 2, "faces": {"0": {"posX": 83, "posY": 27, "width": 117, "height": 69, "score": 0.999037504196167}, "1": {"posX": 132, "posY": 111, "width": 158, "height": 144, "score": 0.8979330062866211}}, "model": "RetinaFaces"}