{"name": "810_Teror_frame_01_32_09_000.jpg", "num_faces": 2, "faces": {"0": {"posX": 76, "posY": 16, "width": 129, "height": 82, "score": 0.9577863812446594}, "1": {"posX": 51, "posY": 41, "width": 67, "height": 61, "score": 0.9006407856941223}}, "model": "Img2Pose"}