{"name": "451_ParqueSur_frame_18_33_17_500.jpg", "num_faces": 2, "faces": {"0": {"posX": 95, "posY": 47, "width": 141, "height": 102, "score": 0.9938464760780334}, "1": {"posX": 161, "posY": 209, "width": 188, "height": 246, "score": 0.7004778981208801}}, "model": "RetinaFaces"}