{"name": "451_Ayagaures_frame_16_33_27_000.jpg", "num_faces": 2, "faces": {"0": {"posX": 45, "posY": 18, "width": 74, "height": 56, "score": 0.9893712997436523}, "1": {"posX": 5, "posY": 156, "width": 21, "height": 169, "score": 0.7334510087966919}}, "model": "RetinaFaces"}