{"name": "451_ParqueSur_frame_18_33_13_500.jpg", "num_faces": 2, "faces": {"0": {"posX": 22, "posY": 67, "width": 32, "height": 75, "score": 0.8810847401618958}, "1": {"posX": 29, "posY": 135, "width": 40, "height": 149, "score": 0.7793700695037842}}, "model": "RetinaFaces"}