{"name": "720_Teror_frame_02_27_11_000.jpg", "num_faces": 2, "faces": {"1": {"posX": 270, "posY": 57, "width": 311, "height": 111, "score": 0.9901909828186035}, "3": {"posX": 103, "posY": 55, "width": 178, "height": 150, "score": 0.8955423831939697}}, "model": ""}