{"name": "703_Teror_frame_02_44_45_000.jpg", "num_faces": 2, "faces": {"0": {"posX": 301, "posY": 103, "width": 321, "height": 126, "score": 0.93263840675354}, "1": {"posX": 105, "posY": 38, "width": 232, "height": 233, "score": 0.8474079966545105}}, "model": ""}