{"name": "483_PresaDeHornos_frame_13_50_27_000.jpg", "num_faces": 2, "faces": {"0": {"posX": 67, "posY": 66, "width": 84, "height": 80, "score": 0.8428282737731934}, "1": {"posX": 44, "posY": 31, "width": 66, "height": 58, "score": 0.7900387048721313}}, "model": "RetinaFaces"}