{"name": "338_Arucas_frame_01_49_56_000.jpg", "num_faces": 4, "faces": {"0": {"posX": 38, "posY": 144, "width": 65, "height": 177, "score": 0.9845167994499207}, "1": {"posX": 67, "posY": 111, "width": 94, "height": 143, "score": 0.9300753474235535}, "2": {"posX": 89, "posY": 108, "width": 117, "height": 140, "score": 0.8334270119667053}, "3": {"posX": 112, "posY": 45, "width": 192, "height": 145, "score": 0.810720682144165}}, "model": ""}