{"name": "38_Arucas_frame_01_25_56_000.jpg", "num_faces": 3, "faces": {"0": {"posX": 12, "posY": 63, "width": 35, "height": 91, "score": 0.9762589931488037}, "1": {"posX": 40, "posY": 0, "width": 60, "height": 18, "score": 0.9463257193565369}, "2": {"posX": 128, "posY": 39, "width": 183, "height": 120, "score": 0.908722460269928}}, "model": "RetinaFaces"}