{"name": "232_Arucas_frame_01_38_37_000.jpg", "num_faces": 3, "faces": {"0": {"posX": 123, "posY": 31, "width": 183, "height": 123, "score": 0.9990455508232117}, "1": {"posX": 31, "posY": 11, "width": 50, "height": 32, "score": 0.9847425222396851}, "2": {"posX": 13, "posY": 16, "width": 33, "height": 40, "score": 0.9717293381690979}}}