{"name": "557_ParqueSur_frame_19_34_49_000.jpg", "num_faces": 2, "faces": {"0": {"posX": 35, "posY": 19, "width": 57, "height": 45, "score": 0.99883633852005}, "1": {"posX": 20, "posY": 116, "width": 33, "height": 131, "score": 0.9422633647918701}}, "model": "RetinaFaces"}