{"name": "557_ParqueSur_frame_19_34_48_500.jpg", "num_faces": 3, "faces": {"0": {"posX": 34, "posY": 19, "width": 55, "height": 42, "score": 0.9984275102615356}, "1": {"posX": 20, "posY": 130, "width": 63, "height": 171, "score": 0.8570519089698792}, "2": {"posX": 18, "posY": 86, "width": 27, "height": 98, "score": 0.7522116303443909}}, "model": "RetinaFaces"}