{"name": "557_ParqueSur_frame_19_34_52_500.jpg", "num_faces": 2, "faces": {"0": {"posX": 81, "posY": 37, "width": 117, "height": 79, "score": 0.9975402355194092}, "1": {"posX": 142, "posY": 73, "width": 151, "height": 84, "score": 0.7554853558540344}}, "model": "RetinaFaces"}