{"name": "752_Arucas_frame_01_34_21_000.jpg", "num_faces": 2, "faces": {"0": {"posX": 219, "posY": 72, "width": 251, "height": 116, "score": 0.9942536950111389}, "1": {"posX": 211, "posY": 327, "width": 243, "height": 365, "score": 0.9475694894790649}}, "model": ""}