{"name": "752_Arucas_frame_01_34_22_000.json", "num_faces": 2, "faces": {"0": {"posX": 41, "posY": 74, "width": 82, "height": 125, "score": 0.9912403225898743}, "2": {"posX": 141, "posY": 51, "width": 231, "height": 157, "score": 0.8250958323478699}}, "model": ""}