{"name": "564_Arucas_frame_01_52_07_000.jpg", "num_faces": 2, "faces": {"0": {"posX": 103, "posY": 51, "width": 156, "height": 119, "score": 0.99652498960495}, "1": {"posX": 33, "posY": 50, "width": 54, "height": 75, "score": 0.883089542388916}}, "model": "RetinaFaces"}