{"name": "163_Arucas_frame_01_18_44_000.jpg", "num_faces": 2, "faces": {"2": {"posX": 9, "posY": 135, "width": 41, "height": 173, "score": 0.9304569363594055}, "4": {"posX": 129, "posY": 91, "width": 158, "height": 126, "score": 0.8917071223258972}}, "model": ""}