{"name": "428_Teror_frame_01_47_48_000.jpg", "num_faces": 3, "faces": {"0": {"posX": 197, "posY": 125, "width": 212, "height": 142, "score": 0.972676694393158}, "2": {"posX": 211, "posY": 153, "width": 223, "height": 168, "score": 0.8935189843177795}, "3": {"posX": 6, "posY": 123, "width": 23, "height": 142, "score": 0.8486944437026978}}, "model": ""}