{"name": "577_Arucas_frame_01_48_55_000.jpg", "num_faces": 4, "faces": {"0": {"posX": 202, "posY": 55, "width": 220, "height": 76, "score": 0.9966453909873962}, "1": {"posX": 30, "posY": 70, "width": 53, "height": 104, "score": 0.9963815212249756}, "2": {"posX": 121, "posY": 66, "width": 174, "height": 130, "score": 0.9842536449432373}, "3": {"posX": 16, "posY": 136, "width": 40, "height": 169, "score": 0.926922082901001}}, "model": "RetinaFaces"}