{"name": "639_Teror_frame_03_18_31_000.jpg", "num_faces": 2, "faces": {"0": {"posX": 56, "posY": 41, "width": 106, "height": 101, "score": 0.9978095889091492}, "1": {"posX": 176, "posY": 76, "width": 195, "height": 97, "score": 0.817481279373169}}, "model": "RetinaFaces"}