{"name": "179_Teror_frame_02_10_09_000.jpg", "num_faces": 3, "faces": {"0": {"posX": 74, "posY": 38, "width": 134, "height": 113, "score": 0.9932367205619812}, "1": {"posX": 213, "posY": 91, "width": 225, "height": 112, "score": 0.8823273181915283}, "2": {"posX": 78, "posY": 301, "width": 225, "height": 477, "score": 0.7750473022460938}}, "model": ""}