{"name": "142_Arucas_frame_01_47_20_000.jpg", "num_faces": 3, "faces": {"0": {"posX": 0, "posY": 81, "width": 22, "height": 110, "score": 0.9739090800285339}, "1": {"posX": 84, "posY": 77, "width": 108, "height": 108, "score": 0.8307479619979858}, "2": {"posX": 106, "posY": 64, "width": 140, "height": 113, "score": 0.7248563766479492}}, "model": "RetinaFaces"}