{"name": "300_Teror_frame_02_10_15_000.jpg", "num_faces": 2, "faces": {"0": {"posX": 110, "posY": 43, "width": 185, "height": 136, "score": 0.9993139505386353}, "1": {"posX": 29, "posY": 89, "width": 47, "height": 112, "score": 0.9894288182258606}}, "model": ""}