{"name": "114_Arucas_frame_01_34_47_000.jpg", "num_faces": 2, "faces": {"1": {"posX": 42, "posY": 81, "width": 60, "height": 103, "score": 0.9437286853790283}, "2": {"posX": 157, "posY": 114, "width": 196, "height": 159, "score": 0.8559496402740479}}, "model": ""}