{"name": "435_Teror_frame_02_38_18_000.json", "num_faces": 2, "faces": {"0": {"posX": 39, "posY": 21, "width": 204, "height": 251, "score": 0.9966968297958374}, "1": {"posX": 256, "posY": 235, "width": 466, "height": 455, "score": 0.9105263352394104}}, "model": ""}