{"name": "712_Arucas_frame_01_43_02_000.jpg", "num_faces": 5, "faces": {"0": {"posX": 110, "posY": 40, "width": 128, "height": 63, "score": 0.9784320592880249}, "1": {"posX": 69, "posY": 25, "width": 87, "height": 48, "score": 0.9491639137268066}, "2": {"posX": 15, "posY": 71, "width": 37, "height": 97, "score": 0.9483737945556641}, "3": {"posX": 89, "posY": 43, "width": 107, "height": 65, "score": 0.8492492437362671}, "4": {"posX": 111, "posY": 94, "width": 127, "height": 111, "score": 0.8458969593048096}}, "model": "Img2Pose"}