{"name": "269_Teror_frame_02_28_43_000.jpg", "num_faces": 2, "faces": {"0": {"posX": 144, "posY": 20, "width": 158, "height": 37, "score": 0.988193690776825}, "1": {"posX": 63, "posY": 10, "width": 112, "height": 70, "score": 0.987707793712616}}, "model": "Img2Pose"}