{"name": "269_Teror_frame_02_28_44_000.jpg", "num_faces": 3, "faces": {"0": {"posX": 93, "posY": 12, "width": 159, "height": 95, "score": 0.9864667057991028}, "1": {"posX": 181, "posY": 24, "width": 193, "height": 39, "score": 0.9712173342704773}, "2": {"posX": 57, "posY": 27, "width": 72, "height": 46, "score": 0.9386917948722839}}, "model": "Img2Pose"}