{"name": "646_Teror_frame_02_45_15_000.jpg", "num_faces": 2, "faces": {"0": {"posX": 31, "posY": 86, "width": 53, "height": 112, "score": 0.9762065410614014}, "1": {"posX": 84, "posY": 35, "width": 143, "height": 108, "score": 0.9482465386390686}}, "model": ""}