{"name": "762_Arucas_frame_01_31_55_000.jpg", "num_faces": 2, "faces": {"0": {"posX": 56, "posY": 39, "width": 88, "height": 78, "score": 0.9802318811416626}, "1": {"posX": 35, "posY": 39, "width": 70, "height": 85, "score": 0.8951824307441711}}, "model": "Img2Pose"}