{"name": "176_Arucas_frame_01_28_22_000.jpg", "num_faces": 3, "faces": {"0": {"posX": 55, "posY": 69, "width": 75, "height": 92, "score": 0.9832273721694946}, "1": {"posX": 47, "posY": 50, "width": 65, "height": 70, "score": 0.9773248434066772}, "2": {"posX": 24, "posY": 95, "width": 48, "height": 124, "score": 0.9052749276161194}}, "model": "Img2Pose"}