{"name": "176_Ayagaures_frame_19_05_17_000.jpg", "num_faces": 2, "faces": {"0": {"posX": 18, "posY": 119, "width": 37, "height": 141, "score": 0.9934604167938232}, "1": {"posX": 49, "posY": 24, "width": 97, "height": 82, "score": 0.9793450236320496}}, "model": "Img2Pose"}