{"name": "288_Arucas_frame_01_37_03_000.jpg", "num_faces": 3, "faces": {"0": {"posX": 89, "posY": 39, "width": 108, "height": 63, "score": 0.9929754734039307}, "1": {"posX": 57, "posY": 93, "width": 77, "height": 117, "score": 0.9499291777610779}, "2": {"posX": 151, "posY": 26, "width": 221, "height": 111, "score": 0.8106215596199036}}, "model": "Img2Pose"}