{"name": "288_Arucas_frame_01_37_02_000.jpg", "num_faces": 2, "faces": {"0": {"posX": 44, "posY": 68, "width": 62, "height": 90, "score": 0.9101665019989014}, "1": {"posX": 49, "posY": 37, "width": 62, "height": 53, "score": 0.8337140083312988}}, "model": "Img2Pose"}