{"name": "506_Arucas_frame_01_18_57_000.jpg", "num_faces": 3, "faces": {"1": {"posX": 40, "posY": 111, "width": 68, "height": 144, "score": 0.9701584577560425}, "2": {"posX": 4, "posY": 92, "width": 18, "height": 110, "score": 0.8745107650756836}, "3": {"posX": 121, "posY": 32, "width": 179, "height": 101, "score": 0.8507682085037231}}, "model": ""}