{"name": "506_Arucas_frame_01_18_58_000.jpg", "num_faces": 3, "faces": {"0": {"posX": 8, "posY": 177, "width": 41, "height": 214, "score": 0.9907292723655701}, "1": {"posX": 35, "posY": 163, "width": 70, "height": 205, "score": 0.9673209190368652}, "2": {"posX": 13, "posY": 159, "width": 65, "height": 219, "score": 0.8969419002532959}}, "model": ""}