{"name": "506_Teror_frame_01_42_53_000.jpg", "num_faces": 2, "faces": {"0": {"posX": 0, "posY": 115, "width": 15, "height": 136, "score": 0.9738262891769409}, "1": {"posX": 23, "posY": 113, "width": 41, "height": 133, "score": 0.8330064415931702}}, "model": ""}