{"name": "584_Arucas_frame_01_34_39_000.jpg", "num_faces": 2, "faces": {"0": {"posX": 0, "posY": 252, "width": 26, "height": 284, "score": 0.975088357925415}, "1": {"posX": 26, "posY": 222, "width": 55, "height": 258, "score": 0.9538701772689819}}, "model": ""}