{"name": "110_Teror_frame_02_34_34_000.jpg", "num_faces": 2, "faces": {"0": {"posX": 62, "posY": 25, "width": 101, "height": 73, "score": 0.9563656449317932}, "1": {"posX": 134, "posY": 59, "width": 152, "height": 80, "score": 0.8118138313293457}}, "model": "Img2Pose"}