{"name": "110_Teror_frame_02_33_54_000.jpg", "num_faces": 5, "faces": {"0": {"posX": 186, "posY": 145, "width": 226, "height": 191, "score": 0.9927108287811279}, "1": {"posX": 234, "posY": 161, "width": 268, "height": 200, "score": 0.9923405647277832}, "2": {"posX": 508, "posY": 234, "width": 535, "height": 266, "score": 0.9628369212150574}, "3": {"posX": 301, "posY": 65, "width": 526, "height": 319, "score": 0.9298698306083679}, "4": {"posX": 578, "posY": 221, "width": 600, "height": 246, "score": 0.8519423604011536}}, "model": "Img2Pose"}