{"name": "110_Teror_frame_02_33_53_000.jpg", "num_faces": 4, "faces": {"0": {"posX": 149, "posY": 137, "width": 188, "height": 183, "score": 0.9921675324440002}, "1": {"posX": 288, "posY": 92, "width": 461, "height": 298, "score": 0.9780451059341431}, "2": {"posX": 471, "posY": 218, "width": 498, "height": 251, "score": 0.9563632011413574}, "3": {"posX": 211, "posY": 154, "width": 246, "height": 196, "score": 0.9433411359786987}}, "model": "Img2Pose"}