{"name": "110_Teror_frame_02_33_51_000.jpg", "num_faces": 2, "faces": {"0": {"posX": 7, "posY": 87, "width": 37, "height": 123, "score": 0.9952633380889893}, "1": {"posX": 111, "posY": 27, "width": 201, "height": 142, "score": 0.9558389782905579}}, "model": "Img2Pose"}