{"name": "209_Teror_frame_01_41_25_000.jpg", "num_faces": 4, "faces": {"0": {"posX": 287, "posY": 117, "width": 305, "height": 138, "score": 0.9904071688652039}, "1": {"posX": 76, "posY": 108, "width": 100, "height": 135, "score": 0.9856804609298706}, "2": {"posX": 23, "posY": 119, "width": 46, "height": 146, "score": 0.971613883972168}, "3": {"posX": 116, "posY": 53, "width": 195, "height": 151, "score": 0.9660620093345642}}, "model": "Img2Pose"}