{"name": "209_Teror_frame_01_41_24_000.jpg", "num_faces": 2, "faces": {"0": {"posX": 15, "posY": 51, "width": 34, "height": 74, "score": 0.9905891418457031}, "1": {"posX": 75, "posY": 317, "width": 85, "height": 328, "score": 0.918095052242279}}, "model": "Img2Pose"}