{"name": "628_Arucas_frame_01_35_04_000.jpg", "num_faces": 2, "faces": {"0": {"posX": 142, "posY": 0, "width": 160, "height": 17, "score": 0.8610547184944153}, "1": {"posX": 81, "posY": 44, "width": 107, "height": 77, "score": 0.8595883846282959}}, "model": "Img2Pose"}