{"name": "561_Teror_frame_02_57_06_000.jpg", "num_faces": 2, "faces": {"0": {"posX": 142, "posY": 50, "width": 208, "height": 138, "score": 0.9983510971069336}, "1": {"posX": 243, "posY": 125, "width": 255, "height": 144, "score": 0.8015245795249939}}, "model": ""}