{"name": "209_Teror_frame_01_41_25_000.jpg", "num_faces": 5, "faces": {"0": {"posX": 112, "posY": 60, "width": 190, "height": 151, "score": 0.9982578158378601}, "1": {"posX": 26, "posY": 119, "width": 44, "height": 147, "score": 0.9877076745033264}, "2": {"posX": 288, "posY": 118, "width": 304, "height": 139, "score": 0.9841490387916565}, "3": {"posX": 78, "posY": 107, "width": 98, "height": 137, "score": 0.9708459377288818}, "4": {"posX": 249, "posY": 122, "width": 263, "height": 141, "score": 0.7234854102134705}}, "model": "RetinaFaces"}