{"name": "12_Arucas_frame_01_31_34_000.jpg", "num_faces": 2, "faces": {"0": {"posX": -9, "posY": 180, "width": 19, "height": 222, "score": 0.9899694323539734}, "1": {"posX": 58, "posY": 164, "width": 78, "height": 190, "score": 0.7088191509246826}}, "model": "RetinaFaces"}