{"name": "55_Ayagaures_frame_13_19_00_000.jpg", "num_faces": 2, "faces": {"0": {"posX": 42, "posY": 20, "width": 80, "height": 65, "score": 0.9704369306564331}, "1": {"posX": 131, "posY": 65, "width": 140, "height": 76, "score": 0.894100546836853}}, "model": "Img2Pose"}