{"name": "110_Teror_frame_02_33_53_000.jpg", "num_faces": 5, "faces": {"0": {"posX": 302, "posY": 109, "width": 464, "height": 300, "score": 0.9998942613601685}, "1": {"posX": 147, "posY": 138, "width": 187, "height": 185, "score": 0.9991856217384338}, "2": {"posX": 468, "posY": 217, "width": 495, "height": 253, "score": 0.9836894869804382}, "3": {"posX": 537, "posY": 216, "width": 553, "height": 241, "score": 0.8431573510169983}, "4": {"posX": 215, "posY": 155, "width": 246, "height": 192, "score": 0.8177226781845093}}, "model": ""}