{"name": "712_Arucas_frame_01_43_02_000.jpg", "num_faces": 3, "faces": {"0": {"posX": 16, "posY": 69, "width": 38, "height": 94, "score": 0.987419068813324}, "1": {"posX": 73, "posY": 27, "width": 88, "height": 49, "score": 0.8954635858535767}, "2": {"posX": 113, "posY": 42, "width": 128, "height": 60, "score": 0.8859275579452515}}, "model": "RetinaFaces"}