{"name": "651_Teror_frame_02_11_52_000.jpg", "num_faces": 2, "faces": {"0": {"posX": 134, "posY": 69, "width": 150, "height": 88, "score": 0.9508087635040283}, "1": {"posX": 57, "posY": 30, "width": 97, "height": 74, "score": 0.7241500020027161}}, "model": "RetinaFaces"}