{"name": "651_PresaDeHornos_frame_11_58_43_000.jpg", "num_faces": 2, "faces": {"0": {"posX": 80, "posY": 21, "width": 107, "height": 52, "score": 0.9938398003578186}, "1": {"posX": 105, "posY": 139, "width": 117, "height": 153, "score": 0.8818501830101013}}, "model": "RetinaFaces"}