{"name": "47_Arucas_frame_01_18_32_000.jpg", "num_faces": 2, "faces": {"0": {"posX": 11, "posY": 89, "width": 43, "height": 127, "score": 0.9876570701599121}, "1": {"posX": 55, "posY": 70, "width": 81, "height": 101, "score": 0.9765743613243103}}, "model": ""}