{"name": "199_Teror_frame_02_17_55_000.jpg", "num_faces": 2, "faces": {"0": {"posX": 52, "posY": 36, "width": 135, "height": 139, "score": 0.9790837168693542}, "1": {"posX": 159, "posY": 81, "width": 175, "height": 101, "score": 0.8891770243644714}}, "model": ""}