{"name": "162_Arucas_frame_01_40_00_000.jpg", "num_faces": 2, "faces": {"0": {"posX": 5, "posY": 97, "width": 25, "height": 120, "score": 0.9779079556465149}, "1": {"posX": 289, "posY": 363, "width": 316, "height": 394, "score": 0.9023783206939697}}, "model": ""}