{"name": "65_ParqueSur_frame_14_20_02_000.jpg", "num_faces": 2, "faces": {"0": {"posX": 3, "posY": 47, "width": 13, "height": 59, "score": 0.9758843183517456}, "1": {"posX": 67, "posY": 14, "width": 95, "height": 47, "score": 0.9736729264259338}}, "model": "Img2Pose"}