{"name": "65_Teror_frame_01_28_58_000.jpg", "num_faces": 2, "faces": {"0": {"posX": 174, "posY": 23, "width": 188, "height": 40, "score": 0.9916417598724365}, "1": {"posX": 137, "posY": 32, "width": 149, "height": 46, "score": 0.9141691327095032}}, "model": "Img2Pose"}