{"name": "130_Arucas_frame_01_34_34_000.jpg", "num_faces": 2, "faces": {"0": {"posX": 26, "posY": 123, "width": 43, "height": 141, "score": 0.9549038410186768}, "1": {"posX": 9, "posY": 134, "width": 26, "height": 158, "score": 0.8272939920425415}}}