{"name": "436_Arucas_frame_01_48_42_000.jpg", "num_faces": 3, "faces": {"0": {"posX": 65, "posY": 2, "width": 87, "height": 28, "score": 0.994554877281189}, "1": {"posX": 95, "posY": 0, "width": 115, "height": 18, "score": 0.9741423726081848}, "2": {"posX": 177, "posY": 199, "width": 195, "height": 215, "score": 0.8214218616485596}}, "model": "RetinaFaces"}