{"name": "436_Teror_frame_02_36_58_000.jpg", "num_faces": 2, "faces": {"0": {"posX": 316, "posY": 205, "width": 340, "height": 236, "score": 0.9970544576644897}, "1": {"posX": 44, "posY": 87, "width": 134, "height": 189, "score": 0.9655431509017944}}, "model": "RetinaFaces"}