{"name": "436_Teror_frame_02_36_59_000.jpg", "num_faces": 2, "faces": {"0": {"posX": 568, "posY": 243, "width": 594, "height": 276, "score": 0.997729480266571}, "1": {"posX": 66, "posY": 34, "width": 256, "height": 274, "score": 0.9863676428794861}}, "model": "RetinaFaces"}