{"name": "436_Arucas_frame_01_48_44_000.jpg", "num_faces": 5, "faces": {"0": {"posX": 146, "posY": 111, "width": 164, "height": 132, "score": 0.9850615859031677}, "1": {"posX": 99, "posY": 95, "width": 118, "height": 119, "score": 0.9778774380683899}, "2": {"posX": -1, "posY": 135, "width": 17, "height": 159, "score": 0.9485689401626587}, "3": {"posX": 50, "posY": 149, "width": 65, "height": 170, "score": 0.8782820701599121}, "4": {"posX": -7, "posY": 204, "width": 13, "height": 234, "score": 0.8627592921257019}}, "model": "RetinaFaces"}