{"name": "436_Arucas_frame_01_48_43_000.jpg", "num_faces": 3, "faces": {"0": {"posX": 180, "posY": 3, "width": 197, "height": 26, "score": 0.9912453293800354}, "1": {"posX": -2, "posY": 91, "width": 24, "height": 131, "score": 0.9846891164779663}, "2": {"posX": 22, "posY": 97, "width": 46, "height": 126, "score": 0.9774110913276672}}, "model": "RetinaFaces"}