{"name": "512_Teror_frame_02_27_11_000.jpg", "num_faces": 2, "faces": {"0": {"posX": 172, "posY": 27, "width": 185, "height": 45, "score": 0.9818602204322815}, "1": {"posX": 30, "posY": 31, "width": 73, "height": 82, "score": 0.7626062035560608}}, "model": "RetinaFaces"}