{"name": "512_Teror_frame_02_27_10_000.jpg", "num_faces": 2, "faces": {"0": {"posX": 62, "posY": 106, "width": 86, "height": 125, "score": 0.8865729570388794}, "1": {"posX": 23, "posY": 29, "width": 47, "height": 62, "score": 0.8134303092956543}}, "model": "RetinaFaces"}