{"name": "512_Arucas_frame_01_43_18_000.jpg", "num_faces": 2, "faces": {"0": {"posX": 7, "posY": 108, "width": 37, "height": 147, "score": 0.9902001023292542}, "1": {"posX": 34, "posY": 105, "width": 63, "height": 139, "score": 0.9527721405029297}}, "model": "RetinaFaces"}