{"name": "498_Arucas_frame_01_41_21_000.jpg", "num_faces": 3, "faces": {"0": {"posX": 30, "posY": 150, "width": 48, "height": 171, "score": 0.9643378257751465}, "1": {"posX": 86, "posY": 111, "width": 102, "height": 132, "score": 0.9220284223556519}, "2": {"posX": 45, "posY": 95, "width": 63, "height": 116, "score": 0.9132834672927856}}, "model": ""}