{"name": "163_Arucas_frame_01_18_44_000.jpg", "num_faces": 5, "faces": {"0": {"posX": 96, "posY": 55, "width": 124, "height": 88, "score": 0.9729766845703125}, "1": {"posX": 166, "posY": 51, "width": 193, "height": 84, "score": 0.9681167602539062}, "2": {"posX": 9, "posY": 135, "width": 41, "height": 173, "score": 0.9304569363594055}, "3": {"posX": 177, "posY": 35, "width": 202, "height": 64, "score": 0.8953465819358826}, "4": {"posX": 129, "posY": 91, "width": 158, "height": 126, "score": 0.8917071223258972}}, "model": "Img2Pose"}