{"name": "507_Arucas_frame_01_49_52_000.jpg", "num_faces": 3, "faces": {"0": {"posX": 100, "posY": 23, "width": 119, "height": 45, "score": 0.9707983136177063}, "1": {"posX": 91, "posY": 33, "width": 113, "height": 61, "score": 0.8602129220962524}, "2": {"posX": 94, "posY": 26, "width": 117, "height": 54, "score": 0.8437871932983398}}, "model": "Img2Pose"}