{"name": "435_Arucas_frame_01_39_12_000.jpg", "num_faces": 2, "faces": {"0": {"posX": 77, "posY": 34, "width": 98, "height": 61, "score": 0.9595961570739746}, "1": {"posX": 82, "posY": 72, "width": 99, "height": 93, "score": 0.8471081852912903}}, "model": "Img2Pose"}