{"name": "755_Teror_frame_03_21_06_000.jpg", "num_faces": 2, "faces": {"0": {"posX": 56, "posY": 27, "width": 79, "height": 57, "score": 0.9212838411331177}, "1": {"posX": -2, "posY": 66, "width": 9, "height": 83, "score": 0.7027170658111572}}, "model": "RetinaFaces"}