{"name": "327_Arucas_frame_01_48_35_000.jpg", "num_faces": 2, "faces": {"0": {"posX": 59, "posY": 135, "width": 83, "height": 164, "score": 0.9803351163864136}, "1": {"posX": 173, "posY": 56, "width": 262, "height": 161, "score": 0.8858741521835327}}, "model": "Img2Pose"}