{"name": "327_Arucas_frame_01_48_34_000.jpg", "num_faces": 3, "faces": {"0": {"posX": 109, "posY": 57, "width": 128, "height": 81, "score": 0.9911245703697205}, "1": {"posX": 87, "posY": 24, "width": 108, "height": 49, "score": 0.9823846220970154}, "2": {"posX": 150, "posY": 39, "width": 200, "height": 101, "score": 0.9435421824455261}}, "model": "Img2Pose"}