{"name": "327_PresaDeHornos_frame_13_28_13_000.jpg", "num_faces": 2, "faces": {"0": {"posX": 177, "posY": 47, "width": 246, "height": 127, "score": 0.9776929020881653}, "1": {"posX": 233, "posY": 214, "width": 268, "height": 255, "score": 0.8219034671783447}}, "model": "Img2Pose"}