{"name": "327_PresaDeHornos_frame_13_28_11_000.jpg", "num_faces": 2, "faces": {"0": {"posX": 63, "posY": 28, "width": 97, "height": 69, "score": 0.9227574467658997}, "1": {"posX": 81, "posY": 24, "width": 97, "height": 43, "score": 0.8974130749702454}}, "model": "Img2Pose"}