{"name": "327_PresaDeHornos_frame_13_28_10_000.jpg", "num_faces": 2, "faces": {"0": {"posX": 94, "posY": 14, "width": 105, "height": 28, "score": 0.9454419612884521}, "1": {"posX": 82, "posY": 17, "width": 108, "height": 49, "score": 0.9425055980682373}}, "model": "Img2Pose"}