{"name": "336_Arucas_frame_01_39_16_000.jpg", "num_faces": 2, "faces": {"0": {"posX": 8, "posY": 3, "width": 46, "height": 52, "score": 0.9940379858016968}, "1": {"posX": 91, "posY": 58, "width": 137, "height": 112, "score": 0.9917467832565308}}, "model": "RetinaFaces"}