{"name": "336_Arucas_frame_01_39_19_000.jpg", "num_faces": 3, "faces": {"0": {"posX": 1, "posY": 146, "width": 33, "height": 188, "score": 0.9913514852523804}, "1": {"posX": 184, "posY": 48, "width": 281, "height": 170, "score": 0.9892994165420532}, "2": {"posX": 94, "posY": 95, "width": 120, "height": 121, "score": 0.9761176705360413}}, "model": "RetinaFaces"}