{"name": "657_Teror_frame_03_17_14_000.jpg", "num_faces": 3, "faces": {"0": {"posX": 20, "posY": 146, "width": 56, "height": 189, "score": 0.98045414686203}, "1": {"posX": 64, "posY": 49, "width": 168, "height": 174, "score": 0.9280848503112793}, "2": {"posX": 211, "posY": 154, "width": 235, "height": 184, "score": 0.8574730157852173}}, "model": ""}