{"name": "514_Arucas_frame_01_51_55_000.jpg", "num_faces": 3, "faces": {"0": {"posX": 30, "posY": 44, "width": 55, "height": 79, "score": 0.997848629951477}, "1": {"posX": 113, "posY": 13, "width": 131, "height": 41, "score": 0.985977292060852}, "2": {"posX": 128, "posY": 10, "width": 144, "height": 31, "score": 0.9801070690155029}}, "model": "RetinaFaces"}