{"name": "514_Arucas_frame_01_51_54_000.jpg", "num_faces": 4, "faces": {"0": {"posX": 65, "posY": 5, "width": 82, "height": 30, "score": 0.9903844594955444}, "1": {"posX": -13, "posY": 34, "width": 11, "height": 74, "score": 0.9876684546470642}, "2": {"posX": 81, "posY": 1, "width": 97, "height": 22, "score": 0.975709080696106}, "3": {"posX": 63, "posY": 55, "width": 97, "height": 94, "score": 0.8764759302139282}}, "model": "RetinaFaces"}