{"name": "514_Arucas_frame_01_51_57_000.jpg", "num_faces": 3, "faces": {"0": {"posX": 223, "posY": 37, "width": 241, "height": 64, "score": 0.9721503853797913}, "1": {"posX": 237, "posY": 29, "width": 253, "height": 52, "score": 0.9175782799720764}, "2": {"posX": 231, "posY": 32, "width": 247, "height": 56, "score": 0.758563220500946}}, "model": "RetinaFaces"}