{"name": "514_Arucas_frame_01_51_59_000.jpg", "num_faces": 2, "faces": {"0": {"posX": 42, "posY": 165, "width": 59, "height": 187, "score": 0.9776452779769897}, "1": {"posX": 102, "posY": 130, "width": 119, "height": 149, "score": 0.8398014903068542}}, "model": "RetinaFaces"}