{"name": "248_Arucas_frame_01_41_00_000.jpg", "num_faces": 3, "faces": {"0": {"posX": 86, "posY": 74, "width": 105, "height": 97, "score": 0.968502402305603}, "1": {"posX": 88, "posY": 53, "width": 103, "height": 72, "score": 0.884684145450592}, "2": {"posX": 316, "posY": 257, "width": 335, "height": 279, "score": 0.8463354706764221}}, "model": "Img2Pose"}