{"name": "248_Arucas_frame_01_40_59_000.jpg", "num_faces": 2, "faces": {"0": {"posX": 45, "posY": 19, "width": 65, "height": 43, "score": 0.9829965829849243}, "1": {"posX": 121, "posY": 35, "width": 139, "height": 56, "score": 0.8775392174720764}}, "model": "Img2Pose"}