{"name": "248_PresaDeHornos_frame_13_15_09_000.jpg", "num_faces": 2, "faces": {"0": {"posX": 50, "posY": 17, "width": 74, "height": 47, "score": 0.9767537117004395}, "1": {"posX": 68, "posY": 71, "width": 72, "height": 76, "score": 0.9408009052276611}}, "model": "Img2Pose"}