{"name": "452_Arucas_frame_01_42_34_000.jpg", "num_faces": 2, "faces": {"0": {"posX": 187, "posY": 36, "width": 255, "height": 128, "score": 0.9877246022224426}, "1": {"posX": -8, "posY": 203, "width": 23, "height": 249, "score": 0.944023609161377}}, "model": ""}