{"name": "365_Arucas_frame_01_43_07_000.jpg", "num_faces": 2, "faces": {"0": {"posX": 277, "posY": 46, "width": 299, "height": 76, "score": 0.9566743969917297}, "1": {"posX": 91, "posY": 238, "width": 109, "height": 258, "score": 0.9180454611778259}}, "model": "Img2Pose"}