{"name": "151_Arucas_frame_01_49_27_000.jpg", "num_faces": 4, "faces": {"0": {"posX": 291, "posY": 112, "width": 308, "height": 135, "score": 0.9952718615531921}, "1": {"posX": 331, "posY": 124, "width": 348, "height": 146, "score": 0.9830506443977356}, "2": {"posX": 13, "posY": 207, "width": 41, "height": 249, "score": 0.9774416089057922}, "3": {"posX": 308, "posY": 133, "width": 327, "height": 156, "score": 0.9668492078781128}}}