{"name": "389_Arucas_frame_01_48_01_000.jpg", "num_faces": 2, "faces": {"0": {"posX": 53, "posY": 50, "width": 70, "height": 70, "score": 0.9906405210494995}, "1": {"posX": 142, "posY": 52, "width": 208, "height": 133, "score": 0.9209352135658264}}, "model": "Img2Pose"}