{"name": "449_PresaDeHornos_frame_12_58_40_000.jpg", "num_faces": 2, "faces": {"0": {"posX": 36, "posY": 31, "width": 57, "height": 56, "score": 0.9968067407608032}, "1": {"posX": 35, "posY": 181, "width": 66, "height": 223, "score": 0.9482443928718567}}, "model": "RetinaFaces"}