{"name": "110_Arucas_frame_01_41_12_000.jpg", "num_faces": 2, "faces": {"0": {"posX": 3, "posY": 65, "width": 30, "height": 100, "score": 0.9697046875953674}, "1": {"posX": 24, "posY": 101, "width": 80, "height": 161, "score": 0.7483556866645813}}, "model": "RetinaFaces"}