{"name": "110_Teror_frame_02_33_54_000.jpg", "num_faces": 4, "faces": {"0": {"posX": 186, "posY": 147, "width": 225, "height": 193, "score": 0.9986648559570312}, "1": {"posX": 365, "posY": 103, "width": 515, "height": 307, "score": 0.9977014660835266}, "2": {"posX": 232, "posY": 158, "width": 268, "height": 204, "score": 0.9969710111618042}, "3": {"posX": 507, "posY": 233, "width": 533, "height": 269, "score": 0.979462206363678}}, "model": "RetinaFaces"}