{"name": "110_Teror_frame_02_33_52_000.jpg", "num_faces": 5, "faces": {"0": {"posX": 168, "posY": 103, "width": 294, "height": 237, "score": 0.9971217513084412}, "1": {"posX": 60, "posY": 94, "width": 94, "height": 138, "score": 0.9969821572303772}, "2": {"posX": 0, "posY": 78, "width": 31, "height": 124, "score": 0.9941771030426025}, "3": {"posX": 396, "posY": 153, "width": 419, "height": 186, "score": 0.954099178314209}, "4": {"posX": 292, "posY": 143, "width": 321, "height": 165, "score": 0.8079747557640076}}, "model": "RetinaFaces"}