{"name": "503_Arucas_frame_01_51_00_000.jpg", "num_faces": 2, "faces": {"0": {"posX": 70, "posY": 31, "width": 106, "height": 75, "score": 0.8136295080184937}, "1": {"posX": 23, "posY": 39, "width": 43, "height": 64, "score": 0.8127700686454773}}, "model": "Img2Pose"}