{"name": "503_Arucas_frame_01_51_01_000.jpg", "num_faces": 2, "faces": {"0": {"posX": 26, "posY": 3, "width": 56, "height": 40, "score": 0.8755089044570923}, "1": {"posX": 86, "posY": 24, "width": 129, "height": 76, "score": 0.8737567067146301}}, "model": "Img2Pose"}