{"name": "507_Arucas_frame_01_49_52_000.jpg", "num_faces": 2, "faces": {"0": {"posX": 98, "posY": 20, "width": 119, "height": 48, "score": 0.9606592059135437}, "1": {"posX": 90, "posY": 30, "width": 114, "height": 62, "score": 0.796266496181488}}, "model": "RetinaFaces"}