{"name": "742_Teror_frame_03_17_51_000.jpg", "num_faces": 2, "faces": {"0": {"posX": 34, "posY": 80, "width": 51, "height": 102, "score": 0.9848124980926514}, "1": {"posX": 93, "posY": 23, "width": 153, "height": 102, "score": 0.9589983820915222}}, "model": ""}