{"name": "665_Arucas_frame_01_48_52_000.jpg", "num_faces": 2, "faces": {"0": {"posX": 75, "posY": 48, "width": 93, "height": 72, "score": 0.997220516204834}, "1": {"posX": 174, "posY": 50, "width": 247, "height": 140, "score": 0.9806112051010132}}, "model": "RetinaFaces"}