{"name": "665_Arucas_frame_01_48_50_000.jpg", "num_faces": 2, "faces": {"0": {"posX": 63, "posY": 39, "width": 106, "height": 93, "score": 0.9946486353874207}, "1": {"posX": -5, "posY": 0, "width": 15, "height": 25, "score": 0.8758721947669983}}, "model": "RetinaFaces"}