{"name": "644_Teror_frame_03_11_45_000.jpg", "num_faces": 2, "faces": {"0": {"posX": 66, "posY": 86, "width": 158, "height": 190, "score": 0.9871565699577332}, "2": {"posX": 320, "posY": 95, "width": 331, "height": 114, "score": 0.8945651054382324}}, "model": ""}