{"name": "432_Arucas_frame_01_45_17_000.jpg", "num_faces": 2, "faces": {"0": {"posX": 94, "posY": 29, "width": 106, "height": 44, "score": 0.9774043560028076}, "1": {"posX": 65, "posY": 33, "width": 121, "height": 102, "score": 0.968841016292572}}, "model": "Img2Pose"}