{"name": "518_Arucas_frame_01_51_07_000.jpg", "num_faces": 2, "faces": {"0": {"posX": 383, "posY": 117, "width": 421, "height": 168, "score": 0.9850414395332336}, "3": {"posX": 11, "posY": 81, "width": 28, "height": 104, "score": 0.7265047430992126}}, "model": ""}