{"name": "405_Teror_frame_02_28_36_000.jpg", "num_faces": 2, "faces": {"0": {"posX": 98, "posY": 33, "width": 113, "height": 53, "score": 0.9857364296913147}, "1": {"posX": 13, "posY": 18, "width": 26, "height": 33, "score": 0.8499533534049988}}, "model": "Img2Pose"}