{"name": "751_Teror_frame_03_10_22_000.jpg", "num_faces": 3, "faces": {"0": {"posX": 380, "posY": 125, "width": 392, "height": 144, "score": 0.9888818860054016}, "1": {"posX": 429, "posY": 128, "width": 447, "height": 154, "score": 0.937269926071167}, "2": {"posX": 77, "posY": 40, "width": 179, "height": 172, "score": 0.7334209680557251}}, "model": "RetinaFaces"}