{"name": "508_Arucas_frame_01_46_48_000.jpg", "num_faces": 2, "faces": {"0": {"posX": 52, "posY": 52, "width": 75, "height": 82, "score": 0.9043294787406921}, "1": {"posX": 31, "posY": 64, "width": 45, "height": 81, "score": 0.8404021263122559}}, "model": "Img2Pose"}