{"name": "615_Ayagaures_frame_18_49_16_000.jpg", "num_faces": 2, "faces": {"0": {"posX": 55, "posY": 27, "width": 91, "height": 72, "score": 0.9976527094841003}, "1": {"posX": 14, "posY": 83, "width": 30, "height": 102, "score": 0.9821913838386536}}, "model": "RetinaFaces"}