{"name": "608_Arucas_frame_01_38_56_000.jpg", "num_faces": 2, "faces": {"0": {"posX": 41, "posY": 2, "width": 58, "height": 24, "score": 0.9890666007995605}, "1": {"posX": 16, "posY": 34, "width": 39, "height": 62, "score": 0.9856788516044617}}, "model": "Img2Pose"}