{"name": "223_Teror_frame_03_15_08_000.jpg", "num_faces": 3, "faces": {"0": {"posX": 60, "posY": 25, "width": 99, "height": 77, "score": 0.9708288908004761}, "1": {"posX": 40, "posY": 37, "width": 52, "height": 54, "score": 0.9548431038856506}, "2": {"posX": 121, "posY": 94, "width": 163, "height": 134, "score": 0.7887447476387024}}}