{"name": "733_Teror_frame_01_39_24_000.jpg", "num_faces": 2, "faces": {"0": {"posX": 0, "posY": 68, "width": 17, "height": 89, "score": 0.9879624247550964}, "1": {"posX": 43, "posY": 65, "width": 60, "height": 85, "score": 0.9815355539321899}}, "model": "Img2Pose"}