{"name": "258_Arucas_frame_01_51_42_000.jpg", "num_faces": 2, "faces": {"0": {"posX": 25, "posY": 0, "width": 46, "height": 22, "score": 0.9897046685218811}, "1": {"posX": 53, "posY": 76, "width": 89, "height": 119, "score": 0.8853947520256042}}, "model": "Img2Pose"}