{"name": "675_Arucas_frame_01_48_31_000.jpg", "num_faces": 3, "faces": {"0": {"posX": 49, "posY": 38, "width": 65, "height": 62, "score": 0.9914994835853577}, "1": {"posX": 31, "posY": 47, "width": 48, "height": 70, "score": 0.7939276695251465}, "2": {"posX": 142, "posY": 56, "width": 190, "height": 117, "score": 0.7394113540649414}}, "model": "RetinaFaces"}