{"name": "157_Teror_frame_02_37_23_000.json", "num_faces": 2, "faces": {"1": {"posX": 83, "posY": 14, "width": 133, "height": 83, "score": 0.9867672324180603}, "2": {"posX": 31, "posY": 112, "width": 165, "height": 323, "score": 0.9791150093078613}}, "model": ""}