{"name": "298_Arucas_frame_01_31_43_000.jpg", "num_faces": 2, "faces": {"0": {"posX": 28, "posY": 112, "width": 42, "height": 128, "score": 0.9584062695503235}, "1": {"posX": 22, "posY": 43, "width": 50, "height": 77, "score": 0.9315981268882751}}, "model": "Img2Pose"}