{"name": "435_Arucas_frame_01_39_12_000.jpg", "num_faces": 2, "faces": {"0": {"posX": 21, "posY": 78, "width": 65, "height": 131, "score": 0.9959789514541626}, "1": {"posX": 77, "posY": 33, "width": 98, "height": 58, "score": 0.8891523480415344}}, "model": "RetinaFaces"}