{"name": "760_Arucas_frame_01_46_13_000.jpg", "num_faces": 2, "faces": {"0": {"posX": 61, "posY": 9, "width": 85, "height": 41, "score": 0.9752219915390015}, "1": {"posX": 40, "posY": 42, "width": 56, "height": 61, "score": 0.8842863440513611}}, "model": "Img2Pose"}