{"name": "630_Arucas_frame_01_49_44_000.jpg", "num_faces": 2, "faces": {"0": {"posX": 8, "posY": 214, "width": 44, "height": 256, "score": 0.9837465882301331}, "1": {"posX": 206, "posY": 49, "width": 304, "height": 165, "score": 0.9589935541152954}}, "model": ""}