{"name": "232_ParqueSur_frame_20_23_50_500.jpg", "num_faces": 2, "faces": {"0": {"posX": 52, "posY": 25, "width": 73, "height": 51, "score": 0.992817759513855}, "1": {"posX": 48, "posY": 113, "width": 73, "height": 141, "score": 0.7451247572898865}}, "model": "RetinaFaces"}