{"name": "232_ParqueSur_frame_20_23_49_500.jpg", "num_faces": 2, "faces": {"0": {"posX": 58, "posY": 21, "width": 77, "height": 44, "score": 0.9734355211257935}, "1": {"posX": 48, "posY": 89, "width": 64, "height": 103, "score": 0.7022321224212646}}, "model": "RetinaFaces"}