{"name": "232_ParqueSur_frame_20_23_51_000.jpg", "num_faces": 2, "faces": {"0": {"posX": 68, "posY": 26, "width": 91, "height": 58, "score": 0.9868361949920654}, "1": {"posX": 97, "posY": 71, "width": 128, "height": 115, "score": 0.7319597005844116}}, "model": "RetinaFaces"}