{"name": "738_Teror_frame_03_02_25_000.jpg", "num_faces": 2, "faces": {"0": {"posX": 151, "posY": 6, "width": 167, "height": 25, "score": 0.9662420153617859}, "1": {"posX": 117, "posY": 109, "width": 127, "height": 121, "score": 0.81817626953125}}, "model": "Img2Pose"}