{"name": "20_PresaDeHornos_frame_08_42_26_000.jpg", "num_faces": 2, "faces": {"0": {"posX": 86, "posY": 38, "width": 121, "height": 79, "score": 0.925881028175354}, "1": {"posX": 118, "posY": 131, "width": 132, "height": 148, "score": 0.8683723211288452}}, "model": "RetinaFaces"}