{"name": "31_Arucas_frame_01_14_35_000.jpg", "num_faces": 4, "faces": {"0": {"posX": 92, "posY": 27, "width": 117, "height": 57, "score": 0.993212103843689}, "1": {"posX": 28, "posY": 2, "width": 56, "height": 36, "score": 0.9384257197380066}, "2": {"posX": 117, "posY": 45, "width": 134, "height": 64, "score": 0.9217709898948669}, "3": {"posX": 68, "posY": 16, "width": 95, "height": 49, "score": 0.8402196168899536}}, "model": "Img2Pose"}