{"name": "31_Teror_frame_01_50_42_000.jpg", "num_faces": 5, "faces": {"0": {"posX": 190, "posY": 72, "width": 206, "height": 90, "score": 0.9736126661300659}, "1": {"posX": 57, "posY": 29, "width": 123, "height": 112, "score": 0.960212767124176}, "2": {"posX": 21, "posY": 48, "width": 37, "height": 68, "score": 0.9326839447021484}, "3": {"posX": 187, "posY": 47, "width": 201, "height": 65, "score": 0.8982500433921814}, "4": {"posX": 238, "posY": 84, "width": 256, "height": 107, "score": 0.87646484375}}, "model": "Img2Pose"}