{"name": "506_Arucas_frame_01_18_59_000.jpg", "num_faces": 2, "faces": {"0": {"posX": -11, "posY": 200, "width": 11, "height": 235, "score": 0.8819543123245239}, "1": {"posX": 53, "posY": 74, "width": 112, "height": 150, "score": 0.7058936357498169}}, "model": "RetinaFaces"}