{"name": "618_Arucas_frame_01_51_39_000.jpg", "num_faces": 2, "faces": {"0": {"posX": 45, "posY": 97, "width": 63, "height": 123, "score": 0.9239858388900757}, "1": {"posX": 117, "posY": 52, "width": 134, "height": 73, "score": 0.9094465970993042}}, "model": "RetinaFaces"}