{"name": "142_Arucas_frame_01_47_20_000.jpg", "num_faces": 2, "faces": {"0": {"posX": 81, "posY": 78, "width": 106, "height": 108, "score": 0.9287928342819214}, "1": {"posX": 0, "posY": 80, "width": 22, "height": 112, "score": 0.8721707463264465}}, "model": "Img2Pose"}