{"name": "227_PresaDeHornos_frame_13_33_38_000.jpg", "num_faces": 2, "faces": {"0": {"posX": 41, "posY": 87, "width": 53, "height": 97, "score": 0.9211766123771667}, "1": {"posX": 44, "posY": 26, "width": 66, "height": 56, "score": 0.8986049294471741}}}