{"name": "2_ParqueSur_frame_15_04_55_000.jpg", "num_faces": 2, "faces": {"0": {"posX": 326, "posY": 33, "width": 399, "height": 119, "score": 0.9755292534828186}, "1": {"posX": 184, "posY": 402, "width": 283, "height": 517, "score": 0.8940513730049133}}, "model": ""}