{"name": "157_Teror_frame_02_37_23_000.jpg", "num_faces": 4, "faces": {"0": {"posX": 15, "posY": 47, "width": 37, "height": 75, "score": 0.9969160556793213}, "1": {"posX": 83, "posY": 14, "width": 133, "height": 83, "score": 0.9867672324180603}, "2": {"posX": 31, "posY": 112, "width": 165, "height": 323, "score": 0.9791150093078613}, "3": {"posX": 217, "posY": 59, "width": 238, "height": 82, "score": 0.9389800429344177}}, "model": "RetinaFaces"}