{"name": "431_Teror_frame_03_16_43_000.jpg", "num_faces": 2, "faces": {"0": {"posX": 36, "posY": 18, "width": 54, "height": 39, "score": 0.9813722372055054}, "1": {"posX": 76, "posY": 54, "width": 158, "height": 149, "score": 0.8691880702972412}}, "model": "Img2Pose"}