{"name": "179_Teror_frame_02_10_09_000.jpg", "num_faces": 2, "faces": {"0": {"posX": 75, "posY": 33, "width": 136, "height": 109, "score": 0.9756700396537781}, "1": {"posX": 209, "posY": 91, "width": 225, "height": 110, "score": 0.9546211957931519}}, "model": "Img2Pose"}