{"name": "46_Arucas_frame_01_08_26_000.jpg", "num_faces": 2, "faces": {"0": {"posX": 147, "posY": 3, "width": 173, "height": 35, "score": 0.9904013276100159}, "1": {"posX": 172, "posY": 16, "width": 190, "height": 39, "score": 0.9529014825820923}}, "model": "Img2Pose"}