{"name": "502_Arucas_frame_01_40_52_000.jpg", "num_faces": 2, "faces": {"0": {"posX": 65, "posY": 14, "width": 87, "height": 45, "score": 0.9918650984764099}, "1": {"posX": 127, "posY": 4, "width": 146, "height": 26, "score": 0.9751655459403992}}, "model": "RetinaFaces"}