{"name": "729_Arucas_frame_01_18_17_000.jpg", "num_faces": 2, "faces": {"0": {"posX": 20, "posY": 43, "width": 59, "height": 91, "score": 0.9796355962753296}, "1": {"posX": 66, "posY": 28, "width": 119, "height": 98, "score": 0.748751163482666}}, "model": "RetinaFaces"}