{"name": "756_Teror_frame_02_12_29_000.jpg", "num_faces": 2, "faces": {"0": {"posX": 72, "posY": 27, "width": 123, "height": 88, "score": 0.9638838768005371}, "1": {"posX": 154, "posY": 83, "width": 170, "height": 101, "score": 0.9421940445899963}}, "model": "Img2Pose"}