{"name": "756_Arucas_frame_01_30_26_000.jpg", "num_faces": 2, "faces": {"0": {"posX": 33, "posY": 209, "width": 50, "height": 228, "score": 0.9593567848205566}, "1": {"posX": 133, "posY": 64, "width": 158, "height": 94, "score": 0.9409614205360413}}, "model": "Img2Pose"}