{"name": "570_Arucas_frame_01_53_09_000.jpg", "num_faces": 2, "faces": {"0": {"posX": 81, "posY": 49, "width": 93, "height": 64, "score": 0.9156182408332825}, "1": {"posX": 211, "posY": 100, "width": 246, "height": 151, "score": 0.7059628963470459}}, "model": "RetinaFaces"}