{"name": "346_Arucas_frame_01_44_41_000.jpg", "num_faces": 2, "faces": {"0": {"posX": 106, "posY": 60, "width": 170, "height": 140, "score": 0.9975964426994324}, "1": {"posX": 63, "posY": 69, "width": 90, "height": 111, "score": 0.973932147026062}}, "model": ""}