{"name": "543_Arucas_frame_01_35_44_000.jpg", "num_faces": 2, "faces": {"0": {"posX": 261, "posY": 58, "width": 282, "height": 87, "score": 0.9867197871208191}, "1": {"posX": 116, "posY": 721, "width": 158, "height": 769, "score": 0.7365823984146118}}, "model": "RetinaFaces"}