{"name": "418_Ayagaures_frame_14_44_21_000.jpg", "num_faces": 2, "faces": {"0": {"posX": 48, "posY": 18, "width": 92, "height": 73, "score": 0.9855833053588867}, "1": {"posX": 144, "posY": 81, "width": 151, "height": 91, "score": 0.9586032629013062}}, "model": "Img2Pose"}