{"name": "424_Arucas_frame_01_47_24_000.jpg", "num_faces": 2, "faces": {"0": {"posX": 11, "posY": 59, "width": 51, "height": 109, "score": 0.9860199093818665}, "1": {"posX": 41, "posY": 20, "width": 56, "height": 37, "score": 0.8321483731269836}}, "model": "Img2Pose"}