{"name": "47_Arucas_frame_01_18_33_000.jpg", "num_faces": 7, "faces": {"0": {"posX": 27, "posY": 87, "width": 52, "height": 119, "score": 0.9978960752487183}, "1": {"posX": -9, "posY": 121, "width": 11, "height": 155, "score": 0.9856101870536804}, "2": {"posX": 17, "posY": 170, "width": 50, "height": 216, "score": 0.9847235679626465}, "3": {"posX": 191, "posY": 71, "width": 278, "height": 175, "score": 0.9804059267044067}, "4": {"posX": 98, "posY": 134, "width": 121, "height": 165, "score": 0.9733116626739502}, "5": {"posX": 147, "posY": 84, "width": 167, "height": 109, "score": 0.8419008851051331}, "6": {"posX": 52, "posY": 162, "width": 77, "height": 188, "score": 0.7879303693771362}}, "model": ""}