{"name": "47_Arucas_frame_01_18_32_000.jpg", "num_faces": 3, "faces": {"0": {"posX": 61, "posY": 69, "width": 81, "height": 101, "score": 0.9933326840400696}, "1": {"posX": 14, "posY": 91, "width": 43, "height": 128, "score": 0.9888244271278381}, "3": {"posX": -11, "posY": 108, "width": 17, "height": 150, "score": 0.7220667600631714}}, "model": ""}