{"name": "696_Teror_frame_03_11_46_000.jpg", "num_faces": 2, "faces": {"0": {"posX": 62, "posY": 48, "width": 126, "height": 128, "score": 0.9606614112854004}, "1": {"posX": 187, "posY": 89, "width": 202, "height": 107, "score": 0.9299252033233643}}, "model": ""}