{"name": "532_Arucas_frame_01_47_43_000.jpg", "num_faces": 2, "faces": {"0": {"posX": 13, "posY": 90, "width": 40, "height": 121, "score": 0.9622899889945984}, "1": {"posX": 239, "posY": 319, "width": 254, "height": 336, "score": 0.8852798938751221}}, "model": ""}