{"name": "630_Arucas_frame_01_49_44_000.jpg", "num_faces": 2, "faces": {"0": {"posX": 226, "posY": 60, "width": 303, "height": 172, "score": 0.9989469647407532}, "1": {"posX": 10, "posY": 211, "width": 43, "height": 256, "score": 0.9945802092552185}}, "model": ""}