{"name": "136_Teror_frame_03_21_26_000.json", "num_faces": 2, "faces": {"0": {"posX": 62, "posY": 23, "width": 112, "height": 84, "score": 0.9993840456008911}, "1": {"posX": 146, "posY": 7, "width": 252, "height": 135, "score": 0.8017680644989014}}, "model": ""}