{"name": "148_Arucas_frame_01_50_59_000.jpg", "num_faces": 2, "faces": {"0": {"posX": 43, "posY": 11, "width": 59, "height": 33, "score": 0.9337413311004639}, "1": {"posX": 23, "posY": 17, "width": 44, "height": 43, "score": 0.9115496873855591}}, "model": "Img2Pose"}