{"name": "144_Teror_frame_02_26_29_000.jpg", "num_faces": 3, "faces": {"0": {"posX": 6, "posY": 64, "width": 23, "height": 84, "score": 0.9827113747596741}, "1": {"posX": 94, "posY": 22, "width": 147, "height": 86, "score": 0.9730802774429321}, "2": {"posX": 186, "posY": 164, "width": 194, "height": 173, "score": 0.8837417960166931}}, "model": "Img2Pose"}