{"name": "578_Arucas_frame_01_45_34_000.jpg", "num_faces": 4, "faces": {"0": {"posX": 89, "posY": 96, "width": 105, "height": 117, "score": 0.9246471524238586}, "1": {"posX": 58, "posY": 86, "width": 74, "height": 105, "score": 0.8933026790618896}, "2": {"posX": 73, "posY": 108, "width": 93, "height": 132, "score": 0.8680030703544617}, "3": {"posX": 41, "posY": 130, "width": 60, "height": 151, "score": 0.8670979142189026}}, "model": ""}