{"name": "199_Teror_frame_02_17_55_000.jpg", "num_faces": 2, "faces": {"0": {"posX": 52, "posY": 49, "width": 124, "height": 137, "score": 0.9999041557312012}, "1": {"posX": 162, "posY": 82, "width": 174, "height": 101, "score": 0.7249165773391724}}, "model": ""}