{"name": "665_Arucas_frame_01_48_52_000.jpg", "num_faces": 2, "faces": {"0": {"posX": 75, "posY": 48, "width": 94, "height": 71, "score": 0.9963371753692627}, "1": {"posX": 173, "posY": 40, "width": 251, "height": 133, "score": 0.9703546166419983}}, "model": "Img2Pose"}