{"name": "665_Arucas_frame_01_48_50_000.jpg", "num_faces": 2, "faces": {"0": {"posX": 58, "posY": 32, "width": 106, "height": 92, "score": 0.9457622170448303}, "1": {"posX": 0, "posY": 0, "width": 17, "height": 25, "score": 0.9386023283004761}}, "model": "Img2Pose"}