{"name": "665_Arucas_frame_01_48_51_000.jpg", "num_faces": 2, "faces": {"0": {"posX": 0, "posY": 25, "width": 25, "height": 55, "score": 0.9967993497848511}, "1": {"posX": 106, "posY": 40, "width": 163, "height": 110, "score": 0.9516499638557434}}, "model": "Img2Pose"}