{"name": "812_Arucas_frame_01_31_29_000.jpg", "num_faces": 2, "faces": {"0": {"posX": 12, "posY": 189, "width": 37, "height": 222, "score": 0.9412789940834045}, "1": {"posX": -8, "posY": 184, "width": 15, "height": 223, "score": 0.8041278123855591}}, "model": "RetinaFaces"}