{"name": "192_Teror_frame_02_27_44_000.jpg", "num_faces": 2, "faces": {"0": {"posX": 69, "posY": 25, "width": 123, "height": 91, "score": 0.9783409237861633}, "1": {"posX": 21, "posY": 71, "width": 44, "height": 97, "score": 0.9510055780410767}}, "model": "Img2Pose"}