{"name": "192_Arucas_frame_01_40_11_000.jpg", "num_faces": 2, "faces": {"0": {"posX": 198, "posY": 44, "width": 216, "height": 66, "score": 0.985818088054657}, "1": {"posX": 113, "posY": 32, "width": 169, "height": 102, "score": 0.9810832142829895}}, "model": "Img2Pose"}