{"name": "192_Arucas_frame_01_40_13_000.jpg", "num_faces": 2, "faces": {"0": {"posX": 104, "posY": 65, "width": 123, "height": 92, "score": 0.9469618797302246}, "1": {"posX": 63, "posY": 72, "width": 85, "height": 99, "score": 0.9345578551292419}}, "model": "Img2Pose"}