{"name": "14_Arucas_frame_01_08_03_000.jpg", "num_faces": 2, "faces": {"0": {"posX": 0, "posY": 36, "width": 36, "height": 81, "score": 0.9871769547462463}, "1": {"posX": 132, "posY": 1, "width": 163, "height": 40, "score": 0.9175954461097717}}, "model": "Img2Pose"}