{"name": "786_Teror_frame_03_09_58_000.jpg", "num_faces": 2, "faces": {"0": {"posX": 331, "posY": 121, "width": 347, "height": 142, "score": 0.9795544147491455}, "1": {"posX": 117, "posY": 56, "width": 210, "height": 161, "score": 0.9716485142707825}}, "model": "Img2Pose"}