{"name": "227_Arucas_frame_01_45_03_000.jpg", "num_faces": 2, "faces": {"0": {"posX": 95, "posY": 49, "width": 148, "height": 113, "score": 0.9744445085525513}, "1": {"posX": 200, "posY": 289, "width": 216, "height": 307, "score": 0.9456301927566528}}, "model": ""}