{"name": "491_PresaDeHornos_frame_12_19_32_000.jpg", "num_faces": 2, "faces": {"0": {"posX": 62, "posY": 22, "width": 95, "height": 67, "score": 0.9994624257087708}, "1": {"posX": 39, "posY": 343, "width": 52, "height": 358, "score": 0.8240939974784851}}, "model": "RetinaFaces"}