{"name": "491_Teror_frame_02_10_35_000.jpg", "num_faces": 4, "faces": {"0": {"posX": 37, "posY": 81, "width": 56, "height": 105, "score": 0.9975453019142151}, "1": {"posX": -9, "posY": 109, "width": 9, "height": 136, "score": 0.9920786023139954}, "2": {"posX": 5, "posY": 80, "width": 20, "height": 103, "score": 0.9614115357398987}, "3": {"posX": 63, "posY": 58, "width": 122, "height": 135, "score": 0.8284873366355896}}, "model": "RetinaFaces"}