{"name": "540_Teror_frame_03_11_04_000.jpg", "num_faces": 2, "faces": {"0": {"posX": 109, "posY": 26, "width": 184, "height": 120, "score": 0.9286051988601685}, "2": {"posX": 254, "posY": 82, "width": 283, "height": 116, "score": 0.8680838942527771}}, "model": ""}