{"name": "464_Arucas_frame_01_49_07_000.jpg", "num_faces": 3, "faces": {"0": {"posX": 6, "posY": 20, "width": 31, "height": 49, "score": 0.9887250065803528}, "1": {"posX": 3, "posY": 76, "width": 33, "height": 112, "score": 0.9886646270751953}, "2": {"posX": 85, "posY": 48, "width": 151, "height": 129, "score": 0.9156121611595154}}, "model": "Img2Pose"}