{"name": "25_Arucas_frame_01_13_22_000.jpg", "num_faces": 2, "faces": {"0": {"posX": 7, "posY": 63, "width": 41, "height": 105, "score": 0.9884560108184814}, "1": {"posX": 41, "posY": 110, "width": 66, "height": 143, "score": 0.9868130683898926}}, "model": ""}