{"name": "29_Ayagaures_frame_14_24_29_000.jpg", "num_faces": 3, "faces": {"0": {"posX": 50, "posY": 16, "width": 99, "height": 77, "score": 0.9730537533760071}, "1": {"posX": 166, "posY": 200, "width": 173, "height": 208, "score": 0.8845852017402649}, "2": {"posX": 170, "posY": 82, "width": 175, "height": 88, "score": 0.853010356426239}}, "model": "Img2Pose"}