{"name": "29_Teror_frame_01_41_26_000.jpg", "num_faces": 3, "faces": {"0": {"posX": 13, "posY": 25, "width": 28, "height": 43, "score": 0.9556989073753357}, "1": {"posX": 99, "posY": 111, "width": 128, "height": 147, "score": 0.9293178915977478}, "2": {"posX": 129, "posY": 8, "width": 140, "height": 24, "score": 0.8860413432121277}}, "model": "Img2Pose"}