{"name": "200_Teror_frame_02_39_28_000.jpg", "num_faces": 2, "faces": {"0": {"posX": 88, "posY": 32, "width": 141, "height": 99, "score": 0.9767165184020996}, "1": {"posX": 211, "posY": 99, "width": 222, "height": 116, "score": 0.8373730182647705}}}