{"name": "687_Teror_frame_03_07_59_000.jpg", "num_faces": 2, "faces": {"0": {"posX": 65, "posY": 13, "width": 112, "height": 71, "score": 0.9968288540840149}, "1": {"posX": 46, "posY": 62, "width": 55, "height": 75, "score": 0.865856945514679}}, "model": "RetinaFaces"}