{"name": "110_Teror_frame_02_33_52_000.jpg", "num_faces": 4, "faces": {"0": {"posX": 62, "posY": 95, "width": 96, "height": 137, "score": 0.9939868450164795}, "1": {"posX": 0, "posY": 75, "width": 33, "height": 120, "score": 0.9906504154205322}, "2": {"posX": 162, "posY": 66, "width": 305, "height": 248, "score": 0.9657189846038818}, "3": {"posX": 397, "posY": 154, "width": 424, "height": 185, "score": 0.9530413746833801}}, "model": ""}