{"name": "705_Arucas_frame_01_39_38_000.jpg", "num_faces": 2, "faces": {"0": {"posX": 85, "posY": 26, "width": 143, "height": 97, "score": 0.9873384237289429}, "1": {"posX": 155, "posY": 40, "width": 173, "height": 64, "score": 0.8803452253341675}}, "model": "Img2Pose"}