{"name": "705_Arucas_frame_01_39_39_000.jpg", "num_faces": 2, "faces": {"0": {"posX": 5, "posY": 64, "width": 28, "height": 92, "score": 0.9807277917861938}, "1": {"posX": 0, "posY": 158, "width": 28, "height": 191, "score": 0.9362055063247681}}, "model": "Img2Pose"}