{"name": "814_Teror_frame_03_05_47_000.jpg", "num_faces": 2, "faces": {"0": {"posX": 47, "posY": 59, "width": 60, "height": 80, "score": 0.9886532425880432}, "1": {"posX": 101, "posY": 10, "width": 149, "height": 71, "score": 0.9678369760513306}}, "model": "RetinaFaces"}