{"name": "470_Teror_frame_02_33_24_000.jpg", "num_faces": 2, "faces": {"0": {"posX": 220, "posY": 27, "width": 311, "height": 149, "score": 0.9995668530464172}, "1": {"posX": 17, "posY": 136, "width": 69, "height": 201, "score": 0.9772180914878845}}, "model": "RetinaFaces"}