{"name": "713_Ayagaures_frame_18_00_46_000.jpg", "num_faces": 2, "faces": {"0": {"posX": 40, "posY": 22, "width": 70, "height": 58, "score": 0.987886905670166}, "1": {"posX": 84, "posY": 62, "width": 94, "height": 73, "score": 0.8118674755096436}}, "model": "Img2Pose"}