{"name": "713_ParqueSur_frame_20_11_41_000.jpg", "num_faces": 2, "faces": {"0": {"posX": 98, "posY": 17, "width": 142, "height": 69, "score": 0.9826689958572388}, "1": {"posX": 7, "posY": 26, "width": 12, "height": 33, "score": 0.8010066747665405}}, "model": "Img2Pose"}