{"name": "517_Arucas_frame_01_44_36_000.jpg", "num_faces": 2, "faces": {"0": {"posX": 114, "posY": 41, "width": 173, "height": 119, "score": 0.997938334941864}, "1": {"posX": 22, "posY": 63, "width": 39, "height": 81, "score": 0.9559963345527649}}, "model": "RetinaFaces"}