{"name": "20_ParqueSur_frame_14_14_28_000.json", "num_faces": 2, "faces": {"1": {"posX": 103, "posY": 23, "width": 148, "height": 78, "score": 0.9796140789985657}, "3": {"posX": 105, "posY": 312, "width": 154, "height": 374, "score": 0.8221189379692078}}, "model": ""}