{"name": "600_Teror_frame_02_02_17_000.jpg", "num_faces": 2, "faces": {"1": {"posX": 21, "posY": 84, "width": 101, "height": 188, "score": 0.8850975036621094}, "2": {"posX": 18, "posY": 67, "width": 62, "height": 106, "score": 0.7940654158592224}}, "model": ""}