{"name": "502_Teror_frame_02_37_14_000.jpg", "num_faces": 2, "faces": {"0": {"posX": 74, "posY": 42, "width": 153, "height": 144, "score": 0.9992815852165222}, "1": {"posX": 278, "posY": 109, "width": 294, "height": 133, "score": 0.7793710827827454}}, "model": ""}