{"name": "327_Ayagaures_frame_19_07_22_000.jpg", "num_faces": 2, "faces": {"0": {"posX": 30, "posY": 32, "width": 61, "height": 70, "score": 0.9963486194610596}, "1": {"posX": -1, "posY": 71, "width": 6, "height": 82, "score": 0.9411250352859497}}, "model": "RetinaFaces"}