{"name": "343_Teror_frame_02_36_34_000.jpg", "num_faces": 4, "faces": {"0": {"posX": 387, "posY": 205, "width": 407, "height": 231, "score": 0.991915225982666}, "1": {"posX": 185, "posY": 152, "width": 249, "height": 245, "score": 0.9883493185043335}, "2": {"posX": 9, "posY": 149, "width": 42, "height": 193, "score": 0.9252101182937622}, "3": {"posX": 38, "posY": 143, "width": 70, "height": 181, "score": 0.7417238354682922}}, "model": ""}