{"name": "743_Arucas_frame_01_42_36_000.jpg", "num_faces": 4, "faces": {"1": {"posX": 21, "posY": 131, "width": 46, "height": 160, "score": 0.9619325399398804}, "2": {"posX": 47, "posY": 139, "width": 63, "height": 158, "score": 0.8613442778587341}, "3": {"posX": 43, "posY": 128, "width": 57, "height": 144, "score": 0.8195872902870178}, "4": {"posX": 87, "posY": 89, "width": 105, "height": 110, "score": 0.8008290529251099}}, "model": ""}