{"name": "416_Arucas_frame_01_29_36_000.jpg", "num_faces": 4, "faces": {"0": {"posX": 6, "posY": 100, "width": 34, "height": 142, "score": 0.9904475212097168}, "1": {"posX": 189, "posY": 19, "width": 215, "height": 50, "score": 0.9835991859436035}, "2": {"posX": 113, "posY": 40, "width": 175, "height": 119, "score": 0.9780002236366272}, "3": {"posX": 43, "posY": 79, "width": 66, "height": 108, "score": 0.7278792858123779}}, "model": "RetinaFaces"}