{"name": "416_Teror_frame_02_09_17_000.jpg", "num_faces": 2, "faces": {"0": {"posX": 43, "posY": 30, "width": 73, "height": 67, "score": 0.9806345701217651}, "1": {"posX": 21, "posY": 35, "width": 40, "height": 57, "score": 0.9666956663131714}}, "model": "RetinaFaces"}