{"name": "416_Arucas_frame_01_29_34_000.jpg", "num_faces": 2, "faces": {"0": {"posX": 50, "posY": 40, "width": 90, "height": 92, "score": 0.9658914804458618}, "1": {"posX": 11, "posY": 6, "width": 39, "height": 39, "score": 0.7916014194488525}}, "model": "RetinaFaces"}