{"name": "578_Arucas_frame_01_45_34_000.jpg", "num_faces": 2, "faces": {"0": {"posX": 91, "posY": 97, "width": 106, "height": 116, "score": 0.7806259393692017}, "1": {"posX": 61, "posY": 88, "width": 73, "height": 104, "score": 0.7707210183143616}}, "model": ""}