{"name": "681_Arucas_frame_01_47_55_000.jpg", "num_faces": 3, "faces": {"0": {"posX": 17, "posY": 62, "width": 45, "height": 97, "score": 0.9925516843795776}, "1": {"posX": -6, "posY": 57, "width": 16, "height": 90, "score": 0.9536310434341431}, "2": {"posX": 74, "posY": 7, "width": 98, "height": 39, "score": 0.9123286008834839}}, "model": "RetinaFaces"}