{"name": "681_Arucas_frame_01_47_57_000.jpg", "num_faces": 3, "faces": {"0": {"posX": 74, "posY": 49, "width": 97, "height": 80, "score": 0.9879840612411499}, "1": {"posX": 9, "posY": 105, "width": 36, "height": 137, "score": 0.9870039820671082}, "2": {"posX": -8, "posY": 100, "width": 10, "height": 126, "score": 0.7442407608032227}}, "model": "RetinaFaces"}