{"name": "39_Ayagaures_frame_15_16_05_000.jpg", "num_faces": 2, "faces": {"0": {"posX": 48, "posY": 43, "width": 70, "height": 69, "score": 0.9981051683425903}, "1": {"posX": 75, "posY": 63, "width": 84, "height": 75, "score": 0.838418185710907}}, "model": "RetinaFaces"}