{"name": "39_Teror_frame_01_41_32_000.jpg", "num_faces": 2, "faces": {"0": {"posX": 15, "posY": 53, "width": 30, "height": 71, "score": 0.9941301941871643}, "1": {"posX": 27, "posY": 24, "width": 37, "height": 38, "score": 0.9048117995262146}}, "model": "RetinaFaces"}