{"name": "39_Teror_frame_01_41_33_000.jpg", "num_faces": 2, "faces": {"0": {"posX": 33, "posY": 89, "width": 50, "height": 109, "score": 0.9909319877624512}, "1": {"posX": 74, "posY": 84, "width": 88, "height": 103, "score": 0.7044488191604614}}, "model": "RetinaFaces"}