{"name": "116_ParqueSur_frame_19_45_44_000.jpg", "num_faces": 2, "faces": {"0": {"posX": 37, "posY": 6, "width": 53, "height": 25, "score": 0.9997997879981995}, "1": {"posX": 38, "posY": 110, "width": 59, "height": 130, "score": 0.9162333011627197}}}