{"name": "116_ParqueSur_frame_19_45_47_000.jpg", "num_faces": 3, "faces": {"0": {"posX": 62, "posY": 18, "width": 90, "height": 57, "score": 0.9994860887527466}, "1": {"posX": 64, "posY": 245, "width": 80, "height": 265, "score": 0.922161877155304}, "2": {"posX": 60, "posY": 220, "width": 100, "height": 261, "score": 0.7075064778327942}}}