{"name": "116_ParqueSur_frame_19_45_45_000.jpg", "num_faces": 2, "faces": {"0": {"posX": 40, "posY": 13, "width": 58, "height": 38, "score": 0.9997140765190125}, "1": {"posX": 47, "posY": 136, "width": 72, "height": 160, "score": 0.9574062824249268}}}