{"name": "61_Arucas_frame_01_39_14_000.jpg", "num_faces": 3, "faces": {"0": {"posX": 128, "posY": 63, "width": 203, "height": 165, "score": 0.9947691559791565}, "1": {"posX": 285, "posY": 109, "width": 301, "height": 129, "score": 0.922526478767395}, "2": {"posX": 257, "posY": 107, "width": 277, "height": 132, "score": 0.9196376204490662}}, "model": ""}