{"name": "257_Arucas_frame_01_28_15_000.jpg", "num_faces": 2, "faces": {"0": {"posX": 74, "posY": 207, "width": 112, "height": 250, "score": 0.9939051270484924}, "1": {"posX": 121, "posY": 187, "width": 152, "height": 222, "score": 0.9245661497116089}}, "model": ""}