{"name": "260_Arucas_frame_01_46_07_000.jpg", "num_faces": 2, "faces": {"0": {"posX": 5, "posY": 106, "width": 31, "height": 136, "score": 0.9742221236228943}, "1": {"posX": 211, "posY": 29, "width": 226, "height": 50, "score": 0.8978003263473511}}, "model": "Img2Pose"}