{"name": "743_Arucas_frame_01_42_35_000.jpg", "num_faces": 2, "faces": {"0": {"posX": 41, "posY": 0, "width": 66, "height": 28, "score": 0.9846729636192322}, "1": {"posX": 90, "posY": 32, "width": 107, "height": 52, "score": 0.9499775767326355}}, "model": "Img2Pose"}