{"name": "635_Arucas_frame_01_44_11_000.jpg", "num_faces": 2, "faces": {"0": {"posX": 36, "posY": 58, "width": 71, "height": 99, "score": 0.973340630531311}, "1": {"posX": 214, "posY": 52, "width": 237, "height": 79, "score": 0.8458034992218018}}, "model": "Img2Pose"}