{"name": "693_Teror_frame_02_28_42_000.jpg", "num_faces": 2, "faces": {"1": {"posX": 59, "posY": 45, "width": 123, "height": 126, "score": 0.9180931448936462}, "2": {"posX": 212, "posY": 98, "width": 222, "height": 114, "score": 0.8019981384277344}}, "model": ""}