{"name": "320_ParqueSur_frame_19_57_12_500.jpg", "num_faces": 2, "faces": {"1": {"posX": 141, "posY": 164, "width": 152, "height": 179, "score": 0.8040055632591248}, "2": {"posX": 13, "posY": 198, "width": 29, "height": 217, "score": 0.7426757216453552}}, "model": ""}