{"name": "320_ParqueSur_frame_19_57_15_000.jpg", "num_faces": 2, "faces": {"0": {"posX": 113, "posY": 25, "width": 176, "height": 112, "score": 0.9991795420646667}, "1": {"posX": 48, "posY": 88, "width": 70, "height": 119, "score": 0.9883955717086792}}, "model": ""}