{"name": "593_Ayagaures_frame_17_38_40_000.jpg", "num_faces": 2, "faces": {"0": {"posX": 33, "posY": 28, "width": 98, "height": 115, "score": 0.9993322491645813}, "1": {"posX": 35, "posY": 374, "width": 69, "height": 418, "score": 0.7282050848007202}}, "model": ""}