{"name": "769_Teror_frame_02_32_13_000.jpg", "num_faces": 2, "faces": {"0": {"posX": 101, "posY": 62, "width": 209, "height": 201, "score": 0.9994882345199585}, "1": {"posX": 25, "posY": 180, "width": 63, "height": 232, "score": 0.997427761554718}}, "model": ""}