{"name": "85_Teror_frame_02_40_50_000.jpg", "num_faces": 2, "faces": {"0": {"posX": 81, "posY": 50, "width": 146, "height": 138, "score": 0.9941803216934204}, "1": {"posX": 191, "posY": 272, "width": 247, "height": 321, "score": 0.7789222598075867}}, "model": ""}