{"name": "693_Teror_frame_02_28_42_000.jpg", "num_faces": 3, "faces": {"1": {"posX": 53, "posY": 41, "width": 122, "height": 127, "score": 0.9231756329536438}, "2": {"posX": 209, "posY": 96, "width": 226, "height": 115, "score": 0.8878288269042969}, "3": {"posX": 183, "posY": 90, "width": 194, "height": 102, "score": 0.825187623500824}}, "model": ""}