{"name": "637_Teror_frame_02_35_47_000.jpg", "num_faces": 4, "faces": {"0": {"posX": 21, "posY": 144, "width": 58, "height": 189, "score": 0.9910805821418762}, "1": {"posX": 385, "posY": 271, "width": 408, "height": 299, "score": 0.9187374114990234}, "2": {"posX": 85, "posY": 44, "width": 228, "height": 202, "score": 0.9147846102714539}, "3": {"posX": 326, "posY": 189, "width": 347, "height": 215, "score": 0.8587237000465393}}, "model": ""}