{"name": "637_Arucas_frame_01_39_30_000.jpg", "num_faces": 2, "faces": {"1": {"posX": 137, "posY": 39, "width": 215, "height": 132, "score": 0.9271669387817383}, "2": {"posX": 230, "posY": 82, "width": 251, "height": 109, "score": 0.8769749999046326}}, "model": ""}