{"name": "379_Teror_frame_03_10_05_000.jpg", "num_faces": 2, "faces": {"0": {"posX": 4, "posY": 43, "width": 19, "height": 62, "score": 0.8942220211029053}, "1": {"posX": 43, "posY": 25, "width": 68, "height": 55, "score": 0.7334614992141724}}, "model": "RetinaFaces"}