{"name": "395_Teror_frame_03_21_49_000.jpg", "num_faces": 2, "faces": {"0": {"posX": 70, "posY": 42, "width": 231, "height": 230, "score": 0.8271427750587463}, "1": {"posX": 28, "posY": 390, "width": 46, "height": 411, "score": 0.8097319006919861}}, "model": ""}