{"name": "416_Arucas_frame_01_29_37_000.jpg", "num_faces": 2, "faces": {"0": {"posX": 4, "posY": 155, "width": 33, "height": 188, "score": 0.9925382733345032}, "1": {"posX": 172, "posY": 47, "width": 255, "height": 159, "score": 0.9688557386398315}}, "model": ""}