{"name": "672_Arucas_frame_01_46_02_000.jpg", "num_faces": 2, "faces": {"0": {"posX": 18, "posY": 5, "width": 29, "height": 20, "score": 0.8938459157943726}, "1": {"posX": 7, "posY": 32, "width": 23, "height": 51, "score": 0.8348692655563354}}, "model": "Img2Pose"}