{"name": "672_Arucas_frame_01_46_01_000.jpg", "num_faces": 2, "faces": {"0": {"posX": 42, "posY": 58, "width": 56, "height": 74, "score": 0.8750741481781006}, "1": {"posX": 16, "posY": 64, "width": 28, "height": 79, "score": 0.8481501936912537}}, "model": "Img2Pose"}