{"name": "210_Arucas_frame_01_37_29_000.json", "num_faces": 2, "faces": {"1": {"posX": 115, "posY": 46, "width": 179, "height": 126, "score": 0.9784290194511414}, "2": {"posX": 54, "posY": 154, "width": 107, "height": 218, "score": 0.8387425541877747}}, "model": ""}