{"name": "17_Arucas_frame_01_09_52_000.jpg", "num_faces": 3, "faces": {"0": {"posX": 193, "posY": 62, "width": 209, "height": 84, "score": 0.9781635403633118}, "1": {"posX": 158, "posY": 69, "width": 183, "height": 99, "score": 0.8860235810279846}, "2": {"posX": 179, "posY": 68, "width": 193, "height": 89, "score": 0.7414903044700623}}, "model": "RetinaFaces"}