{"name": "139_Teror_frame_03_10_53_000.jpg", "num_faces": 2, "faces": {"0": {"posX": 190, "posY": 82, "width": 207, "height": 102, "score": 0.9498113989830017}, "2": {"posX": 82, "posY": 19, "width": 161, "height": 116, "score": 0.9006636142730713}}, "model": ""}