{"name": "353_Teror_frame_02_26_37_000.jpg", "num_faces": 2, "faces": {"0": {"posX": 53, "posY": 59, "width": 139, "height": 158, "score": 0.9731519818305969}, "1": {"posX": 192, "posY": 139, "width": 210, "height": 166, "score": 0.8889454007148743}}, "model": "RetinaFaces"}