{"name": "353_Teror_frame_02_26_36_000.jpg", "num_faces": 2, "faces": {"0": {"posX": 47, "posY": 30, "width": 90, "height": 82, "score": 0.9967551827430725}, "1": {"posX": 166, "posY": 52, "width": 178, "height": 68, "score": 0.9540257453918457}}, "model": "RetinaFaces"}