{"name": "353_Arucas_frame_01_42_52_000.jpg", "num_faces": 2, "faces": {"0": {"posX": 248, "posY": 205, "width": 260, "height": 222, "score": 0.9205554127693176}, "1": {"posX": 245, "posY": 189, "width": 256, "height": 202, "score": 0.8195165991783142}}, "model": "RetinaFaces"}