{"name": "250_Teror_frame_02_05_44_000.jpg", "num_faces": 2, "faces": {"0": {"posX": 235, "posY": 76, "width": 258, "height": 102, "score": 0.9908191561698914}, "1": {"posX": 283, "posY": 98, "width": 303, "height": 121, "score": 0.9855581521987915}}, "model": ""}