{"name": "62_Arucas_frame_01_49_26_000.jpg", "num_faces": 4, "faces": {"0": {"posX": 41, "posY": 0, "width": 58, "height": 21, "score": 0.9950737357139587}, "1": {"posX": 70, "posY": 37, "width": 114, "height": 99, "score": 0.9948037266731262}, "2": {"posX": 2, "posY": 0, "width": 23, "height": 23, "score": 0.9547057747840881}, "3": {"posX": 111, "posY": 138, "width": 142, "height": 179, "score": 0.7290281653404236}}, "model": "RetinaFaces"}