{"name": "62_Arucas_frame_01_49_28_000.jpg", "num_faces": 2, "faces": {"0": {"posX": 73, "posY": 26, "width": 139, "height": 121, "score": 0.9963668584823608}, "1": {"posX": 174, "posY": 10, "width": 191, "height": 36, "score": 0.9955074787139893}}, "model": "RetinaFaces"}