{"name": "62_Teror_frame_02_44_34_000.jpg", "num_faces": 2, "faces": {"0": {"posX": 58, "posY": 33, "width": 122, "height": 106, "score": 0.9835141897201538}, "1": {"posX": 140, "posY": 83, "width": 153, "height": 101, "score": 0.9291248917579651}}, "model": "RetinaFaces"}