{"name": "653_Teror_frame_02_30_22_000.jpg", "num_faces": 2, "faces": {"0": {"posX": 87, "posY": 62, "width": 203, "height": 215, "score": 0.9565301537513733}, "1": {"posX": 389, "posY": 220, "width": 408, "height": 246, "score": 0.9130165576934814}}, "model": ""}