{"name": "379_Teror_frame_03_10_05_000.jpg", "num_faces": 2, "faces": {"0": {"posX": 2, "posY": 98, "width": 10, "height": 107, "score": 0.924541711807251}, "1": {"posX": 5, "posY": 42, "width": 21, "height": 60, "score": 0.8118728995323181}}, "model": "Img2Pose"}