{"name": "693_Teror_frame_02_28_43_000.jpg", "num_faces": 2, "faces": {"0": {"posX": 25, "posY": 161, "width": 48, "height": 187, "score": 0.9940387010574341}, "1": {"posX": 91, "posY": 31, "width": 205, "height": 169, "score": 0.9062162041664124}}, "model": "Img2Pose"}