{"name": "693_Arucas_frame_01_37_40_000.jpg", "num_faces": 2, "faces": {"0": {"posX": 156, "posY": 29, "width": 248, "height": 141, "score": 0.9755185842514038}, "1": {"posX": 295, "posY": 384, "width": 311, "height": 402, "score": 0.8940162658691406}}, "model": "Img2Pose"}