{"name": "693_Teror_frame_02_28_39_000.jpg", "num_faces": 2, "faces": {"0": {"posX": 1, "posY": 28, "width": 15, "height": 45, "score": 0.9916520714759827}, "1": {"posX": 34, "posY": 26, "width": 60, "height": 59, "score": 0.8375069499015808}}, "model": "Img2Pose"}