{"name": "693_Teror_frame_02_28_40_000.jpg", "num_faces": 2, "faces": {"0": {"posX": 49, "posY": 31, "width": 86, "height": 77, "score": 0.9537094235420227}, "1": {"posX": 98, "posY": 44, "width": 112, "height": 61, "score": 0.9502877593040466}}, "model": "Img2Pose"}