{"name": "250_PresaDeHornos_frame_11_09_22_000.jpg", "num_faces": 2, "faces": {"0": {"posX": 51, "posY": 23, "width": 75, "height": 53, "score": 0.8827669620513916}, "1": {"posX": 6, "posY": 4, "width": 10, "height": 9, "score": 0.8012164235115051}}, "model": "Img2Pose"}