{"name": "405_PresaDeHornos_frame_12_42_14_000.jpg", "num_faces": 2, "faces": {"0": {"posX": 59, "posY": 20, "width": 103, "height": 75, "score": 0.987539529800415}, "1": {"posX": 102, "posY": 27, "width": 116, "height": 43, "score": 0.8764802813529968}}, "model": "Img2Pose"}