{"name": "450_PresaDeHornos_frame_12_05_04_000.jpg", "num_faces": 2, "faces": {"0": {"posX": 78, "posY": 52, "width": 109, "height": 90, "score": 0.9663107991218567}, "1": {"posX": 49, "posY": 113, "width": 56, "height": 122, "score": 0.917512834072113}}, "model": "Img2Pose"}