{"name": "490_PresaDeHornos_frame_13_05_08_000.jpg", "num_faces": 2, "faces": {"0": {"posX": 56, "posY": 27, "width": 83, "height": 61, "score": 0.9562273025512695}, "1": {"posX": 92, "posY": 27, "width": 98, "height": 35, "score": 0.8951328992843628}}, "model": "Img2Pose"}