{"name": "5_PresaDeHornos_frame_09_41_21_000.jpg", "num_faces": 2, "faces": {"0": {"posX": 111, "posY": 28, "width": 122, "height": 42, "score": 0.876498818397522}, "1": {"posX": 71, "posY": 33, "width": 105, "height": 72, "score": 0.8661490678787231}}, "model": "Img2Pose"}