{"name": "702_PresaDeHornos_frame_12_38_55_000.jpg", "num_faces": 2, "faces": {"0": {"posX": 86, "posY": 25, "width": 126, "height": 73, "score": 0.961880624294281}, "1": {"posX": 107, "posY": 0, "width": 119, "height": 11, "score": 0.9396603107452393}}, "model": "Img2Pose"}