{"name": "795_PresaDeHornos_frame_12_39_21_000.jpg", "num_faces": 2, "faces": {"0": {"posX": 27, "posY": 201, "width": 50, "height": 228, "score": 0.9423891305923462}, "1": {"posX": 28, "posY": 31, "width": 64, "height": 73, "score": 0.8753734827041626}}, "model": "Img2Pose"}