{"name": "804_PresaDeHornos_frame_11_36_45_000.jpg", "num_faces": 2, "faces": {"0": {"posX": 84, "posY": 107, "width": 116, "height": 135, "score": 0.8211491107940674}, "1": {"posX": 59, "posY": 24, "width": 83, "height": 52, "score": 0.8092353940010071}}, "model": "Img2Pose"}