{"name": "514_Arucas_frame_01_51_57_000.jpg", "num_faces": 2, "faces": {"0": {"posX": 221, "posY": 38, "width": 242, "height": 64, "score": 0.9864765405654907}, "1": {"posX": 234, "posY": 30, "width": 253, "height": 53, "score": 0.8653944730758667}}, "model": "Img2Pose"}