{"name": "514_Arucas_frame_01_51_54_000.jpg", "num_faces": 2, "faces": {"0": {"posX": 65, "posY": 6, "width": 83, "height": 29, "score": 0.9903766512870789}, "1": {"posX": 78, "posY": 0, "width": 97, "height": 22, "score": 0.9711161255836487}}, "model": "Img2Pose"}