{"name": "514_Arucas_frame_01_51_55_000.jpg", "num_faces": 3, "faces": {"0": {"posX": 111, "posY": 15, "width": 131, "height": 39, "score": 0.9939324259757996}, "1": {"posX": 127, "posY": 7, "width": 146, "height": 30, "score": 0.9783099889755249}, "2": {"posX": 28, "posY": 43, "width": 56, "height": 76, "score": 0.9422395825386047}}, "model": "Img2Pose"}