{"name": "630_Teror_frame_02_39_54_000.jpg", "num_faces": 2, "faces": {"0": {"posX": 308, "posY": 104, "width": 334, "height": 135, "score": 0.9899855852127075}, "1": {"posX": 76, "posY": 27, "width": 213, "height": 196, "score": 0.9597944021224976}}, "model": "Img2Pose"}