{"name": "139_Teror_frame_03_10_53_000.jpg", "num_faces": 2, "faces": {"0": {"posX": 81, "posY": 30, "width": 156, "height": 122, "score": 0.9994118213653564}, "2": {"posX": 193, "posY": 83, "width": 206, "height": 105, "score": 0.9587363004684448}}, "model": ""}