{"name": "216_PresaDeHornos_frame_12_30_42_000.jpg", "num_faces": 2, "faces": {"0": {"posX": 39, "posY": 27, "width": 63, "height": 57, "score": 0.9944316744804382}, "1": {"posX": 45, "posY": 116, "width": 57, "height": 130, "score": 0.8846608400344849}}}