{"name": "164_Teror_frame_02_40_19_000.jpg", "num_faces": 2, "faces": {"0": {"posX": 296, "posY": 89, "width": 313, "height": 110, "score": 0.9897187948226929}, "1": {"posX": 333, "posY": 108, "width": 348, "height": 127, "score": 0.9702903032302856}}, "model": ""}