{"name": "284_Teror_frame_02_23_58_000.jpg", "num_faces": 3, "faces": {"0": {"posX": 66, "posY": 28, "width": 107, "height": 78, "score": 0.9685219526290894}, "1": {"posX": 117, "posY": 48, "width": 133, "height": 68, "score": 0.920158326625824}, "2": {"posX": 44, "posY": 44, "width": 59, "height": 63, "score": 0.9112740755081177}}, "model": "Img2Pose"}