{"name": "371_Teror_frame_02_42_43_000.json", "num_faces": 2, "faces": {"0": {"posX": 215, "posY": 36, "width": 305, "height": 156, "score": 0.9952142238616943}, "1": {"posX": 132, "posY": 82, "width": 178, "height": 141, "score": 0.993950366973877}}, "model": ""}