{"name": "363_Arucas_frame_01_50_58_000.jpg", "num_faces": 2, "faces": {"0": {"posX": 54, "posY": 125, "width": 72, "height": 146, "score": 0.8977007865905762}, "1": {"posX": 136, "posY": 92, "width": 152, "height": 113, "score": 0.8727498650550842}}, "model": "Img2Pose"}