{"name": "603_Teror_frame_02_36_57_000.jpg", "num_faces": 2, "faces": {"0": {"posX": 0, "posY": 147, "width": 50, "height": 205, "score": 0.9863054752349854}, "1": {"posX": 109, "posY": 27, "width": 191, "height": 127, "score": 0.8817419409751892}}, "model": "Img2Pose"}