{"name": "603_PresaDeHornos_frame_13_43_16_000.jpg", "num_faces": 2, "faces": {"0": {"posX": 78, "posY": 25, "width": 100, "height": 51, "score": 0.979945719242096}, "1": {"posX": 42, "posY": 94, "width": 55, "height": 112, "score": 0.8928049802780151}}, "model": "Img2Pose"}