{"name": "654_Teror_frame_02_41_16_000.jpg", "num_faces": 3, "faces": {"0": {"posX": 54, "posY": 18, "width": 129, "height": 124, "score": 0.9698919653892517}, "2": {"posX": 46, "posY": 90, "width": 64, "height": 116, "score": 0.9086577892303467}, "3": {"posX": 229, "posY": 87, "width": 241, "height": 104, "score": 0.7793298363685608}}, "model": ""}