{"name": "545_Ayagaures_frame_18_15_19_000.jpg", "num_faces": 2, "faces": {"0": {"posX": 55, "posY": 27, "width": 87, "height": 65, "score": 0.9776330590248108}, "1": {"posX": 105, "posY": 76, "width": 114, "height": 86, "score": 0.9726592302322388}}, "model": "Img2Pose"}