{"name": "795_Arucas_frame_01_39_21_000.jpg", "num_faces": 2, "faces": {"0": {"posX": 125, "posY": 41, "width": 184, "height": 114, "score": 0.9753167629241943}, "1": {"posX": 183, "posY": 51, "width": 200, "height": 72, "score": 0.9542292952537537}}, "model": "Img2Pose"}