{"name": "10_Arucas_frame_01_08_56_000.jpg", "num_faces": 4, "faces": {"0": {"posX": 75, "posY": 4, "width": 93, "height": 29, "score": 0.9927992820739746}, "1": {"posX": 39, "posY": 36, "width": 59, "height": 66, "score": 0.9924416542053223}, "2": {"posX": 5, "posY": 8, "width": 21, "height": 28, "score": 0.7769216299057007}, "3": {"posX": 92, "posY": -1, "width": 109, "height": 18, "score": 0.7256911993026733}}, "model": "RetinaFaces"}