{"name": "163_Arucas_frame_01_18_44_000.jpg", "num_faces": 4, "faces": {"0": {"posX": 101, "posY": 59, "width": 124, "height": 87, "score": 0.9840884208679199}, "1": {"posX": 169, "posY": 52, "width": 193, "height": 80, "score": 0.9818344712257385}, "2": {"posX": 180, "posY": 35, "width": 203, "height": 61, "score": 0.9500823020935059}, "3": {"posX": 17, "posY": 136, "width": 41, "height": 169, "score": 0.7969107627868652}}, "model": "RetinaFaces"}