{"name": "300_Arucas_frame_01_33_10_000.jpg", "num_faces": 3, "faces": {"0": {"posX": 11, "posY": 48, "width": 31, "height": 69, "score": 0.9611278772354126}, "1": {"posX": 16, "posY": 21, "width": 34, "height": 42, "score": 0.9514831900596619}, "2": {"posX": 35, "posY": 33, "width": 55, "height": 53, "score": 0.9502962231636047}}, "model": "RetinaFaces"}