{"name": "309_Arucas_frame_01_24_21_000.jpg", "num_faces": 2, "faces": {"0": {"posX": 0, "posY": 21, "width": 21, "height": 47, "score": 0.9864285588264465}, "1": {"posX": 14, "posY": 0, "width": 31, "height": 21, "score": 0.9764418601989746}}, "model": "RetinaFaces"}