{"name": "309_Arucas_frame_01_24_24_000.jpg", "num_faces": 4, "faces": {"0": {"posX": -8, "posY": 91, "width": 11, "height": 122, "score": 0.9662050604820251}, "1": {"posX": 62, "posY": 63, "width": 85, "height": 87, "score": 0.9543662071228027}, "2": {"posX": 109, "posY": 51, "width": 167, "height": 112, "score": 0.9530607461929321}, "3": {"posX": 19, "posY": 57, "width": 40, "height": 83, "score": 0.8948398232460022}}, "model": "RetinaFaces"}