{"name": "37_Arucas_frame_01_24_56_000.jpg", "num_faces": 2, "faces": {"0": {"posX": 20, "posY": 32, "width": 45, "height": 60, "score": 0.947073757648468}, "1": {"posX": 12, "posY": 115, "width": 27, "height": 132, "score": 0.7259077429771423}}, "model": "RetinaFaces"}