{"name": "414_Arucas_frame_01_23_14_000.jpg", "num_faces": 4, "faces": {"0": {"posX": 5, "posY": 147, "width": 32, "height": 178, "score": 0.9950909614562988}, "1": {"posX": 13, "posY": 171, "width": 43, "height": 209, "score": 0.9894245862960815}, "2": {"posX": -14, "posY": 170, "width": 14, "height": 218, "score": 0.9832451343536377}, "3": {"posX": 59, "posY": 90, "width": 81, "height": 115, "score": 0.9797362089157104}}, "model": "RetinaFaces"}