{"name": "506_Arucas_frame_01_18_55_000.jpg", "num_faces": 2, "faces": {"0": {"posX": 55, "posY": 39, "width": 93, "height": 84, "score": 0.9795635342597961}, "1": {"posX": -2, "posY": 108, "width": 27, "height": 158, "score": 0.9366176724433899}}, "model": "RetinaFaces"}