{"name": "53_Arucas_frame_01_12_06_000.jpg", "num_faces": 4, "faces": {"0": {"posX": 112, "posY": 18, "width": 138, "height": 45, "score": 0.9925398230552673}, "1": {"posX": 31, "posY": 22, "width": 53, "height": 50, "score": 0.9895380735397339}, "2": {"posX": 143, "posY": 15, "width": 159, "height": 35, "score": 0.984870970249176}, "3": {"posX": -3, "posY": 114, "width": 22, "height": 152, "score": 0.9847768545150757}}, "model": "RetinaFaces"}