{"name": "54_Arucas_frame_01_24_40_000.jpg", "num_faces": 3, "faces": {"0": {"posX": 48, "posY": 22, "width": 62, "height": 40, "score": 0.9233120679855347}, "1": {"posX": 14, "posY": 25, "width": 29, "height": 46, "score": 0.8108989000320435}, "2": {"posX": -4, "posY": 53, "width": 12, "height": 74, "score": 0.8010513186454773}}, "model": "RetinaFaces"}