{"name": "553_Arucas_frame_01_33_17_000.jpg", "num_faces": 5, "faces": {"0": {"posX": -5, "posY": 95, "width": 22, "height": 132, "score": 0.9944279193878174}, "1": {"posX": 95, "posY": 57, "width": 143, "height": 115, "score": 0.9941335320472717}, "2": {"posX": 15, "posY": 85, "width": 40, "height": 119, "score": 0.9802951216697693}, "3": {"posX": 6, "posY": 89, "width": 32, "height": 125, "score": 0.891523540019989}, "4": {"posX": 159, "posY": 4, "width": 180, "height": 26, "score": 0.7490984201431274}}, "model": "RetinaFaces"}