{"name": "57_Arucas_frame_01_32_04_000.jpg", "num_faces": 2, "faces": {"0": {"posX": 61, "posY": 29, "width": 96, "height": 77, "score": 0.9960225820541382}, "1": {"posX": 94, "posY": 42, "width": 120, "height": 79, "score": 0.958606481552124}}, "model": "RetinaFaces"}