{"name": "65_Arucas_frame_01_12_32_000.jpg", "num_faces": 5, "faces": {"0": {"posX": 17, "posY": 95, "width": 49, "height": 137, "score": 0.9952347874641418}, "1": {"posX": 55, "posY": 56, "width": 78, "height": 84, "score": 0.9931173324584961}, "2": {"posX": 76, "posY": 43, "width": 99, "height": 71, "score": 0.9815385341644287}, "3": {"posX": -6, "posY": 72, "width": 17, "height": 109, "score": 0.980966329574585}, "4": {"posX": 20, "posY": 58, "width": 43, "height": 87, "score": 0.8903153538703918}}, "model": "RetinaFaces"}