{"name": "671_Arucas_frame_01_25_06_000.jpg", "num_faces": 3, "faces": {"0": {"posX": 61, "posY": 24, "width": 81, "height": 51, "score": 0.9947795867919922}, "1": {"posX": 20, "posY": 86, "width": 45, "height": 113, "score": 0.8942223787307739}, "2": {"posX": 4, "posY": 54, "width": 21, "height": 81, "score": 0.7523013353347778}}, "model": "RetinaFaces"}