{"name": "671_Arucas_frame_01_25_08_000.jpg", "num_faces": 3, "faces": {"0": {"posX": 78, "posY": 71, "width": 97, "height": 98, "score": 0.9974633455276489}, "1": {"posX": 109, "posY": 63, "width": 127, "height": 88, "score": 0.9898790121078491}, "2": {"posX": 41, "posY": 130, "width": 65, "height": 157, "score": 0.980765163898468}}, "model": "RetinaFaces"}