{"name": "679_Arucas_frame_01_24_16_000.jpg", "num_faces": 2, "faces": {"0": {"posX": 35, "posY": 36, "width": 58, "height": 65, "score": 0.9755152463912964}, "1": {"posX": 54, "posY": 18, "width": 70, "height": 43, "score": 0.7072663307189941}}, "model": "RetinaFaces"}