{"name": "749_Arucas_frame_01_27_29_000.jpg", "num_faces": 2, "faces": {"0": {"posX": 90, "posY": 45, "width": 138, "height": 107, "score": 0.9958363771438599}, "1": {"posX": 16, "posY": 18, "width": 30, "height": 38, "score": 0.8798096179962158}}, "model": "RetinaFaces"}