{"name": "749_Arucas_frame_01_27_30_000.jpg", "num_faces": 2, "faces": {"0": {"posX": 24, "posY": 30, "width": 43, "height": 53, "score": 0.9871907234191895}, "1": {"posX": 18, "posY": 7, "width": 35, "height": 26, "score": 0.9833332896232605}}, "model": "RetinaFaces"}