{"name": "762_Arucas_frame_01_31_55_000.jpg", "num_faces": 2, "faces": {"0": {"posX": 61, "posY": 40, "width": 86, "height": 79, "score": 0.9757044315338135}, "1": {"posX": 47, "posY": 41, "width": 74, "height": 83, "score": 0.8608970046043396}}, "model": "RetinaFaces"}