{"name": "784_Arucas_frame_01_32_10_000.jpg", "num_faces": 4, "faces": {"0": {"posX": 9, "posY": 119, "width": 32, "height": 145, "score": 0.9936361312866211}, "1": {"posX": 395, "posY": 272, "width": 410, "height": 290, "score": 0.9839302897453308}, "2": {"posX": 48, "posY": 45, "width": 66, "height": 70, "score": 0.9800189137458801}, "3": {"posX": 80, "posY": 78, "width": 99, "height": 102, "score": 0.7901322245597839}}, "model": "RetinaFaces"}