{"name": "795_Arucas_frame_01_39_22_000.jpg", "num_faces": 2, "faces": {"0": {"posX": 127, "posY": 63, "width": 193, "height": 143, "score": 0.9866402745246887}, "1": {"posX": 111, "posY": 50, "width": 127, "height": 71, "score": 0.8800680637359619}}, "model": "RetinaFaces"}