{"name": "795_Arucas_frame_01_39_21_000.jpg", "num_faces": 3, "faces": {"0": {"posX": 133, "posY": 46, "width": 184, "height": 116, "score": 0.9940617680549622}, "1": {"posX": 214, "posY": 58, "width": 232, "height": 77, "score": 0.9552525877952576}, "2": {"posX": 185, "posY": 50, "width": 201, "height": 72, "score": 0.9197553992271423}}, "model": "RetinaFaces"}