{"name": "368_Arucas_frame_01_25_35_000.jpg", "num_faces": 2, "faces": {"0": {"posX": 33, "posY": 111, "width": 59, "height": 144, "score": 0.9696601033210754}, "1": {"posX": 75, "posY": 48, "width": 96, "height": 72, "score": 0.9501621127128601}}, "model": "Img2Pose"}