{"name": "368_Arucas_frame_01_25_34_000.jpg", "num_faces": 3, "faces": {"0": {"posX": 63, "posY": 13, "width": 84, "height": 38, "score": 0.9825026988983154}, "1": {"posX": 21, "posY": 74, "width": 45, "height": 108, "score": 0.9818969964981079}, "2": {"posX": 40, "posY": 63, "width": 60, "height": 88, "score": 0.8986534476280212}}, "model": "Img2Pose"}