{"name": "654_Teror_frame_02_41_16_000.jpg", "num_faces": 2, "faces": {"1": {"posX": 40, "posY": 91, "width": 63, "height": 118, "score": 0.9238194823265076}, "2": {"posX": 229, "posY": 87, "width": 243, "height": 104, "score": 0.8417494297027588}}, "model": ""}