{"name": "18_PresaDeHornos_frame_12_09_58_000.jpg", "num_faces": 2, "faces": {"0": {"posX": 55, "posY": 25, "width": 82, "height": 57, "score": 0.9984782338142395}, "1": {"posX": 15, "posY": 144, "width": 33, "height": 166, "score": 0.7986752390861511}}, "model": "RetinaFaces"}