{"name": "369_Teror_frame_02_11_03_000.jpg", "num_faces": 5, "faces": {"0": {"posX": 494, "posY": 239, "width": 511, "height": 266, "score": 0.984252393245697}, "1": {"posX": 412, "posY": 254, "width": 431, "height": 283, "score": 0.9795379042625427}, "2": {"posX": 67, "posY": 10, "width": 272, "height": 280, "score": 0.9601936340332031}, "3": {"posX": 547, "posY": 261, "width": 563, "height": 285, "score": 0.9461217522621155}, "4": {"posX": 446, "posY": 274, "width": 469, "height": 305, "score": 0.81715989112854}}, "model": ""}