{"name": "61_Arucas_frame_01_39_13_000.jpg", "num_faces": 2, "faces": {"0": {"posX": 98, "posY": 74, "width": 152, "height": 143, "score": 0.9947478175163269}, "1": {"posX": 190, "posY": 35, "width": 212, "height": 61, "score": 0.7288389205932617}}, "model": "RetinaFaces"}