{"name": "257_Arucas_frame_01_28_15_000.jpg", "num_faces": 2, "faces": {"0": {"posX": 75, "posY": 209, "width": 104, "height": 247, "score": 0.9989232420921326}, "1": {"posX": 124, "posY": 187, "width": 151, "height": 222, "score": 0.8281802535057068}}, "model": ""}