{"name": "116_Teror_frame_02_08_22_000.jpg", "num_faces": 2, "faces": {"0": {"posX": 46, "posY": 72, "width": 64, "height": 94, "score": 0.9577891826629639}, "1": {"posX": 137, "posY": 50, "width": 152, "height": 67, "score": 0.8162922263145447}}, "model": "Img2Pose"}