{"name": "135_Teror_frame_02_08_18_000.jpg", "num_faces": 2, "faces": {"0": {"posX": 217, "posY": 45, "width": 235, "height": 66, "score": 0.951642632484436}, "1": {"posX": 96, "posY": 26, "width": 139, "height": 84, "score": 0.9145153760910034}}, "model": "Img2Pose"}