{"name": "159_Teror_frame_02_07_54_000.jpg", "num_faces": 2, "faces": {"0": {"posX": 72, "posY": 30, "width": 130, "height": 102, "score": 0.9817757606506348}, "1": {"posX": 146, "posY": 32, "width": 170, "height": 60, "score": 0.8291462063789368}}, "model": "Img2Pose"}