{"name": "163_Teror_frame_01_39_25_000.jpg", "num_faces": 2, "faces": {"0": {"posX": 11, "posY": 107, "width": 28, "height": 127, "score": 0.9939090013504028}, "1": {"posX": 101, "posY": 32, "width": 172, "height": 121, "score": 0.973932147026062}}, "model": "Img2Pose"}