{"name": "163_Teror_frame_01_39_24_000.jpg", "num_faces": 2, "faces": {"0": {"posX": 74, "posY": 73, "width": 92, "height": 93, "score": 0.9403679966926575}, "1": {"posX": 8, "posY": 87, "width": 19, "height": 100, "score": 0.8733314275741577}}, "model": "Img2Pose"}