{"name": "16_Teror_frame_01_20_14_000.jpg", "num_faces": 2, "faces": {"0": {"posX": 165, "posY": 58, "width": 178, "height": 73, "score": 0.9787663221359253}, "1": {"posX": 36, "posY": 45, "width": 54, "height": 67, "score": 0.9678012728691101}}, "model": "Img2Pose"}