{"name": "190_Teror_frame_01_43_53_000.jpg", "num_faces": 3, "faces": {"0": {"posX": 50, "posY": 25, "width": 95, "height": 80, "score": 0.9626444578170776}, "1": {"posX": 15, "posY": 51, "width": 33, "height": 73, "score": 0.883620023727417}, "2": {"posX": 57, "posY": 10, "width": 80, "height": 36, "score": 0.87466961145401}}, "model": "Img2Pose"}