{"name": "1_Teror_frame_01_17_16_000.jpg", "num_faces": 6, "faces": {"0": {"posX": 46, "posY": 47, "width": 63, "height": 68, "score": 0.9812042117118835}, "1": {"posX": 240, "posY": 63, "width": 257, "height": 84, "score": 0.9791094064712524}, "2": {"posX": 270, "posY": 73, "width": 282, "height": 90, "score": 0.9776560068130493}, "3": {"posX": 184, "posY": 64, "width": 198, "height": 81, "score": 0.9487981200218201}, "4": {"posX": 80, "posY": 66, "width": 99, "height": 87, "score": 0.896279513835907}, "5": {"posX": 118, "posY": 38, "width": 178, "height": 113, "score": 0.8497786521911621}}, "model": "Img2Pose"}