{"name": "218_Teror_frame_01_54_23_000.jpg", "num_faces": 2, "faces": {"0": {"posX": 8, "posY": 75, "width": 23, "height": 93, "score": 0.98736572265625}, "1": {"posX": 120, "posY": 45, "width": 134, "height": 61, "score": 0.9838592410087585}}, "model": "Img2Pose"}