{"name": "28_Teror_frame_01_56_46_000.jpg", "num_faces": 3, "faces": {"0": {"posX": 225, "posY": 21, "width": 240, "height": 38, "score": 0.9343492388725281}, "1": {"posX": 86, "posY": 27, "width": 133, "height": 82, "score": 0.9103028178215027}, "2": {"posX": 64, "posY": 18, "width": 81, "height": 39, "score": 0.8257169723510742}}, "model": "Img2Pose"}