{"name": "300_Teror_frame_02_10_14_000.jpg", "num_faces": 3, "faces": {"0": {"posX": 26, "posY": 40, "width": 40, "height": 56, "score": 0.9579191207885742}, "1": {"posX": 63, "posY": 25, "width": 103, "height": 73, "score": 0.9481538534164429}, "2": {"posX": 113, "posY": 50, "width": 134, "height": 76, "score": 0.8550809025764465}}, "model": "Img2Pose"}