{"name": "300_Teror_frame_02_10_15_000.jpg", "num_faces": 2, "faces": {"0": {"posX": 29, "posY": 89, "width": 48, "height": 111, "score": 0.9931793212890625}, "1": {"posX": 108, "posY": 35, "width": 187, "height": 135, "score": 0.9711490869522095}}, "model": "Img2Pose"}