{"name": "309_Teror_frame_01_56_04_000.jpg", "num_faces": 2, "faces": {"0": {"posX": 66, "posY": 24, "width": 115, "height": 85, "score": 0.9829550385475159}, "1": {"posX": 109, "posY": 52, "width": 124, "height": 70, "score": 0.9687700271606445}}, "model": "Img2Pose"}