{"name": "342_Teror_frame_01_50_51_000.jpg", "num_faces": 2, "faces": {"0": {"posX": 9, "posY": 20, "width": 25, "height": 38, "score": 0.9691969752311707}, "1": {"posX": 54, "posY": 20, "width": 88, "height": 61, "score": 0.9314996600151062}}, "model": "Img2Pose"}