{"name": "361_Teror_frame_02_13_00_000.jpg", "num_faces": 2, "faces": {"0": {"posX": 17, "posY": 55, "width": 39, "height": 81, "score": 0.9909017086029053}, "1": {"posX": 69, "posY": 30, "width": 136, "height": 114, "score": 0.9714098572731018}}, "model": "Img2Pose"}