{"name": "37_Teror_frame_01_51_16_000.jpg", "num_faces": 3, "faces": {"0": {"posX": 150, "posY": 195, "width": 176, "height": 226, "score": 0.9764549136161804}, "1": {"posX": 333, "posY": 89, "width": 498, "height": 288, "score": 0.9262538552284241}, "2": {"posX": 807, "posY": 240, "width": 823, "height": 257, "score": 0.9056822061538696}}, "model": "Img2Pose"}