{"name": "39_Teror_frame_01_41_32_000.jpg", "num_faces": 2, "faces": {"0": {"posX": 16, "posY": 53, "width": 31, "height": 70, "score": 0.9817060828208923}, "1": {"posX": 27, "posY": 26, "width": 38, "height": 38, "score": 0.9262903928756714}}, "model": "Img2Pose"}