{"name": "401_Teror_frame_01_55_55_000.jpg", "num_faces": 2, "faces": {"0": {"posX": 136, "posY": 56, "width": 151, "height": 73, "score": 0.9122787117958069}, "1": {"posX": 51, "posY": 17, "width": 86, "height": 60, "score": 0.9113480448722839}}, "model": "Img2Pose"}