{"name": "40_Teror_frame_01_53_17_000.jpg", "num_faces": 2, "faces": {"0": {"posX": 155, "posY": 51, "width": 169, "height": 67, "score": 0.9335203170776367}, "1": {"posX": 68, "posY": 26, "width": 105, "height": 72, "score": 0.9107189774513245}}, "model": "Img2Pose"}