{"name": "418_Teror_frame_01_39_24_000.jpg", "num_faces": 2, "faces": {"0": {"posX": 88, "posY": 3, "width": 143, "height": 72, "score": 0.9505489468574524}, "1": {"posX": 190, "posY": 87, "width": 200, "height": 100, "score": 0.9282835721969604}}, "model": "Img2Pose"}