{"name": "41_Teror_frame_01_41_15_000.jpg", "num_faces": 3, "faces": {"0": {"posX": 40, "posY": 14, "width": 74, "height": 55, "score": 0.9649722576141357}, "1": {"posX": 75, "posY": 32, "width": 85, "height": 44, "score": 0.9069669246673584}, "2": {"posX": 93, "posY": 140, "width": 107, "height": 157, "score": 0.8035227656364441}}, "model": "Img2Pose"}