{"name": "427_Teror_frame_02_08_47_000.jpg", "num_faces": 2, "faces": {"0": {"posX": 88, "posY": 17, "width": 151, "height": 96, "score": 0.9785056710243225}, "1": {"posX": 213, "posY": 104, "width": 227, "height": 120, "score": 0.9205290079116821}}, "model": "Img2Pose"}