{"name": "450_Teror_frame_02_11_03_000.jpg", "num_faces": 3, "faces": {"0": {"posX": 264, "posY": 93, "width": 280, "height": 111, "score": 0.9740167260169983}, "1": {"posX": 13, "posY": 76, "width": 32, "height": 98, "score": 0.9690501689910889}, "2": {"posX": 95, "posY": 43, "width": 157, "height": 115, "score": 0.9643167853355408}}, "model": "Img2Pose"}