{"name": "47_Teror_frame_01_41_07_000.jpg", "num_faces": 3, "faces": {"0": {"posX": 110, "posY": 61, "width": 123, "height": 77, "score": 0.9625834822654724}, "1": {"posX": 46, "posY": 19, "width": 77, "height": 57, "score": 0.9310347437858582}, "2": {"posX": 0, "posY": 32, "width": 10, "height": 46, "score": 0.8525519967079163}}, "model": "Img2Pose"}