{"name": "47_Teror_frame_01_41_08_000.jpg", "num_faces": 2, "faces": {"0": {"posX": 79, "posY": 27, "width": 127, "height": 86, "score": 0.9627084136009216}, "1": {"posX": 19, "posY": 86, "width": 35, "height": 104, "score": 0.9222291111946106}}, "model": "Img2Pose"}