{"name": "491_Teror_frame_02_10_35_000.jpg", "num_faces": 2, "faces": {"0": {"posX": 37, "posY": 81, "width": 57, "height": 105, "score": 0.9940494298934937}, "1": {"posX": 0, "posY": 77, "width": 23, "height": 103, "score": 0.8805012702941895}}, "model": "Img2Pose"}