{"name": "671_Teror_frame_01_58_02_000.jpg", "num_faces": 4, "faces": {"0": {"posX": 476, "posY": 95, "width": 494, "height": 116, "score": 0.8949621319770813}, "1": {"posX": 88, "posY": 35, "width": 211, "height": 170, "score": 0.893202543258667}, "2": {"posX": 412, "posY": 69, "width": 436, "height": 93, "score": 0.8288595080375671}, "3": {"posX": 406, "posY": 72, "width": 435, "height": 104, "score": 0.8101977705955505}}, "model": "Img2Pose"}