{"name": "671_Teror_frame_01_58_01_000.jpg", "num_faces": 2, "faces": {"0": {"posX": 41, "posY": 36, "width": 60, "height": 58, "score": 0.9638535380363464}, "1": {"posX": 210, "posY": 35, "width": 225, "height": 56, "score": 0.9315228462219238}}, "model": "Img2Pose"}