{"name": "679_Teror_frame_01_59_50_000.jpg", "num_faces": 3, "faces": {"0": {"posX": 89, "posY": 22, "width": 149, "height": 96, "score": 0.9767665863037109}, "1": {"posX": 43, "posY": 73, "width": 51, "height": 83, "score": 0.868441104888916}, "2": {"posX": 24, "posY": 83, "width": 41, "height": 102, "score": 0.8037480711936951}}, "model": "Img2Pose"}