{"name": "679_Teror_frame_01_59_49_000.jpg", "num_faces": 2, "faces": {"0": {"posX": 112, "posY": 19, "width": 123, "height": 32, "score": 0.9812658429145813}, "1": {"posX": 44, "posY": 15, "width": 75, "height": 53, "score": 0.9660145044326782}}, "model": "Img2Pose"}