{"name": "6_Teror_frame_01_17_23_000.jpg", "num_faces": 3, "faces": {"0": {"posX": 143, "posY": 78, "width": 157, "height": 95, "score": 0.9907528162002563}, "1": {"posX": 67, "posY": 26, "width": 111, "height": 80, "score": 0.943289041519165}, "2": {"posX": 174, "posY": 51, "width": 189, "height": 69, "score": 0.9328296780586243}}, "model": "Img2Pose"}