{"name": "813_Teror_frame_01_47_50_000.jpg", "num_faces": 2, "faces": {"0": {"posX": 49, "posY": 87, "width": 66, "height": 107, "score": 0.993490993976593}, "1": {"posX": 227, "posY": 87, "width": 241, "height": 106, "score": 0.9787261486053467}}, "model": "Img2Pose"}