{"name": "769_Teror_frame_02_32_13_000.json", "num_faces": 2, "faces": {"0": {"posX": 21, "posY": 177, "width": 65, "height": 229, "score": 0.9920790791511536}, "1": {"posX": 105, "posY": 41, "width": 229, "height": 199, "score": 0.857044517993927}}, "model": ""}