{"name": "293_Ayagaures_frame_16_59_45_500.jpg", "num_faces": 3, "faces": {"0": {"posX": 51, "posY": 10, "width": 87, "height": 55, "score": 0.9540520906448364}, "1": {"posX": 66, "posY": 218, "width": 99, "height": 257, "score": 0.9050329327583313}, "2": {"posX": 17, "posY": 5, "width": 26, "height": 15, "score": 0.8105448484420776}}, "model": "Img2Pose"}