{"name": "521_Teror_frame_01_50_47_000.jpg", "num_faces": 2, "faces": {"0": {"posX": 40, "posY": 17, "width": 90, "height": 78, "score": 0.9729922413825989}, "1": {"posX": 123, "posY": 60, "width": 137, "height": 76, "score": 0.8595362305641174}}, "model": "Img2Pose"}