{"name": "223_Teror_frame_03_15_08_000.jpg", "num_faces": 2, "faces": {"0": {"posX": 37, "posY": 34, "width": 53, "height": 55, "score": 0.9659961462020874}, "1": {"posX": 61, "posY": 25, "width": 95, "height": 66, "score": 0.8735878467559814}}, "model": "Img2Pose"}