{"name": "336_Arucas_frame_01_39_19_000.jpg", "num_faces": 3, "faces": {"0": {"posX": 0, "posY": 147, "width": 31, "height": 190, "score": 0.9805278778076172}, "1": {"posX": 93, "posY": 92, "width": 119, "height": 124, "score": 0.9183269143104553}, "2": {"posX": 115, "posY": 81, "width": 137, "height": 107, "score": 0.8611832857131958}}, "model": ""}