{"name": "313_PresaDeHornos_frame_13_25_12_000.jpg", "num_faces": 2, "faces": {"0": {"posX": 62, "posY": 15, "width": 92, "height": 50, "score": 0.9824432134628296}, "1": {"posX": 118, "posY": 140, "width": 126, "height": 149, "score": 0.8083130121231079}}, "model": "Img2Pose"}