{"name": "313_Arucas_frame_01_48_26_000.jpg", "num_faces": 2, "faces": {"0": {"posX": 50, "posY": 40, "width": 65, "height": 60, "score": 0.8555110096931458}, "1": {"posX": 3, "posY": 73, "width": 18, "height": 91, "score": 0.8078756928443909}}, "model": "Img2Pose"}