{"name": "135_Teror_frame_02_08_18_000.jpg", "num_faces": 3, "faces": {"0": {"posX": 220, "posY": 46, "width": 234, "height": 68, "score": 0.9364929795265198}, "1": {"posX": 95, "posY": 32, "width": 111, "height": 54, "score": 0.8795704245567322}, "2": {"posX": 193, "posY": 44, "width": 206, "height": 62, "score": 0.8414443731307983}}, "model": "RetinaFaces"}