{"name": "163_Teror_frame_01_39_25_000.jpg", "num_faces": 2, "faces": {"0": {"posX": 102, "posY": 40, "width": 164, "height": 122, "score": 0.9969436526298523}, "1": {"posX": 11, "posY": 106, "width": 28, "height": 128, "score": 0.9909359812736511}}, "model": "RetinaFaces"}