{"name": "1_Teror_frame_01_17_16_000.jpg", "num_faces": 5, "faces": {"0": {"posX": 239, "posY": 64, "width": 256, "height": 85, "score": 0.996513307094574}, "1": {"posX": 46, "posY": 49, "width": 62, "height": 69, "score": 0.9869258403778076}, "2": {"posX": 80, "posY": 65, "width": 97, "height": 87, "score": 0.9810003042221069}, "3": {"posX": 270, "posY": 73, "width": 282, "height": 90, "score": 0.9436226487159729}, "4": {"posX": 187, "posY": 64, "width": 198, "height": 82, "score": 0.8892970085144043}}, "model": "RetinaFaces"}