{"name": "226_Teror_frame_01_47_29_000.jpg", "num_faces": 4, "faces": {"0": {"posX": 27, "posY": 131, "width": 44, "height": 152, "score": 0.8797287940979004}, "1": {"posX": 137, "posY": 29, "width": 149, "height": 45, "score": 0.864766538143158}, "2": {"posX": 97, "posY": 43, "width": 110, "height": 62, "score": 0.8646879196166992}, "3": {"posX": 75, "posY": 135, "width": 126, "height": 215, "score": 0.756072461605072}}, "model": "RetinaFaces"}