{"name": "278_Teror_frame_02_04_49_000.jpg", "num_faces": 2, "faces": {"0": {"posX": 19, "posY": 61, "width": 32, "height": 81, "score": 0.9852519035339355}, "1": {"posX": 115, "posY": 64, "width": 130, "height": 83, "score": 0.9336891770362854}}, "model": "RetinaFaces"}