{"name": "27_Teror_frame_02_07_55_000.jpg", "num_faces": 3, "faces": {"0": {"posX": 58, "posY": 0, "width": 79, "height": 21, "score": 0.9901168942451477}, "1": {"posX": 224, "posY": 3, "width": 239, "height": 23, "score": 0.95919269323349}, "2": {"posX": 98, "posY": 14, "width": 118, "height": 40, "score": 0.8353440165519714}}, "model": "RetinaFaces"}