{"name": "28_Teror_frame_01_56_46_000.jpg", "num_faces": 3, "faces": {"0": {"posX": 226, "posY": 21, "width": 241, "height": 39, "score": 0.9654474854469299}, "1": {"posX": 85, "posY": 31, "width": 130, "height": 89, "score": 0.955976665019989}, "2": {"posX": 63, "posY": 16, "width": 80, "height": 38, "score": 0.9440097808837891}}, "model": "RetinaFaces"}