{"name": "29_Teror_frame_01_41_26_000.jpg", "num_faces": 2, "faces": {"0": {"posX": 14, "posY": 25, "width": 27, "height": 42, "score": 0.9768673181533813}, "1": {"posX": 130, "posY": 6, "width": 143, "height": 25, "score": 0.9553616046905518}}, "model": "RetinaFaces"}