{"name": "342_Teror_frame_01_50_51_000.jpg", "num_faces": 2, "faces": {"0": {"posX": 12, "posY": 19, "width": 26, "height": 39, "score": 0.9866967797279358}, "1": {"posX": -3, "posY": 110, "width": 31, "height": 139, "score": 0.8237565755844116}}, "model": "RetinaFaces"}