{"name": "36_Teror_frame_01_34_08_000.jpg", "num_faces": 2, "faces": {"0": {"posX": 215, "posY": 68, "width": 231, "height": 88, "score": 0.9831506609916687}, "1": {"posX": 223, "posY": 26, "width": 238, "height": 45, "score": 0.9257475733757019}}, "model": "RetinaFaces"}