{"name": "40_Teror_frame_01_53_17_000.jpg", "num_faces": 2, "faces": {"0": {"posX": 156, "posY": 49, "width": 170, "height": 68, "score": 0.9494389295578003}, "1": {"posX": 80, "posY": 35, "width": 105, "height": 65, "score": 0.7084969282150269}}, "model": "RetinaFaces"}