{"name": "41_Teror_frame_01_41_15_000.jpg", "num_faces": 2, "faces": {"0": {"posX": 38, "posY": 16, "width": 74, "height": 58, "score": 0.9980552196502686}, "1": {"posX": 107, "posY": 27, "width": 117, "height": 40, "score": 0.772652804851532}}, "model": "RetinaFaces"}