{"name": "428_Teror_frame_01_47_48_000.jpg", "num_faces": 3, "faces": {"0": {"posX": 8, "posY": 123, "width": 22, "height": 142, "score": 0.8799242377281189}, "1": {"posX": 58, "posY": 26, "width": 127, "height": 106, "score": 0.7643665075302124}, "2": {"posX": 196, "posY": 124, "width": 212, "height": 144, "score": 0.7090867757797241}}, "model": "RetinaFaces"}