{"name": "450_Teror_frame_02_11_03_000.jpg", "num_faces": 3, "faces": {"0": {"posX": 95, "posY": 49, "width": 150, "height": 118, "score": 0.9990693926811218}, "1": {"posX": 268, "posY": 94, "width": 279, "height": 113, "score": 0.9657246470451355}, "2": {"posX": 14, "posY": 75, "width": 31, "height": 99, "score": 0.9360745549201965}}, "model": "RetinaFaces"}