{"name": "47_Teror_frame_01_41_08_000.jpg", "num_faces": 2, "faces": {"0": {"posX": 79, "posY": 28, "width": 126, "height": 88, "score": 0.9878752827644348}, "1": {"posX": 21, "posY": 87, "width": 32, "height": 104, "score": 0.9629173874855042}}, "model": "RetinaFaces"}