{"name": "47_Teror_frame_01_41_07_000.jpg", "num_faces": 4, "faces": {"0": {"posX": 1, "posY": 34, "width": 9, "height": 47, "score": 0.9504324197769165}, "1": {"posX": 110, "posY": 61, "width": 122, "height": 77, "score": 0.8432577252388}, "2": {"posX": 51, "posY": 19, "width": 80, "height": 56, "score": 0.8046830892562866}, "3": {"posX": 91, "posY": 184, "width": 127, "height": 234, "score": 0.7125258445739746}}, "model": "RetinaFaces"}