{"name": "557_Teror_frame_02_12_51_000.jpg", "num_faces": 2, "faces": {"0": {"posX": 106, "posY": 39, "width": 183, "height": 134, "score": 0.9998812675476074}, "1": {"posX": 33, "posY": 142, "width": 46, "height": 163, "score": 0.897118330001831}}, "model": "RetinaFaces"}