{"name": "567_Teror_frame_02_06_20_000.jpg", "num_faces": 2, "faces": {"0": {"posX": 87, "posY": 52, "width": 163, "height": 137, "score": 0.9996211528778076}, "1": {"posX": 172, "posY": 48, "width": 185, "height": 68, "score": 0.9228463768959045}}, "model": "RetinaFaces"}