{"name": "593_Teror_frame_02_25_33_000.jpg", "num_faces": 2, "faces": {"0": {"posX": 12, "posY": 23, "width": 27, "height": 40, "score": 0.938843309879303}, "1": {"posX": 46, "posY": 32, "width": 71, "height": 61, "score": 0.761969268321991}}, "model": "RetinaFaces"}