{"name": "597_Teror_frame_02_00_57_000.jpg", "num_faces": 2, "faces": {"0": {"posX": 227, "posY": 51, "width": 241, "height": 74, "score": 0.9935474991798401}, "1": {"posX": 41, "posY": 39, "width": 63, "height": 68, "score": 0.9933497309684753}}, "model": "RetinaFaces"}