{"name": "611_Teror_frame_02_38_07_000.jpg", "num_faces": 2, "faces": {"0": {"posX": 79, "posY": 25, "width": 207, "height": 193, "score": 0.8889398574829102}, "1": {"posX": 0, "posY": 57, "width": 33, "height": 124, "score": 0.7989261746406555}}, "model": "RetinaFaces"}