{"name": "679_Teror_frame_01_59_49_000.jpg", "num_faces": 3, "faces": {"0": {"posX": 43, "posY": 18, "width": 72, "height": 56, "score": 0.9850794076919556}, "1": {"posX": 113, "posY": 18, "width": 122, "height": 33, "score": 0.9808865189552307}, "2": {"posX": 3, "posY": 118, "width": 42, "height": 150, "score": 0.7631219625473022}}, "model": "RetinaFaces"}