{"name": "702_Teror_frame_02_19_29_000.jpg", "num_faces": 2, "faces": {"0": {"posX": 64, "posY": 20, "width": 111, "height": 77, "score": 0.9988338351249695}, "1": {"posX": 39, "posY": 34, "width": 56, "height": 56, "score": 0.9206206798553467}}, "model": "RetinaFaces"}