{"name": "772_Teror_frame_02_02_21_000.jpg", "num_faces": 2, "faces": {"0": {"posX": 10, "posY": 44, "width": 25, "height": 65, "score": 0.9683069586753845}, "1": {"posX": 49, "posY": 31, "width": 62, "height": 49, "score": 0.7802354693412781}}, "model": "RetinaFaces"}