{"name": "784_Teror_frame_02_11_43_000.jpg", "num_faces": 2, "faces": {"0": {"posX": 3, "posY": 23, "width": 18, "height": 43, "score": 0.9937315583229065}, "1": {"posX": 111, "posY": 5, "width": 127, "height": 23, "score": 0.9530500173568726}}, "model": "RetinaFaces"}