{"name": "274_Arucas_frame_01_39_06_000.jpg", "num_faces": 3, "faces": {"0": {"posX": 71, "posY": 44, "width": 88, "height": 63, "score": 0.9783830046653748}, "1": {"posX": 47, "posY": 48, "width": 65, "height": 71, "score": 0.8266360759735107}, "2": {"posX": 11, "posY": 66, "width": 29, "height": 88, "score": 0.7688145637512207}}}