{"name": "274_PresaDeHornos_frame_14_07_32_000.jpg", "num_faces": 2, "faces": {"0": {"posX": 73, "posY": 31, "width": 92, "height": 56, "score": 0.9928592443466187}, "1": {"posX": 70, "posY": 18, "width": 84, "height": 40, "score": 0.7650103569030762}}}