{"name": "274_Teror_frame_02_29_03_000.jpg", "num_faces": 3, "faces": {"0": {"posX": 74, "posY": 35, "width": 182, "height": 160, "score": 0.9674267768859863}, "1": {"posX": 239, "posY": 130, "width": 256, "height": 154, "score": 0.8895801305770874}, "2": {"posX": 307, "posY": 117, "width": 320, "height": 134, "score": 0.7683004140853882}}}