{"name": "464_Arucas_frame_01_49_08_000.jpg", "num_faces": 2, "faces": {"0": {"posX": 76, "posY": 81, "width": 94, "height": 105, "score": 0.9613109827041626}, "2": {"posX": 76, "posY": 127, "width": 99, "height": 158, "score": 0.7581499218940735}}, "model": ""}