{"name": "610_Arucas_frame_01_40_19_000.jpg", "num_faces": 2, "faces": {"0": {"posX": 96, "posY": 213, "width": 126, "height": 248, "score": 0.9903351068496704}, "1": {"posX": 18, "posY": 137, "width": 58, "height": 186, "score": 0.9893218278884888}}, "model": ""}