{"name": "757_Arucas_frame_01_29_00_000.jpg", "num_faces": 3, "faces": {"0": {"posX": 19, "posY": 24, "width": 62, "height": 79, "score": 0.9966778755187988}, "1": {"posX": 69, "posY": 12, "width": 98, "height": 51, "score": 0.9938456416130066}, "2": {"posX": 111, "posY": 23, "width": 138, "height": 55, "score": 0.9552101492881775}}, "model": "RetinaFaces"}