{"name": "757_Arucas_frame_01_29_01_000.jpg", "num_faces": 2, "faces": {"0": {"posX": 45, "posY": 122, "width": 66, "height": 148, "score": 0.9683858156204224}, "1": {"posX": 70, "posY": 72, "width": 87, "height": 94, "score": 0.8538902997970581}}, "model": "RetinaFaces"}