{"name": "757_Arucas_frame_01_28_59_000.jpg", "num_faces": 4, "faces": {"0": {"posX": 45, "posY": 15, "width": 72, "height": 50, "score": 0.9967873096466064}, "1": {"posX": 21, "posY": 38, "width": 49, "height": 85, "score": 0.9850363731384277}, "2": {"posX": 169, "posY": 58, "width": 192, "height": 90, "score": 0.9747309684753418}, "3": {"posX": 72, "posY": 17, "width": 97, "height": 50, "score": 0.9626308679580688}}, "model": "RetinaFaces"}