{"name": "483_Teror_frame_02_39_53_000.jpg", "num_faces": 3, "faces": {"0": {"posX": 651, "posY": 263, "width": 679, "height": 299, "score": 0.9918935298919678}, "1": {"posX": 530, "posY": 263, "width": 554, "height": 297, "score": 0.9825955629348755}, "2": {"posX": 87, "posY": 95, "width": 310, "height": 351, "score": 0.9476296305656433}}, "model": ""}