{"name": "381_Arucas_frame_01_40_19_000.jpg", "num_faces": 2, "faces": {"0": {"posX": 29, "posY": 27, "width": 47, "height": 48, "score": 0.9592068195343018}, "1": {"posX": 53, "posY": 48, "width": 71, "height": 70, "score": 0.8247090578079224}}, "model": "Img2Pose"}