{"name": "381_Teror_frame_02_35_21_000.jpg", "num_faces": 2, "faces": {"0": {"posX": 76, "posY": 21, "width": 126, "height": 84, "score": 0.9830852150917053}, "1": {"posX": 16, "posY": 73, "width": 38, "height": 99, "score": 0.8272734880447388}}, "model": "Img2Pose"}