{"name": "578_Teror_frame_02_40_21_000.jpg", "num_faces": 2, "faces": {"0": {"posX": 181, "posY": 50, "width": 199, "height": 72, "score": 0.9695846438407898}, "1": {"posX": 214, "posY": 68, "width": 229, "height": 86, "score": 0.905823826789856}}, "model": "Img2Pose"}