{"name": "58_Arucas_frame_01_44_06_000.jpg", "num_faces": 2, "faces": {"0": {"posX": 55, "posY": 520, "width": 95, "height": 560, "score": 0.8528615236282349}, "1": {"posX": 20, "posY": 329, "width": 59, "height": 377, "score": 0.7339176535606384}}, "model": "RetinaFaces"}