{"name": "430_Teror_frame_02_34_39_000.jpg", "num_faces": 2, "faces": {"0": {"posX": 101, "posY": 53, "width": 175, "height": 138, "score": 0.9867014288902283}, "1": {"posX": 238, "posY": 104, "width": 249, "height": 121, "score": 0.7378667593002319}}, "model": "RetinaFaces"}