{"name": "320_ParqueSur_frame_19_57_12_500.jpg", "num_faces": 2, "faces": {"0": {"posX": 69, "posY": 30, "width": 104, "height": 73, "score": 0.9809831976890564}, "1": {"posX": 16, "posY": 201, "width": 30, "height": 218, "score": 0.8190277814865112}}, "model": "Img2Pose"}