{"name": "320_PresaDeHornos_frame_11_54_52_000.jpg", "num_faces": 2, "faces": {"0": {"posX": 118, "posY": 47, "width": 157, "height": 93, "score": 0.9519137144088745}, "1": {"posX": 32, "posY": 8, "width": 40, "height": 18, "score": 0.8287249803543091}}, "model": "Img2Pose"}