{"name": "37_Ayagaures_frame_14_23_07_000.jpg", "num_faces": 2, "faces": {"0": {"posX": 67, "posY": 21, "width": 110, "height": 72, "score": 0.9756208062171936}, "1": {"posX": 149, "posY": 62, "width": 164, "height": 80, "score": 0.9699001312255859}}, "model": "Img2Pose"}