{"name": "37_Arucas_frame_01_24_57_000.jpg", "num_faces": 2, "faces": {"0": {"posX": 34, "posY": 46, "width": 61, "height": 81, "score": 0.9780451059341431}, "1": {"posX": 92, "posY": 44, "width": 143, "height": 108, "score": 0.897529125213623}}, "model": "Img2Pose"}