{"name": "37_ParqueSur_frame_15_53_55_500.jpg", "num_faces": 2, "faces": {"0": {"posX": 44, "posY": 17, "width": 67, "height": 45, "score": 0.9800764918327332}, "1": {"posX": 13, "posY": 101, "width": 21, "height": 111, "score": 0.8194280862808228}}, "model": "Img2Pose"}