{"name": "63_Arucas_frame_01_39_51_000.jpg", "num_faces": 2, "faces": {"0": {"posX": 12, "posY": 98, "width": 30, "height": 119, "score": 0.9684130549430847}, "1": {"posX": 13, "posY": 113, "width": 32, "height": 137, "score": 0.9514642953872681}}, "model": ""}