{"name": "521_Arucas_frame_01_21_38_000.jpg", "num_faces": 2, "faces": {"0": {"posX": 42, "posY": 37, "width": 68, "height": 74, "score": 0.9901280999183655}, "1": {"posX": -3, "posY": 37, "width": 15, "height": 64, "score": 0.9319931864738464}}, "model": "RetinaFaces"}