{"name": "521_Teror_frame_01_50_47_000.jpg", "num_faces": 3, "faces": {"0": {"posX": 40, "posY": 23, "width": 88, "height": 80, "score": 0.9984726309776306}, "1": {"posX": 168, "posY": 49, "width": 182, "height": 68, "score": 0.9348214268684387}, "2": {"posX": 127, "posY": 61, "width": 138, "height": 77, "score": 0.8218796253204346}}, "model": "RetinaFaces"}