{"name": "564_Arucas_frame_01_52_06_000.jpg", "num_faces": 2, "faces": {"0": {"posX": 111, "posY": 40, "width": 160, "height": 100, "score": 0.9592072367668152}, "1": {"posX": 4, "posY": 36, "width": 23, "height": 58, "score": 0.8784183263778687}}, "model": "Img2Pose"}