{"name": "716_Teror_frame_02_20_35_000.jpg", "num_faces": 2, "faces": {"0": {"posX": 79, "posY": 62, "width": 156, "height": 155, "score": 0.8908735513687134}, "1": {"posX": 27, "posY": 121, "width": 46, "height": 148, "score": 0.8816177845001221}}, "model": ""}