{"name": "222_Arucas_frame_01_31_40_000.jpg", "num_faces": 2, "faces": {"0": {"posX": 7, "posY": 201, "width": 22, "height": 218, "score": 0.9170803427696228}, "1": {"posX": 0, "posY": 132, "width": 34, "height": 175, "score": 0.8866559267044067}}, "model": ""}