{"name": "718_Arucas_frame_01_44_43_000.jpg", "num_faces": 2, "faces": {"0": {"posX": 62, "posY": 25, "width": 98, "height": 69, "score": 0.87932950258255}, "1": {"posX": 16, "posY": 33, "width": 38, "height": 60, "score": 0.8485115766525269}}, "model": "Img2Pose"}