{"name": "671_Arucas_frame_01_25_07_000.jpg", "num_faces": 2, "faces": {"0": {"posX": 14, "posY": 85, "width": 45, "height": 122, "score": 0.9826768040657043}, "1": {"posX": 0, "posY": 51, "width": 13, "height": 83, "score": 0.826646089553833}}, "model": "Img2Pose"}