{"name": "34_Teror_frame_01_35_45_000.jpg", "num_faces": 3, "faces": {"0": {"posX": 55, "posY": 15, "width": 85, "height": 51, "score": 0.9672990441322327}, "1": {"posX": -9, "posY": 42, "width": 6, "height": 64, "score": 0.8982962369918823}, "2": {"posX": 126, "posY": 32, "width": 138, "height": 52, "score": 0.8233642578125}}, "model": "RetinaFaces"}