{"name": "473_Arucas_frame_01_50_52_000.jpg", "num_faces": 2, "faces": {"0": {"posX": 54, "posY": 120, "width": 80, "height": 150, "score": 0.8991131782531738}, "1": {"posX": 2, "posY": 159, "width": 26, "height": 186, "score": 0.8114304542541504}}, "model": "Img2Pose"}