{"name": "682_Ayagaures_frame_18_39_52_000.jpg", "num_faces": 2, "faces": {"0": {"posX": 34, "posY": 20, "width": 87, "height": 85, "score": 0.965214192867279}, "1": {"posX": 148, "posY": 64, "width": 161, "height": 81, "score": 0.8404028415679932}}, "model": "Img2Pose"}