{"name": "682_Arucas_frame_01_29_30_000.jpg", "num_faces": 3, "faces": {"0": {"posX": 44, "posY": 31, "width": 68, "height": 60, "score": 0.9735397100448608}, "1": {"posX": 40, "posY": 120, "width": 69, "height": 156, "score": 0.9666942358016968}, "2": {"posX": 108, "posY": 64, "width": 133, "height": 93, "score": 0.9519766569137573}}, "model": "Img2Pose"}