{"name": "258_Arucas_frame_01_51_42_000.jpg", "num_faces": 2, "faces": {"0": {"posX": 27, "posY": 0, "width": 44, "height": 23, "score": 0.9805746078491211}, "1": {"posX": 51, "posY": 77, "width": 91, "height": 124, "score": 0.9743025898933411}}}