{"name": "679_ParqueSur_frame_18_00_06_000.jpg", "num_faces": 2, "faces": {"0": {"posX": 77, "posY": 28, "width": 106, "height": 65, "score": 0.9955226182937622}, "1": {"posX": 61, "posY": 306, "width": 77, "height": 325, "score": 0.7898752093315125}}, "model": "RetinaFaces"}