{"name": "796_Teror_frame_02_17_46_000.jpg", "num_faces": 2, "faces": {"0": {"posX": 31, "posY": 46, "width": 108, "height": 132, "score": 0.9913414120674133}, "1": {"posX": 3, "posY": 84, "width": 21, "height": 110, "score": 0.9913190007209778}}, "model": ""}