{"name": "218_Teror_frame_01_54_23_000.jpg", "num_faces": 2, "faces": {"0": {"posX": 9, "posY": 75, "width": 23, "height": 94, "score": 0.9724780321121216}, "1": {"posX": 123, "posY": 44, "width": 134, "height": 60, "score": 0.9224010109901428}}}