{"name": "337_Arucas_frame_01_47_55_000.jpg", "num_faces": 2, "faces": {"0": {"posX": 185, "posY": 180, "width": 223, "height": 226, "score": 0.9776766896247864}, "1": {"posX": 1, "posY": 34, "width": 13, "height": 49, "score": 0.8331625461578369}}, "model": "Img2Pose"}