{"name": "29_ParqueSur_frame_16_07_42_000.jpg", "num_faces": 2, "faces": {"0": {"posX": 69, "posY": 16, "width": 94, "height": 47, "score": 0.9981352090835571}, "1": {"posX": 19, "posY": 224, "width": 45, "height": 266, "score": 0.916706919670105}}, "model": "RetinaFaces"}