{"name": "681_Arucas_frame_01_47_56_000.jpg", "num_faces": 2, "faces": {"0": {"posX": -2, "posY": 97, "width": 18, "height": 132, "score": 0.9824005365371704}, "1": {"posX": 18, "posY": 100, "width": 41, "height": 127, "score": 0.972115695476532}}, "model": ""}