{"name": "40_Ayagaures_frame_13_17_56_000.jpg", "num_faces": 3, "faces": {"0": {"posX": 57, "posY": 21, "width": 99, "height": 75, "score": 0.9978621602058411}, "1": {"posX": 147, "posY": 43, "width": 155, "height": 53, "score": 0.8994821906089783}, "2": {"posX": 169, "posY": 46, "width": 176, "height": 55, "score": 0.7840529680252075}}, "model": "RetinaFaces"}