{"name": "331_Arucas_frame_01_45_42_000.jpg", "num_faces": 2, "faces": {"0": {"posX": 95, "posY": 45, "width": 147, "height": 109, "score": 0.9484543204307556}, "2": {"posX": 0, "posY": 71, "width": 22, "height": 110, "score": 0.9311115145683289}}, "model": ""}