{"name": "226_Ayagaures_frame_15_56_31_000.jpg", "num_faces": 2, "faces": {"0": {"posX": 62, "posY": 19, "width": 112, "height": 89, "score": 0.9990783929824829}, "1": {"posX": 194, "posY": 115, "width": 201, "height": 125, "score": 0.7995918989181519}}}