{"name": "117_Arucas_frame_01_53_10_000.jpg", "num_faces": 2, "faces": {"0": {"posX": 57, "posY": 51, "width": 107, "height": 109, "score": 0.9957205653190613}, "1": {"posX": 76, "posY": 0, "width": 96, "height": 20, "score": 0.8176973462104797}}}