{"name": "389_Arucas_frame_01_48_00_000.jpg", "num_faces": 2, "faces": {"0": {"posX": -8, "posY": 115, "width": 17, "height": 156, "score": 0.9840754866600037}, "1": {"posX": 170, "posY": 32, "width": 187, "height": 56, "score": 0.8889185786247253}}, "model": "RetinaFaces"}