{"name": "104_Teror_frame_02_08_39_000.jpg", "num_faces": 2, "faces": {"0": {"posX": 42, "posY": 2, "width": 139, "height": 112, "score": 0.9782654643058777}, "1": {"posX": 243, "posY": 117, "width": 262, "height": 147, "score": 0.9470930695533752}}}