{"name": "104_Arucas_frame_01_29_16_000.jpg", "num_faces": 2, "faces": {"0": {"posX": 155, "posY": 64, "width": 246, "height": 188, "score": 0.9991113543510437}, "1": {"posX": 30, "posY": 82, "width": 46, "height": 105, "score": 0.9582442045211792}}}