{"name": "696_Teror_frame_03_11_46_000.jpg", "num_faces": 2, "faces": {"0": {"posX": 63, "posY": 53, "width": 122, "height": 126, "score": 0.8672364354133606}, "1": {"posX": 191, "posY": 89, "width": 202, "height": 107, "score": 0.8297247290611267}}, "model": ""}