{"name": "711_PresaDeHornos_frame_13_15_43_000.jpg", "num_faces": 2, "faces": {"0": {"posX": 69, "posY": 16, "width": 92, "height": 44, "score": 0.9488643407821655}, "1": {"posX": 114, "posY": 112, "width": 125, "height": 126, "score": 0.8659811615943909}}, "model": "Img2Pose"}