{"name": "711_Teror_frame_02_37_31_000.jpg", "num_faces": 2, "faces": {"0": {"posX": 43, "posY": 83, "width": 75, "height": 126, "score": 0.9479593634605408}, "1": {"posX": 96, "posY": 107, "width": 124, "height": 139, "score": 0.9288638234138489}}, "model": "Img2Pose"}