{"name": "63_Arucas_frame_01_39_49_000.jpg", "num_faces": 2, "faces": {"0": {"posX": 71, "posY": 14, "width": 92, "height": 39, "score": 0.9556534886360168}, "1": {"posX": 96, "posY": 37, "width": 138, "height": 87, "score": 0.9353523850440979}}, "model": "Img2Pose"}