{"name": "63_Arucas_frame_01_39_50_000.jpg", "num_faces": 2, "faces": {"0": {"posX": 85, "posY": 69, "width": 107, "height": 96, "score": 0.9799204468727112}, "1": {"posX": 125, "posY": 34, "width": 177, "height": 96, "score": 0.8904705047607422}}, "model": "Img2Pose"}