{"name": "138_Teror_frame_03_15_28_000.jpg", "num_faces": 2, "faces": {"0": {"posX": 35, "posY": 79, "width": 50, "height": 97, "score": 0.9761548042297363}, "1": {"posX": 101, "posY": 42, "width": 155, "height": 110, "score": 0.9756046533584595}}, "model": "Img2Pose"}