{"name": "233_Arucas_frame_01_52_29_000.jpg", "num_faces": 2, "faces": {"0": {"posX": 8, "posY": 90, "width": 31, "height": 126, "score": 0.9941151142120361}, "1": {"posX": 21, "posY": 69, "width": 46, "height": 102, "score": 0.9702181220054626}}}