{"name": "233_Teror_frame_02_41_31_000.jpg", "num_faces": 2, "faces": {"0": {"posX": 169, "posY": 15, "width": 234, "height": 98, "score": 0.974665105342865}, "1": {"posX": 94, "posY": 98, "width": 114, "height": 122, "score": 0.9616310000419617}}}