{"name": "228_ParqueSur_frame_17_40_54_000.jpg", "num_faces": 2, "faces": {"0": {"posX": 97, "posY": 37, "width": 134, "height": 88, "score": 0.9972624778747559}, "1": {"posX": 138, "posY": 190, "width": 156, "height": 216, "score": 0.7421876192092896}}}