{"name": "331_PresaDeHornos_frame_12_53_46_000.jpg", "num_faces": 2, "faces": {"0": {"posX": 56, "posY": 31, "width": 85, "height": 69, "score": 0.9843713641166687}, "1": {"posX": 50, "posY": 87, "width": 80, "height": 114, "score": 0.7255098819732666}}, "model": "RetinaFaces"}