{"name": "280_Arucas_frame_01_50_07_000.jpg", "num_faces": 2, "faces": {"0": {"posX": 111, "posY": 36, "width": 128, "height": 56, "score": 0.9899531006813049}, "1": {"posX": 49, "posY": 86, "width": 69, "height": 110, "score": 0.97724848985672}}, "model": "Img2Pose"}