{"name": "728_Arucas_frame_01_37_06_000.jpg", "num_faces": 2, "faces": {"1": {"posX": 222, "posY": 59, "width": 328, "height": 194, "score": 0.9765051603317261}, "2": {"posX": 0, "posY": 116, "width": 19, "height": 141, "score": 0.9618474245071411}}, "model": ""}