{"name": "692_Arucas_frame_01_31_26_000.jpg", "num_faces": 3, "faces": {"0": {"posX": 140, "posY": 44, "width": 208, "height": 138, "score": 0.997032880783081}, "1": {"posX": 79, "posY": 83, "width": 96, "height": 106, "score": 0.8610495924949646}, "2": {"posX": 29, "posY": 108, "width": 43, "height": 132, "score": 0.8091468811035156}}, "model": "RetinaFaces"}