{"name": "512_Teror_frame_02_27_11_000.jpg", "num_faces": 2, "faces": {"0": {"posX": 171, "posY": 27, "width": 186, "height": 46, "score": 0.9782608151435852}, "1": {"posX": 35, "posY": 30, "width": 74, "height": 77, "score": 0.9451949596405029}}, "model": "Img2Pose"}