{"name": "728_Arucas_frame_01_37_05_000.jpg", "num_faces": 4, "faces": {"0": {"posX": 66, "posY": 15, "width": 83, "height": 37, "score": 0.993179202079773}, "1": {"posX": -2, "posY": 64, "width": 17, "height": 88, "score": 0.985298752784729}, "2": {"posX": 101, "posY": 35, "width": 116, "height": 54, "score": 0.9524952173233032}, "3": {"posX": 168, "posY": 47, "width": 231, "height": 141, "score": 0.9067146182060242}}, "model": "RetinaFaces"}