{"name": "728_Teror_frame_02_24_00_000.jpg", "num_faces": 2, "faces": {"0": {"posX": 43, "posY": 14, "width": 82, "height": 60, "score": 0.9920169115066528}, "1": {"posX": 89, "posY": 33, "width": 103, "height": 51, "score": 0.9608640074729919}}, "model": "RetinaFaces"}