{"name": "728_Arucas_frame_01_37_06_000.jpg", "num_faces": 4, "faces": {"0": {"posX": 229, "posY": 80, "width": 319, "height": 204, "score": 0.9992238283157349}, "1": {"posX": -1, "posY": 114, "width": 17, "height": 140, "score": 0.9875126481056213}, "2": {"posX": 52, "posY": 69, "width": 68, "height": 91, "score": 0.9837650656700134}, "3": {"posX": 103, "posY": 89, "width": 117, "height": 107, "score": 0.8271440267562866}}, "model": "RetinaFaces"}