{"name": "338_Arucas_frame_01_49_54_000.jpg", "num_faces": 3, "faces": {"0": {"posX": 77, "posY": 1, "width": 96, "height": 23, "score": 0.9916547536849976}, "1": {"posX": 56, "posY": 41, "width": 111, "height": 108, "score": 0.9563269019126892}, "2": {"posX": 114, "posY": 4, "width": 128, "height": 21, "score": 0.8964824080467224}}, "model": "Img2Pose"}