{"name": "338_Teror_frame_02_44_32_000.jpg", "num_faces": 2, "faces": {"0": {"posX": 59, "posY": 313, "width": 70, "height": 326, "score": 0.8738242387771606}, "1": {"posX": 44, "posY": 22, "width": 86, "height": 75, "score": 0.8135061860084534}}, "model": "Img2Pose"}