{"name": "338_Arucas_frame_01_49_55_000.jpg", "num_faces": 2, "faces": {"0": {"posX": 72, "posY": 37, "width": 142, "height": 125, "score": 0.9770631790161133}, "1": {"posX": 0, "posY": 52, "width": 34, "height": 97, "score": 0.9523640275001526}}, "model": "Img2Pose"}