{"name": "33_Teror_frame_03_16_21_000.jpg", "num_faces": 2, "faces": {"0": {"posX": 78, "posY": 29, "width": 145, "height": 109, "score": 0.9125072360038757}, "1": {"posX": 193, "posY": 49, "width": 207, "height": 66, "score": 0.8615943193435669}}, "model": "RetinaFaces"}