{"name": "237_Teror_frame_02_20_33_000.jpg", "num_faces": 3, "faces": {"0": {"posX": 63, "posY": 15, "width": 117, "height": 78, "score": 0.9751249551773071}, "1": {"posX": 22, "posY": 36, "width": 40, "height": 56, "score": 0.9512160420417786}, "2": {"posX": 144, "posY": 63, "width": 158, "height": 80, "score": 0.8064364194869995}}, "model": "Img2Pose"}