{"name": "237_PresaDeHornos_frame_13_42_11_000.jpg", "num_faces": 2, "faces": {"0": {"posX": 67, "posY": 15, "width": 95, "height": 50, "score": 0.9844369888305664}, "1": {"posX": 68, "posY": 313, "width": 77, "height": 325, "score": 0.8598495721817017}}, "model": "Img2Pose"}