{"name": "237_Arucas_frame_01_35_41_000.jpg", "num_faces": 2, "faces": {"0": {"posX": 78, "posY": 35, "width": 117, "height": 81, "score": 0.9612807631492615}, "1": {"posX": 17, "posY": 207, "width": 34, "height": 227, "score": 0.9202849268913269}}, "model": "Img2Pose"}