{"name": "104_Arucas_frame_01_29_14_000.jpg", "num_faces": 4, "faces": {"0": {"posX": 85, "posY": 45, "width": 131, "height": 102, "score": 0.9518512487411499}, "1": {"posX": 54, "posY": 13, "width": 81, "height": 47, "score": 0.9368831515312195}, "2": {"posX": 208, "posY": 216, "width": 221, "height": 231, "score": 0.9261354804039001}, "3": {"posX": 66, "posY": 9, "width": 86, "height": 34, "score": 0.9118664860725403}}, "model": "Img2Pose"}