{"name": "10_Arucas_frame_01_08_56_000.jpg", "num_faces": 3, "faces": {"0": {"posX": 35, "posY": 36, "width": 58, "height": 65, "score": 0.9834874272346497}, "1": {"posX": 70, "posY": 3, "width": 94, "height": 31, "score": 0.9510114789009094}, "2": {"posX": 5, "posY": 7, "width": 22, "height": 28, "score": 0.8612877130508423}}, "model": "Img2Pose"}