{"name": "116_Arucas_frame_01_33_54_000.jpg", "num_faces": 2, "faces": {"0": {"posX": 29, "posY": 42, "width": 54, "height": 72, "score": 0.9786714315414429}, "1": {"posX": 0, "posY": 40, "width": 24, "height": 80, "score": 0.8742431402206421}}, "model": "Img2Pose"}