{"name": "135_Arucas_frame_01_29_34_000.jpg", "num_faces": 2, "faces": {"0": {"posX": 272, "posY": 58, "width": 302, "height": 93, "score": 0.9309936165809631}, "1": {"posX": 154, "posY": 49, "width": 265, "height": 183, "score": 0.8449335694313049}}, "model": "Img2Pose"}