{"name": "214_Arucas_frame_01_29_08_000.jpg", "num_faces": 3, "faces": {"0": {"posX": 30, "posY": 52, "width": 50, "height": 76, "score": 0.9849606156349182}, "1": {"posX": 0, "posY": 165, "width": 27, "height": 200, "score": 0.9731796383857727}, "2": {"posX": 20, "posY": 34, "width": 40, "height": 57, "score": 0.9730769991874695}}, "model": "Img2Pose"}