{"name": "228_Arucas_frame_01_27_36_000.jpg", "num_faces": 2, "faces": {"0": {"posX": 11, "posY": 137, "width": 27, "height": 155, "score": 0.8064639568328857}, "1": {"posX": 0, "posY": 103, "width": 12, "height": 123, "score": 0.8027023673057556}}, "model": "Img2Pose"}