{"name": "232_Arucas_frame_01_38_37_000.jpg", "num_faces": 3, "faces": {"0": {"posX": 114, "posY": 32, "width": 182, "height": 117, "score": 0.9769070744514465}, "1": {"posX": 13, "posY": 17, "width": 33, "height": 41, "score": 0.9358976483345032}, "2": {"posX": 32, "posY": 9, "width": 49, "height": 32, "score": 0.8433835506439209}}, "model": "Img2Pose"}