{"name": "300_Arucas_frame_01_33_10_000.jpg", "num_faces": 3, "faces": {"0": {"posX": 16, "posY": 24, "width": 32, "height": 44, "score": 0.9732729196548462}, "1": {"posX": 10, "posY": 45, "width": 29, "height": 70, "score": 0.9251558184623718}, "2": {"posX": 31, "posY": 28, "width": 55, "height": 60, "score": 0.8574877381324768}}, "model": "Img2Pose"}