{"name": "300_Arucas_frame_01_33_09_000.jpg", "num_faces": 3, "faces": {"0": {"posX": 78, "posY": 31, "width": 98, "height": 60, "score": 0.9360010623931885}, "1": {"posX": 42, "posY": 60, "width": 67, "height": 91, "score": 0.8956329226493835}, "2": {"posX": 116, "posY": 60, "width": 169, "height": 126, "score": 0.8909870982170105}}, "model": "Img2Pose"}