{"name": "309_Arucas_frame_01_24_21_000.jpg", "num_faces": 2, "faces": {"0": {"posX": 0, "posY": 15, "width": 24, "height": 46, "score": 0.9836148619651794}, "1": {"posX": 14, "posY": 0, "width": 33, "height": 22, "score": 0.8213410973548889}}, "model": "Img2Pose"}