{"name": "309_Arucas_frame_01_24_24_000.jpg", "num_faces": 3, "faces": {"0": {"posX": 63, "posY": 59, "width": 86, "height": 89, "score": 0.977154552936554}, "1": {"posX": 19, "posY": 58, "width": 43, "height": 86, "score": 0.9574718475341797}, "2": {"posX": 109, "posY": 45, "width": 165, "height": 114, "score": 0.9529762864112854}}, "model": "Img2Pose"}