{"name": "36_Arucas_frame_01_14_21_000.jpg", "num_faces": 2, "faces": {"0": {"posX": 202, "posY": 113, "width": 238, "height": 156, "score": 0.8346943259239197}, "1": {"posX": 113, "posY": 39, "width": 183, "height": 123, "score": 0.8167985677719116}}, "model": "Img2Pose"}