{"name": "37_Arucas_frame_01_24_58_000.jpg", "num_faces": 2, "faces": {"0": {"posX": 93, "posY": 69, "width": 112, "height": 93, "score": 0.9957383871078491}, "1": {"posX": 69, "posY": 75, "width": 91, "height": 101, "score": 0.9899711012840271}}, "model": "Img2Pose"}