{"name": "392_Arucas_frame_01_23_42_000.jpg", "num_faces": 2, "faces": {"0": {"posX": 146, "posY": 63, "width": 221, "height": 154, "score": 0.9594696760177612}, "1": {"posX": 69, "posY": 26, "width": 91, "height": 53, "score": 0.8350785374641418}}, "model": "Img2Pose"}