{"name": "405_Arucas_frame_01_40_10_000.jpg", "num_faces": 2, "faces": {"0": {"posX": 75, "posY": 39, "width": 125, "height": 100, "score": 0.9752826690673828}, "1": {"posX": 61, "posY": 83, "width": 73, "height": 97, "score": 0.8649458289146423}}, "model": "Img2Pose"}