{"name": "414_Arucas_frame_01_23_14_000.jpg", "num_faces": 3, "faces": {"0": {"posX": 56, "posY": 85, "width": 81, "height": 115, "score": 0.9928491115570068}, "1": {"posX": 12, "posY": 169, "width": 40, "height": 206, "score": 0.9660688638687134}, "2": {"posX": 9, "posY": 150, "width": 33, "height": 177, "score": 0.905525803565979}}, "model": "Img2Pose"}