{"name": "414_Arucas_frame_01_23_13_000.jpg", "num_faces": 2, "faces": {"0": {"posX": 46, "posY": 3, "width": 63, "height": 23, "score": 0.9926912188529968}, "1": {"posX": 75, "posY": 32, "width": 93, "height": 53, "score": 0.8281502723693848}}, "model": "Img2Pose"}