{"name": "428_Arucas_frame_01_22_06_000.jpg", "num_faces": 2, "faces": {"0": {"posX": 35, "posY": 421, "width": 53, "height": 444, "score": 0.8708323836326599}, "1": {"posX": 48, "posY": 173, "width": 72, "height": 201, "score": 0.8449625968933105}}, "model": "Img2Pose"}