{"name": "428_Arucas_frame_01_22_09_000.jpg", "num_faces": 2, "faces": {"0": {"posX": 0, "posY": 153, "width": 24, "height": 186, "score": 0.9489056468009949}, "1": {"posX": 10, "posY": 116, "width": 38, "height": 151, "score": 0.8770142793655396}}, "model": "Img2Pose"}