{"name": "47_Arucas_frame_01_18_33_000.jpg", "num_faces": 5, "faces": {"0": {"posX": 27, "posY": 81, "width": 59, "height": 118, "score": 0.9930098056793213}, "1": {"posX": 95, "posY": 135, "width": 120, "height": 164, "score": 0.9675861597061157}, "2": {"posX": 16, "posY": 173, "width": 55, "height": 218, "score": 0.9655941724777222}, "3": {"posX": 190, "posY": 62, "width": 280, "height": 174, "score": 0.8615562319755554}, "4": {"posX": 144, "posY": 76, "width": 167, "height": 108, "score": 0.8341488838195801}}, "model": "Img2Pose"}