{"name": "518_Arucas_frame_01_51_07_000.jpg", "num_faces": 3, "faces": {"0": {"posX": 0, "posY": 64, "width": 16, "height": 84, "score": 0.9932302236557007}, "1": {"posX": 384, "posY": 117, "width": 419, "height": 165, "score": 0.9930108189582825}, "2": {"posX": 28, "posY": 75, "width": 43, "height": 94, "score": 0.8937864899635315}}, "model": "Img2Pose"}