{"name": "521_Arucas_frame_01_21_38_000.jpg", "num_faces": 2, "faces": {"0": {"posX": 39, "posY": 36, "width": 69, "height": 72, "score": 0.962774932384491}, "1": {"posX": 0, "posY": 40, "width": 17, "height": 63, "score": 0.8875278830528259}}, "model": "Img2Pose"}