{"name": "53_Arucas_frame_01_12_07_000.jpg", "num_faces": 2, "faces": {"0": {"posX": 0, "posY": 24, "width": 31, "height": 61, "score": 0.9949710369110107}, "1": {"posX": 55, "posY": 46, "width": 88, "height": 87, "score": 0.9592230319976807}}, "model": "Img2Pose"}