{"name": "54_Arucas_frame_01_24_39_000.jpg", "num_faces": 2, "faces": {"0": {"posX": 4, "posY": 27, "width": 23, "height": 50, "score": 0.9902994632720947}, "1": {"posX": 8, "posY": 52, "width": 33, "height": 86, "score": 0.9316429495811462}}, "model": "Img2Pose"}