{"name": "553_Arucas_frame_01_33_17_000.jpg", "num_faces": 3, "faces": {"0": {"posX": 93, "posY": 45, "width": 148, "height": 113, "score": 0.9812458753585815}, "1": {"posX": 0, "posY": 95, "width": 22, "height": 129, "score": 0.9054792523384094}, "2": {"posX": 159, "posY": 3, "width": 180, "height": 29, "score": 0.868211567401886}}, "model": "Img2Pose"}