{"name": "616_Arucas_frame_01_22_34_000.jpg", "num_faces": 2, "faces": {"0": {"posX": 61, "posY": 33, "width": 82, "height": 59, "score": 0.98570317029953}, "1": {"posX": 20, "posY": 63, "width": 42, "height": 89, "score": 0.9853715300559998}}, "model": "Img2Pose"}