{"name": "65_Arucas_frame_01_12_32_000.jpg", "num_faces": 3, "faces": {"0": {"posX": 17, "posY": 100, "width": 49, "height": 136, "score": 0.9858953356742859}, "1": {"posX": 53, "posY": 55, "width": 78, "height": 85, "score": 0.9655377268791199}, "2": {"posX": 71, "posY": 41, "width": 100, "height": 76, "score": 0.9075913429260254}}, "model": "Img2Pose"}