{"name": "671_Arucas_frame_01_25_06_000.jpg", "num_faces": 2, "faces": {"0": {"posX": 61, "posY": 24, "width": 83, "height": 51, "score": 0.9928960204124451}, "1": {"posX": 19, "posY": 78, "width": 47, "height": 115, "score": 0.9497120380401611}}, "model": "Img2Pose"}