{"name": "671_Arucas_frame_01_25_08_000.jpg", "num_faces": 3, "faces": {"0": {"posX": 108, "posY": 63, "width": 128, "height": 87, "score": 0.9946797490119934}, "1": {"posX": 76, "posY": 70, "width": 98, "height": 97, "score": 0.9943913817405701}, "2": {"posX": 42, "posY": 126, "width": 67, "height": 158, "score": 0.9703778624534607}}, "model": "Img2Pose"}