{"name": "749_Arucas_frame_01_27_30_000.jpg", "num_faces": 2, "faces": {"0": {"posX": 19, "posY": 8, "width": 34, "height": 28, "score": 0.9879547357559204}, "1": {"posX": 23, "posY": 30, "width": 41, "height": 53, "score": 0.9696173071861267}}, "model": "Img2Pose"}