{"name": "772_Arucas_frame_01_30_52_000.jpg", "num_faces": 2, "faces": {"0": {"posX": 13, "posY": 29, "width": 35, "height": 53, "score": 0.8777544498443604}, "1": {"posX": 63, "posY": 10, "width": 81, "height": 36, "score": 0.8504365086555481}}, "model": "Img2Pose"}