{"name": "795_Arucas_frame_01_39_22_000.jpg", "num_faces": 3, "faces": {"0": {"posX": 123, "posY": 60, "width": 196, "height": 143, "score": 0.9545861482620239}, "1": {"posX": 87, "posY": 78, "width": 115, "height": 111, "score": 0.9076661467552185}, "2": {"posX": 110, "posY": 48, "width": 128, "height": 71, "score": 0.8403252363204956}}, "model": "Img2Pose"}