{"name": "804_Arucas_frame_01_32_00_000.jpg", "num_faces": 3, "faces": {"0": {"posX": 15, "posY": 68, "width": 34, "height": 90, "score": 0.9793345928192139}, "1": {"posX": 59, "posY": 40, "width": 79, "height": 67, "score": 0.8625754117965698}, "2": {"posX": 41, "posY": 79, "width": 57, "height": 99, "score": 0.8089084625244141}}, "model": "Img2Pose"}