{"name": "97_Arucas_frame_01_23_59_000.jpg", "num_faces": 2, "faces": {"0": {"posX": 28, "posY": 147, "width": 54, "height": 178, "score": 0.9965044260025024}, "1": {"posX": 10, "posY": 234, "width": 44, "height": 275, "score": 0.9892743229866028}}, "model": "Img2Pose"}