{"name": "53_Arucas_frame_01_12_06_000.jpg", "num_faces": 4, "faces": {"0": {"posX": 141, "posY": 15, "width": 159, "height": 37, "score": 0.9878752827644348}, "1": {"posX": 30, "posY": 20, "width": 53, "height": 51, "score": 0.984677791595459}, "2": {"posX": 0, "posY": 113, "width": 27, "height": 152, "score": 0.9207078814506531}, "3": {"posX": 112, "posY": 14, "width": 136, "height": 44, "score": 0.900630533695221}}, "model": "Img2Pose"}