{"name": "437_Arucas_frame_01_45_16_000.jpg", "num_faces": 2, "faces": {"0": {"posX": 0, "posY": 104, "width": 30, "height": 147, "score": 0.9886354207992554}, "1": {"posX": 115, "posY": 55, "width": 139, "height": 84, "score": 0.9606569409370422}}, "model": "Img2Pose"}