{"name": "582_Teror_frame_02_10_15_000.jpg", "num_faces": 2, "faces": {"0": {"posX": 58, "posY": 33, "width": 92, "height": 72, "score": 0.9557473659515381}, "1": {"posX": 29, "posY": 1, "width": 46, "height": 21, "score": 0.7095798254013062}}, "model": "RetinaFaces"}