{"name": "412_Arucas_frame_01_40_02_000.jpg", "num_faces": 3, "faces": {"0": {"posX": 27, "posY": 24, "width": 47, "height": 48, "score": 0.9556658267974854}, "1": {"posX": 94, "posY": 42, "width": 136, "height": 93, "score": 0.9536332488059998}, "2": {"posX": 155, "posY": 104, "width": 168, "height": 119, "score": 0.8720111846923828}}, "model": "Img2Pose"}