{"name": "412_Arucas_frame_01_40_03_000.jpg", "num_faces": 2, "faces": {"0": {"posX": 0, "posY": 6, "width": 13, "height": 26, "score": 0.936375081539154}, "1": {"posX": 123, "posY": 46, "width": 177, "height": 112, "score": 0.9196450710296631}}, "model": "Img2Pose"}