{"name": "471_Teror_frame_02_22_51_000.jpg", "num_faces": 2, "faces": {"0": {"posX": 52, "posY": 19, "width": 89, "height": 64, "score": 0.9938912391662598}, "1": {"posX": -4, "posY": 62, "width": 21, "height": 84, "score": 0.746710479259491}}, "model": "RetinaFaces"}