{"name": "471_Teror_frame_02_22_52_000.jpg", "num_faces": 2, "faces": {"0": {"posX": 55, "posY": 20, "width": 113, "height": 93, "score": 0.9945726990699768}, "1": {"posX": 23, "posY": 38, "width": 41, "height": 64, "score": 0.8991674184799194}}, "model": "RetinaFaces"}