{"name": "242_Arucas_frame_01_48_37_000.jpg", "num_faces": 4, "faces": {"0": {"posX": 23, "posY": 2, "width": 41, "height": 27, "score": 0.9979494214057922}, "1": {"posX": 2, "posY": 95, "width": 24, "height": 124, "score": 0.9835251569747925}, "2": {"posX": 67, "posY": 49, "width": 127, "height": 124, "score": 0.8678103685379028}, "3": {"posX": 40, "posY": 7, "width": 53, "height": 26, "score": 0.707704484462738}}}