{"name": "165_Teror_frame_02_20_18_000.jpg", "num_faces": 2, "faces": {"0": {"posX": 42, "posY": 204, "width": 66, "height": 234, "score": 0.9702995419502258}, "1": {"posX": 61, "posY": 43, "width": 187, "height": 191, "score": 0.9187189936637878}}, "model": "Img2Pose"}