{"name": "756_Arucas_frame_01_30_28_000.jpg", "num_faces": 2, "faces": {"0": {"posX": 258, "posY": 116, "width": 277, "height": 139, "score": 0.9818354845046997}, "1": {"posX": 114, "posY": 46, "width": 182, "height": 130, "score": 0.8723614811897278}}, "model": ""}