{"name": "756_PresaDeHornos_frame_14_06_50_000.json", "num_faces": 2, "faces": {"0": {"posX": 116, "posY": 22, "width": 158, "height": 73, "score": 0.9786285161972046}, "1": {"posX": 101, "posY": 306, "width": 144, "height": 357, "score": 0.8986534476280212}}, "model": ""}