{"name": "435_Teror_frame_02_38_17_000.jpg", "num_faces": 2, "faces": {"0": {"posX": 170, "posY": 42, "width": 246, "height": 137, "score": 0.9787400960922241}, "1": {"posX": 341, "posY": 133, "width": 365, "height": 160, "score": 0.9054142832756042}}, "model": ""}