{"name": "277_Arucas_frame_01_31_22_000.jpg", "num_faces": 2, "faces": {"0": {"posX": 36, "posY": 170, "width": 54, "height": 194, "score": 0.9207897186279297}, "1": {"posX": 170, "posY": 12, "width": 268, "height": 130, "score": 0.909403920173645}}, "model": ""}