{"name": "256_Teror_frame_02_09_36_000.jpg", "num_faces": 2, "faces": {"0": {"posX": 0, "posY": 97, "width": 20, "height": 123, "score": 0.9698487520217896}, "1": {"posX": 102, "posY": 34, "width": 156, "height": 100, "score": 0.9136563539505005}}, "model": "Img2Pose"}