{"name": "256_Arucas_frame_01_28_45_000.jpg", "num_faces": 2, "faces": {"0": {"posX": 169, "posY": 61, "width": 189, "height": 85, "score": 0.9681704044342041}, "1": {"posX": 0, "posY": 167, "width": 22, "height": 207, "score": 0.9165463447570801}}, "model": "Img2Pose"}