{"name": "371_Teror_frame_02_42_42_000.jpg", "num_faces": 2, "faces": {"0": {"posX": 70, "posY": 36, "width": 116, "height": 92, "score": 0.9487118721008301}, "1": {"posX": 27, "posY": 97, "width": 45, "height": 119, "score": 0.8136113286018372}}, "model": "Img2Pose"}