{"name": "790_Arucas_frame_01_35_50_000.jpg", "num_faces": 2, "faces": {"0": {"posX": 33, "posY": 38, "width": 60, "height": 74, "score": 0.9995429515838623}, "1": {"posX": 13, "posY": 72, "width": 44, "height": 116, "score": 0.9992883801460266}}, "model": "RetinaFaces"}