{"name": "790_Arucas_frame_01_35_51_000.jpg", "num_faces": 2, "faces": {"0": {"posX": 40, "posY": 59, "width": 69, "height": 93, "score": 0.9985247254371643}, "1": {"posX": 98, "posY": 548, "width": 133, "height": 587, "score": 0.8544861674308777}}, "model": "RetinaFaces"}