{"name": "216_ParqueSur_frame_19_18_26_000.jpg", "num_faces": 2, "faces": {"0": {"posX": 105, "posY": 17, "width": 150, "height": 73, "score": 0.9998553991317749}, "1": {"posX": 50, "posY": 60, "width": 60, "height": 72, "score": 0.8815174102783203}}, "model": "RetinaFaces"}