{"name": "11_Ayagaures_frame_16_31_40_000.jpg", "num_faces": 2, "faces": {"0": {"posX": 57, "posY": 24, "width": 94, "height": 68, "score": 0.9863237142562866}, "1": {"posX": 120, "posY": 28, "width": 139, "height": 51, "score": 0.9428530335426331}}, "model": "Img2Pose"}