{"name": "155_Ayagaures_frame_16_50_55_000.jpg", "num_faces": 2, "faces": {"0": {"posX": 72, "posY": 17, "width": 121, "height": 75, "score": 0.9647794961929321}, "1": {"posX": 19, "posY": 92, "width": 26, "height": 101, "score": 0.8542205691337585}}, "model": "Img2Pose"}