{"name": "158_Ayagaures_frame_15_16_29_000.jpg", "num_faces": 2, "faces": {"0": {"posX": 53, "posY": 24, "width": 89, "height": 69, "score": 0.9835551381111145}, "1": {"posX": 22, "posY": 76, "width": 45, "height": 103, "score": 0.8750407695770264}}, "model": "Img2Pose"}