{"name": "256_Ayagaures_frame_18_10_38_000.jpg", "num_faces": 2, "faces": {"0": {"posX": 78, "posY": 21, "width": 147, "height": 107, "score": 0.9832746386528015}, "1": {"posX": 270, "posY": 176, "width": 286, "height": 196, "score": 0.9766473770141602}}, "model": "Img2Pose"}