{"name": "278_Ayagaures_frame_17_42_28_000.jpg", "num_faces": 2, "faces": {"0": {"posX": 60, "posY": 24, "width": 103, "height": 78, "score": 0.9805024266242981}, "1": {"posX": 107, "posY": 69, "width": 115, "height": 78, "score": 0.890735924243927}}, "model": "Img2Pose"}