{"name": "28_Ayagaures_frame_15_11_07_000.jpg", "num_faces": 3, "faces": {"0": {"posX": 46, "posY": 26, "width": 80, "height": 66, "score": 0.9742024540901184}, "1": {"posX": 37, "posY": 46, "width": 43, "height": 54, "score": 0.8434875011444092}, "2": {"posX": 4, "posY": 41, "width": 8, "height": 47, "score": 0.8104680776596069}}, "model": "Img2Pose"}