{"name": "28_Ayagaures_frame_15_11_08_000.jpg", "num_faces": 2, "faces": {"0": {"posX": 66, "posY": 19, "width": 115, "height": 81, "score": 0.9658975601196289}, "1": {"posX": 30, "posY": 355, "width": 37, "height": 363, "score": 0.923133373260498}}, "model": "Img2Pose"}