{"name": "309_Ayagaures_frame_16_10_42_000.jpg", "num_faces": 2, "faces": {"0": {"posX": 63, "posY": 31, "width": 100, "height": 77, "score": 0.9834850430488586}, "1": {"posX": 122, "posY": 67, "width": 127, "height": 73, "score": 0.9066425561904907}}, "model": "Img2Pose"}