{"name": "39_Ayagaures_frame_15_16_05_000.jpg", "num_faces": 2, "faces": {"0": {"posX": 48, "posY": 40, "width": 73, "height": 71, "score": 0.985605776309967}, "1": {"posX": 77, "posY": 62, "width": 89, "height": 76, "score": 0.9425229430198669}}, "model": "Img2Pose"}