{"name": "401_Ayagaures_frame_17_18_07_000.jpg", "num_faces": 2, "faces": {"0": {"posX": 63, "posY": 17, "width": 99, "height": 61, "score": 0.9796639680862427}, "1": {"posX": 30, "posY": 8, "width": 36, "height": 15, "score": 0.8685911297798157}}, "model": "Img2Pose"}