{"name": "401_Ayagaures_frame_17_18_06_000.jpg", "num_faces": 2, "faces": {"0": {"posX": 53, "posY": 17, "width": 82, "height": 53, "score": 0.9786462187767029}, "1": {"posX": 37, "posY": 201, "width": 69, "height": 241, "score": 0.8279270529747009}}, "model": "Img2Pose"}