{"name": "405_Ayagaures_frame_17_38_55_000.jpg", "num_faces": 2, "faces": {"0": {"posX": 40, "posY": 23, "width": 82, "height": 74, "score": 0.9740906953811646}, "1": {"posX": 118, "posY": 77, "width": 125, "height": 86, "score": 0.8867073655128479}}, "model": "Img2Pose"}