{"name": "40_Ayagaures_frame_13_17_56_000.jpg", "num_faces": 4, "faces": {"0": {"posX": 147, "posY": 43, "width": 156, "height": 53, "score": 0.9769216179847717}, "1": {"posX": 57, "posY": 17, "width": 103, "height": 74, "score": 0.9714028835296631}, "2": {"posX": 168, "posY": 45, "width": 176, "height": 55, "score": 0.9573714137077332}, "3": {"posX": 58, "posY": 91, "width": 75, "height": 112, "score": 0.917596161365509}}, "model": "Img2Pose"}