{"name": "41_Ayagaures_frame_14_22_19_000.jpg", "num_faces": 3, "faces": {"0": {"posX": 86, "posY": 56, "width": 97, "height": 69, "score": 0.9845538139343262}, "1": {"posX": 44, "posY": 24, "width": 81, "height": 69, "score": 0.9803155064582825}, "2": {"posX": 21, "posY": 63, "width": 26, "height": 69, "score": 0.9123115539550781}}, "model": "Img2Pose"}