{"name": "490_Ayagaures_frame_18_25_54_000.jpg", "num_faces": 2, "faces": {"0": {"posX": 188, "posY": 71, "width": 198, "height": 83, "score": 0.9876076579093933}, "1": {"posX": 60, "posY": 12, "width": 116, "height": 78, "score": 0.9797969460487366}}, "model": "Img2Pose"}