{"name": "518_Ayagaures_frame_18_21_36_000.jpg", "num_faces": 2, "faces": {"0": {"posX": 48, "posY": 17, "width": 80, "height": 56, "score": 0.9800423979759216}, "1": {"posX": 1, "posY": 49, "width": 10, "height": 59, "score": 0.8680412173271179}}, "model": "Img2Pose"}