{"name": "518_Ayagaures_frame_18_21_37_000.jpg", "num_faces": 2, "faces": {"0": {"posX": 70, "posY": 12, "width": 117, "height": 70, "score": 0.9682592749595642}, "1": {"posX": 56, "posY": 73, "width": 61, "height": 79, "score": 0.9578076601028442}}, "model": "Img2Pose"}