{"name": "57_Ayagaures_frame_17_45_57_000.jpg", "num_faces": 3, "faces": {"0": {"posX": 48, "posY": 26, "width": 81, "height": 66, "score": 0.9791789054870605}, "1": {"posX": 10, "posY": 38, "width": 16, "height": 45, "score": 0.9136578440666199}, "2": {"posX": 36, "posY": 27, "width": 50, "height": 43, "score": 0.8058041930198669}}, "model": "Img2Pose"}