{"name": "593_Ayagaures_frame_17_38_40_000.jpg", "num_faces": 2, "faces": {"0": {"posX": 36, "posY": 20, "width": 111, "height": 110, "score": 0.9798612594604492}, "1": {"posX": 231, "posY": 107, "width": 239, "height": 116, "score": 0.851075291633606}}, "model": "Img2Pose"}