{"name": "593_Ayagaures_frame_17_38_39_000.jpg", "num_faces": 2, "faces": {"0": {"posX": 39, "posY": 19, "width": 75, "height": 65, "score": 0.9900981783866882}, "1": {"posX": 91, "posY": 67, "width": 108, "height": 86, "score": 0.9630792140960693}}, "model": "Img2Pose"}