{"name": "661_Ayagaures_frame_18_19_17_000.jpg", "num_faces": 2, "faces": {"0": {"posX": 23, "posY": 46, "width": 37, "height": 64, "score": 0.9867194294929504}, "1": {"posX": 53, "posY": 23, "width": 83, "height": 58, "score": 0.9342858791351318}}, "model": "Img2Pose"}