{"name": "679_Ayagaures_frame_16_05_15_000.jpg", "num_faces": 2, "faces": {"0": {"posX": 97, "posY": 15, "width": 172, "height": 107, "score": 0.9726046323776245}, "1": {"posX": 22, "posY": 499, "width": 39, "height": 519, "score": 0.9386100769042969}}, "model": "Img2Pose"}