{"name": "713_Ayagaures_frame_18_00_47_000.jpg", "num_faces": 2, "faces": {"0": {"posX": 63, "posY": 22, "width": 98, "height": 63, "score": 0.9816349744796753}, "1": {"posX": 138, "posY": 50, "width": 150, "height": 64, "score": 0.9300181269645691}}, "model": "Img2Pose"}