{"name": "722_Ayagaures_frame_16_14_38_000.jpg", "num_faces": 2, "faces": {"0": {"posX": 48, "posY": 32, "width": 87, "height": 79, "score": 0.9764833450317383}, "1": {"posX": 107, "posY": 132, "width": 126, "height": 153, "score": 0.8694607615470886}}, "model": "Img2Pose"}