{"name": "749_Ayagaures_frame_16_15_30_000.jpg", "num_faces": 3, "faces": {"0": {"posX": 48, "posY": 18, "width": 88, "height": 67, "score": 0.9778190851211548}, "1": {"posX": 122, "posY": 188, "width": 142, "height": 210, "score": 0.9242079854011536}, "2": {"posX": 132, "posY": 66, "width": 140, "height": 76, "score": 0.8378915190696716}}, "model": "Img2Pose"}