{"name": "242_Arucas_frame_01_48_38_000.jpg", "num_faces": 3, "faces": {"0": {"posX": 30, "posY": 119, "width": 51, "height": 144, "score": 0.9925222992897034}, "1": {"posX": 28, "posY": 90, "width": 46, "height": 114, "score": 0.9891071915626526}, "2": {"posX": 52, "posY": 95, "width": 69, "height": 117, "score": 0.9753994345664978}}, "model": "RetinaFaces"}