{"name": "801_PresaDeHornos_frame_12_36_56_000.jpg", "num_faces": 3, "faces": {"0": {"posX": 46, "posY": 11, "width": 75, "height": 47, "score": 0.9807868599891663}, "1": {"posX": 54, "posY": 63, "width": 68, "height": 81, "score": 0.8687704801559448}, "2": {"posX": 23, "posY": 138, "width": 51, "height": 173, "score": 0.845260500907898}}, "model": "Img2Pose"}