{"name": "801_Ayagaures_frame_17_45_07_000.jpg", "num_faces": 2, "faces": {"0": {"posX": 53, "posY": 22, "width": 94, "height": 73, "score": 0.9860279560089111}, "1": {"posX": 137, "posY": 86, "width": 145, "height": 95, "score": 0.8540073037147522}}, "model": "Img2Pose"}