{"name": "771_Teror_frame_02_46_44_000.jpg", "num_faces": 2, "faces": {"0": {"posX": 150, "posY": 105, "width": 174, "height": 133, "score": 0.9177006483078003}, "1": {"posX": 46, "posY": 28, "width": 123, "height": 122, "score": 0.8494539856910706}}, "model": ""}