{"name": "401_Teror_frame_01_55_55_000.jpg", "num_faces": 2, "faces": {"0": {"posX": 47, "posY": 20, "width": 83, "height": 62, "score": 0.9510042667388916}, "1": {"posX": 138, "posY": 57, "width": 152, "height": 74, "score": 0.8889857530593872}}, "model": "RetinaFaces"}