{"name": "740_Teror_frame_02_57_31_000.jpg", "num_faces": 2, "faces": {"0": {"posX": 84, "posY": 36, "width": 128, "height": 93, "score": 0.993286669254303}, "1": {"posX": 28, "posY": 76, "width": 40, "height": 96, "score": 0.9413841962814331}}, "model": "RetinaFaces"}