{"name": "353_Teror_frame_02_26_36_000.jpg", "num_faces": 2, "faces": {"0": {"posX": 51, "posY": 27, "width": 91, "height": 78, "score": 0.9605075716972351}, "1": {"posX": 163, "posY": 51, "width": 179, "height": 69, "score": 0.9458157420158386}}, "model": "Img2Pose"}