{"name": "557_ParqueSur_frame_19_34_52_500.jpg", "num_faces": 2, "faces": {"0": {"posX": 80, "posY": 36, "width": 114, "height": 77, "score": 0.9846765398979187}, "1": {"posX": 141, "posY": 73, "width": 150, "height": 83, "score": 0.9420880079269409}}, "model": "Img2Pose"}