{"name": "557_ParqueSur_frame_19_34_53_000.jpg", "num_faces": 2, "faces": {"0": {"posX": 71, "posY": 48, "width": 110, "height": 92, "score": 0.9759626984596252}, "1": {"posX": 136, "posY": 93, "width": 145, "height": 103, "score": 0.9611863493919373}}, "model": "Img2Pose"}