{"name": "454_Teror_frame_02_06_28_000.jpg", "num_faces": 2, "faces": {"0": {"posX": 132, "posY": 38, "width": 149, "height": 60, "score": 0.98973548412323}, "1": {"posX": 47, "posY": 16, "width": 102, "height": 85, "score": 0.8104750514030457}}, "model": "Img2Pose"}