{"name": "491_Ayagaures_frame_17_40_50_000.jpg", "num_faces": 2, "faces": {"0": {"posX": 99, "posY": 42, "width": 160, "height": 122, "score": 0.9988892674446106}, "1": {"posX": 374, "posY": 157, "width": 381, "height": 166, "score": 0.8785144686698914}}, "model": ""}