{"name": "759_Arucas_frame_01_42_31_000.jpg", "num_faces": 2, "faces": {"0": {"posX": -11, "posY": 105, "width": 9, "height": 142, "score": 0.9891316890716553}, "1": {"posX": 74, "posY": 46, "width": 88, "height": 63, "score": 0.8221933245658875}}, "model": "RetinaFaces"}