{"name": "320_ParqueSur_frame_19_57_15_000.jpg", "num_faces": 2, "faces": {"0": {"posX": 102, "posY": 24, "width": 175, "height": 112, "score": 0.9789279699325562}, "1": {"posX": 46, "posY": 84, "width": 73, "height": 120, "score": 0.9350159764289856}}, "model": ""}