{"name": "14_Arucas_frame_01_08_03_000.jpg", "num_faces": 2, "faces": {"0": {"posX": 3, "posY": 37, "width": 35, "height": 82, "score": 0.9991720914840698}, "1": {"posX": 133, "posY": 2, "width": 164, "height": 39, "score": 0.99261873960495}}, "model": "RetinaFaces"}