{"name": "3_Arucas_frame_01_18_48_000.jpg", "num_faces": 2, "faces": {"0": {"posX": -6, "posY": 0, "width": 19, "height": 23, "score": 0.9958376884460449}, "1": {"posX": 31, "posY": 35, "width": 52, "height": 66, "score": 0.9851822257041931}}, "model": "RetinaFaces"}