{"name": "3_Arucas_frame_01_18_49_000.jpg", "num_faces": 3, "faces": {"0": {"posX": 27, "posY": 66, "width": 53, "height": 96, "score": 0.9976645708084106}, "1": {"posX": 101, "posY": 64, "width": 128, "height": 97, "score": 0.9211769104003906}, "2": {"posX": 57, "posY": 106, "width": 76, "height": 133, "score": 0.7220962643623352}}, "model": "RetinaFaces"}