{"name": "388_Arucas_frame_01_37_30_000.json", "num_faces": 2, "faces": {"1": {"posX": 201, "posY": 66, "width": 271, "height": 153, "score": 0.9632296562194824}, "2": {"posX": 112, "posY": 86, "width": 156, "height": 138, "score": 0.942488431930542}}, "model": ""}