{"name": "20_ParqueSur_frame_14_14_28_000.jpg", "num_faces": 4, "faces": {"0": {"posX": 22, "posY": 51, "width": 32, "height": 63, "score": 0.986764132976532}, "1": {"posX": 103, "posY": 23, "width": 148, "height": 78, "score": 0.9796140789985657}, "2": {"posX": 17, "posY": 35, "width": 23, "height": 41, "score": 0.9772253632545471}, "3": {"posX": 105, "posY": 312, "width": 154, "height": 374, "score": 0.8221189379692078}}, "model": "Img2Pose"}