{"name": "401_Teror_frame_01_55_56_000.jpg", "num_faces": 2, "faces": {"0": {"posX": 81, "posY": 37, "width": 135, "height": 105, "score": 0.9163345098495483}, "1": {"posX": 199, "posY": 125, "width": 213, "height": 142, "score": 0.8523547053337097}}, "model": ""}