{"name": "343_Teror_frame_02_36_34_000.jpg", "num_faces": 4, "faces": {"0": {"posX": 183, "posY": 142, "width": 268, "height": 244, "score": 0.9634275436401367}, "1": {"posX": 4, "posY": 146, "width": 43, "height": 191, "score": 0.9537140130996704}, "2": {"posX": 384, "posY": 205, "width": 408, "height": 232, "score": 0.9331579208374023}, "3": {"posX": 0, "posY": 87, "width": 19, "height": 118, "score": 0.8349888920783997}}, "model": "Img2Pose"}