{"name": "343_Teror_frame_02_36_31_000.jpg", "num_faces": 2, "faces": {"0": {"posX": 131, "posY": 19, "width": 145, "height": 35, "score": 0.981183648109436}, "1": {"posX": 11, "posY": 17, "width": 27, "height": 35, "score": 0.8031467199325562}}, "model": "Img2Pose"}