{"name": "604_Teror_frame_02_47_26_000.jpg", "num_faces": 2, "faces": {"0": {"posX": 132, "posY": 51, "width": 214, "height": 147, "score": 0.9995731711387634}, "1": {"posX": 327, "posY": 119, "width": 347, "height": 145, "score": 0.8935370445251465}}, "model": ""}