{"name": "215_ParqueSur_frame_18_11_06_500.jpg", "num_faces": 2, "faces": {"0": {"posX": 51, "posY": 20, "width": 74, "height": 46, "score": 0.9964120984077454}, "1": {"posX": 62, "posY": 189, "width": 80, "height": 215, "score": 0.8778902292251587}}, "model": "RetinaFaces"}