{"name": "215_ParqueSur_frame_18_11_05_500.jpg", "num_faces": 2, "faces": {"0": {"posX": 38, "posY": 17, "width": 56, "height": 41, "score": 0.9953566193580627}, "1": {"posX": 19, "posY": 80, "width": 29, "height": 91, "score": 0.7343380451202393}}, "model": "RetinaFaces"}