{"name": "3_Arucas_frame_01_18_49_000.jpg", "num_faces": 2, "faces": {"0": {"posX": 26, "posY": 61, "width": 54, "height": 96, "score": 0.9953983426094055}, "1": {"posX": 58, "posY": 104, "width": 84, "height": 135, "score": 0.9376583099365234}}, "model": "Img2Pose"}