{"name": "17_Teror_frame_01_27_31_000.jpg", "num_faces": 2, "faces": {"0": {"posX": 153, "posY": 62, "width": 167, "height": 80, "score": 0.9955227375030518}, "1": {"posX": 53, "posY": 28, "width": 78, "height": 59, "score": 0.7301503419876099}}}