{"name": "17_Teror_frame_01_27_32_000.jpg", "num_faces": 3, "faces": {"0": {"posX": 15, "posY": 89, "width": 32, "height": 109, "score": 0.9901160597801208}, "1": {"posX": 46, "posY": 93, "width": 59, "height": 112, "score": 0.8308811783790588}, "2": {"posX": 67, "posY": 40, "width": 116, "height": 98, "score": 0.8187917470932007}}}