{"name": "17_Teror_frame_01_27_30_000.jpg", "num_faces": 2, "faces": {"0": {"posX": -5, "posY": 52, "width": 6, "height": 69, "score": 0.9715869426727295}, "1": {"posX": 71, "posY": 36, "width": 86, "height": 53, "score": 0.9712409377098083}}}