{"name": "264_Arucas_frame_01_28_29_000.jpg", "num_faces": 2, "faces": {"0": {"posX": 0, "posY": 85, "width": 27, "height": 129, "score": 0.965908944606781}, "1": {"posX": 97, "posY": 31, "width": 163, "height": 107, "score": 0.9290742874145508}}, "model": ""}