{"name": "264_Arucas_frame_01_28_30_000.jpg", "num_faces": 2, "faces": {"0": {"posX": 0, "posY": 203, "width": 28, "height": 245, "score": 0.9636131525039673}, "1": {"posX": 140, "posY": 47, "width": 216, "height": 138, "score": 0.8993844985961914}}, "model": ""}