{"name": "786_Teror_frame_03_09_58_000.jpg", "num_faces": 2, "faces": {"0": {"posX": 116, "posY": 65, "width": 198, "height": 161, "score": 0.9995458722114563}, "1": {"posX": 333, "posY": 122, "width": 345, "height": 142, "score": 0.9607716798782349}}, "model": ""}