{"name": "644_Teror_frame_03_11_45_000.jpg", "num_faces": 2, "faces": {"0": {"posX": 316, "posY": 95, "width": 332, "height": 114, "score": 0.9477183818817139}, "2": {"posX": 65, "posY": 65, "width": 170, "height": 193, "score": 0.8828687071800232}}, "model": ""}