{"name": "709_Teror_frame_03_10_23_000.jpg", "num_faces": 3, "faces": {"0": {"posX": 130, "posY": 49, "width": 201, "height": 140, "score": 0.9998924732208252}, "1": {"posX": 257, "posY": 52, "width": 271, "height": 69, "score": 0.9277319312095642}, "2": {"posX": 298, "posY": 72, "width": 331, "height": 111, "score": 0.7128793597221375}}, "model": "RetinaFaces"}