{"name": "155_Teror_frame_02_12_30_000.jpg", "num_faces": 3, "faces": {"0": {"posX": 11, "posY": 88, "width": 31, "height": 112, "score": 0.9903113842010498}, "1": {"posX": 244, "posY": 118, "width": 261, "height": 138, "score": 0.9845325350761414}, "2": {"posX": 60, "posY": 22, "width": 134, "height": 114, "score": 0.9514569640159607}}, "model": ""}