{"name": "436_Arucas_frame_01_48_44_000.jpg", "num_faces": 3, "faces": {"0": {"posX": 97, "posY": 94, "width": 118, "height": 120, "score": 0.9937906861305237}, "1": {"posX": 0, "posY": 134, "width": 16, "height": 159, "score": 0.9858320951461792}, "2": {"posX": 146, "posY": 108, "width": 164, "height": 132, "score": 0.9613750576972961}}, "model": ""}