{"name": "369_Teror_frame_02_11_03_000.jpg", "num_faces": 5, "faces": {"0": {"posX": 492, "posY": 241, "width": 513, "height": 266, "score": 0.9785361886024475}, "1": {"posX": 412, "posY": 254, "width": 432, "height": 281, "score": 0.9761176705360413}, "2": {"posX": 545, "posY": 262, "width": 564, "height": 283, "score": 0.9690526127815247}, "3": {"posX": 445, "posY": 276, "width": 468, "height": 301, "score": 0.8776677846908569}, "4": {"posX": 54, "posY": 8, "width": 223, "height": 209, "score": 0.8718496561050415}}, "model": "Img2Pose"}