{"name": "125_Teror_frame_03_21_18_000.jpg", "num_faces": 2, "faces": {"0": {"posX": 153, "posY": 50, "width": 170, "height": 69, "score": 0.9455071091651917}, "1": {"posX": 62, "posY": 17, "width": 99, "height": 60, "score": 0.9053004384040833}}, "model": "Img2Pose"}