{"name": "610_Arucas_frame_01_40_19_000.jpg", "num_faces": 2, "faces": {"0": {"posX": 94, "posY": 209, "width": 124, "height": 249, "score": 0.9973435997962952}, "1": {"posX": 17, "posY": 137, "width": 56, "height": 185, "score": 0.992006242275238}}, "model": ""}