{"name": "464_Arucas_frame_01_49_08_000.jpg", "num_faces": 2, "faces": {"0": {"posX": 75, "posY": 83, "width": 94, "height": 105, "score": 0.9902348518371582}, "2": {"posX": 81, "posY": 138, "width": 99, "height": 160, "score": 0.8269175291061401}}, "model": ""}