{"name": "585_Arucas_frame_01_49_46_000.jpg", "num_faces": 2, "faces": {"0": {"posX": 27, "posY": 84, "width": 47, "height": 109, "score": 0.9878772497177124}, "1": {"posX": 118, "posY": 48, "width": 132, "height": 66, "score": 0.8247138857841492}}, "model": "Img2Pose"}