{"name": "86_Arucas_frame_01_51_46_000.jpg", "num_faces": 3, "faces": {"0": {"posX": 14, "posY": 92, "width": 40, "height": 122, "score": 0.971025288105011}, "1": {"posX": 223, "posY": 46, "width": 245, "height": 71, "score": 0.9518367648124695}, "2": {"posX": 140, "posY": 26, "width": 203, "height": 104, "score": 0.8041030168533325}}, "model": "Img2Pose"}