{"name": "86_Teror_frame_02_52_02_000.jpg", "num_faces": 2, "faces": {"0": {"posX": 10, "posY": 70, "width": 26, "height": 90, "score": 0.9537112712860107}, "1": {"posX": 44, "posY": 29, "width": 79, "height": 71, "score": 0.9088941812515259}}, "model": "Img2Pose"}