{"name": "457_Arucas_frame_01_50_43_000.jpg", "num_faces": 2, "faces": {"0": {"posX": 77, "posY": 16, "width": 99, "height": 45, "score": 0.7581804394721985}, "1": {"posX": 17, "posY": 44, "width": 41, "height": 73, "score": 0.7043206095695496}}, "model": "RetinaFaces"}