{"name": "242_Arucas_frame_01_48_37_000.jpg", "num_faces": 2, "faces": {"0": {"posX": 23, "posY": 1, "width": 43, "height": 24, "score": 0.9956860542297363}, "1": {"posX": 0, "posY": 89, "width": 24, "height": 125, "score": 0.9760255813598633}}, "model": "Img2Pose"}