{"name": "417_PresaDeHornos_frame_12_56_27_000.json", "num_faces": 2, "faces": {"0": {"posX": 133, "posY": 25, "width": 209, "height": 119, "score": 0.9771141409873962}, "1": {"posX": 22, "posY": 186, "width": 62, "height": 237, "score": 0.9495117664337158}}, "model": ""}