{"name": "102_PresaDeHornos_frame_13_16_09_000.jpg", "num_faces": 2, "faces": {"0": {"posX": 17, "posY": 31, "width": 25, "height": 42, "score": 0.9804329872131348}, "1": {"posX": 45, "posY": 21, "width": 70, "height": 52, "score": 0.8921124339103699}}, "model": "Img2Pose"}