{"name": "754_Teror_frame_02_35_16_000.jpg", "num_faces": 2, "faces": {"0": {"posX": 0, "posY": 54, "width": 12, "height": 70, "score": 0.8201596140861511}, "1": {"posX": 54, "posY": 34, "width": 86, "height": 75, "score": 0.8163054585456848}}, "model": "Img2Pose"}