{"name": "629_Arucas_frame_01_51_48_000.jpg", "num_faces": 2, "faces": {"0": {"posX": 91, "posY": 43, "width": 169, "height": 130, "score": 0.8903178572654724}, "1": {"posX": 20, "posY": 85, "width": 47, "height": 120, "score": 0.8000837564468384}}, "model": ""}