{"name": "46_Arucas_frame_01_08_26_000.jpg", "num_faces": 4, "faces": {"0": {"posX": 148, "posY": 5, "width": 171, "height": 36, "score": 0.9879774451255798}, "1": {"posX": 173, "posY": 16, "width": 191, "height": 38, "score": 0.9735754132270813}, "2": {"posX": -13, "posY": 91, "width": 11, "height": 132, "score": 0.968040943145752}, "3": {"posX": 36, "posY": 64, "width": 66, "height": 98, "score": 0.8431098461151123}}, "model": "RetinaFaces"}