{"name": "286_Teror_frame_03_10_24_000.jpg", "num_faces": 3, "faces": {"0": {"posX": 152, "posY": 0, "width": 169, "height": 22, "score": 0.9706274271011353}, "1": {"posX": 74, "posY": 24, "width": 130, "height": 92, "score": 0.9672319293022156}, "2": {"posX": 228, "posY": 30, "width": 242, "height": 48, "score": 0.8958598971366882}}, "model": "Img2Pose"}