{"name": "183_Teror_frame_02_32_37_000.jpg", "num_faces": 2, "faces": {"0": {"posX": 129, "posY": 52, "width": 216, "height": 147, "score": 0.9985218644142151}, "1": {"posX": 252, "posY": 10, "width": 285, "height": 58, "score": 0.9956597685813904}}, "model": "RetinaFaces"}