{"name": "567_ParqueSur_frame_18_47_49_500.jpg", "num_faces": 2, "faces": {"0": {"posX": 34, "posY": 14, "width": 49, "height": 34, "score": 0.9449917674064636}, "1": {"posX": 23, "posY": 97, "width": 52, "height": 126, "score": 0.772739052772522}}, "model": "RetinaFaces"}