{"name": "567_ParqueSur_frame_18_47_54_500.jpg", "num_faces": 2, "faces": {"0": {"posX": 52, "posY": 33, "width": 82, "height": 71, "score": 0.9982853531837463}, "1": {"posX": 108, "posY": 114, "width": 118, "height": 127, "score": 0.8391232490539551}}, "model": "RetinaFaces"}