{"name": "567_ParqueSur_frame_18_47_51_500.jpg", "num_faces": 2, "faces": {"0": {"posX": 46, "posY": 24, "width": 67, "height": 48, "score": 0.9992332458496094}, "1": {"posX": 51, "posY": 47, "width": 68, "height": 62, "score": 0.9454441070556641}}, "model": "RetinaFaces"}