{"name": "567_ParqueSur_frame_18_47_53_500.jpg", "num_faces": 3, "faces": {"0": {"posX": 51, "posY": 25, "width": 77, "height": 56, "score": 0.9991512298583984}, "1": {"posX": 93, "posY": 92, "width": 100, "height": 101, "score": 0.8988052010536194}, "2": {"posX": 57, "posY": 55, "width": 76, "height": 72, "score": 0.8042678833007812}}, "model": "RetinaFaces"}