{"name": "567_ParqueSur_frame_18_47_52_500.jpg", "num_faces": 4, "faces": {"0": {"posX": 40, "posY": 24, "width": 62, "height": 50, "score": 0.9761965274810791}, "1": {"posX": 78, "posY": 75, "width": 84, "height": 83, "score": 0.8728112578392029}, "2": {"posX": 17, "posY": 95, "width": 30, "height": 110, "score": 0.7887297868728638}, "3": {"posX": 45, "posY": 43, "width": 60, "height": 58, "score": 0.7163733839988708}}, "model": "RetinaFaces"}