{"name": "567_ParqueSur_frame_18_47_49_000.jpg", "num_faces": 3, "faces": {"0": {"posX": 33, "posY": 13, "width": 50, "height": 32, "score": 0.8996788859367371}, "1": {"posX": 24, "posY": 50, "width": 35, "height": 62, "score": 0.8344446420669556}, "2": {"posX": 2, "posY": 30, "width": 28, "height": 61, "score": 0.7665915489196777}}, "model": "RetinaFaces"}