{"name": "143_Arucas_frame_01_36_05_000.jpg", "num_faces": 2, "faces": {"0": {"posX": 135, "posY": 67, "width": 204, "height": 146, "score": 0.8763986825942993}, "1": {"posX": 330, "posY": 111, "width": 344, "height": 128, "score": 0.833032488822937}}, "model": ""}