{"name": "239_Arucas_frame_01_32_01_000.jpg", "num_faces": 3, "faces": {"0": {"posX": 14, "posY": 66, "width": 31, "height": 93, "score": 0.9407284259796143}, "1": {"posX": 52, "posY": 36, "width": 75, "height": 61, "score": 0.9021027088165283}, "2": {"posX": 4, "posY": 67, "width": 21, "height": 94, "score": 0.7779443264007568}}}