{"name": "517_Arucas_frame_01_44_37_000.jpg", "num_faces": 2, "faces": {"0": {"posX": 191, "posY": 52, "width": 276, "height": 149, "score": 0.9519726634025574}, "1": {"posX": 0, "posY": 208, "width": 36, "height": 251, "score": 0.9476887583732605}}, "model": "Img2Pose"}