{"name": "517_Teror_frame_02_42_18_000.jpg", "num_faces": 2, "faces": {"0": {"posX": 180, "posY": 97, "width": 193, "height": 112, "score": 0.9664105772972107}, "1": {"posX": 63, "posY": 40, "width": 105, "height": 97, "score": 0.9054694771766663}}, "model": "Img2Pose"}