{"name": "393_Arucas_frame_01_18_38_000.jpg", "num_faces": 2, "faces": {"0": {"posX": 57, "posY": 177, "width": 98, "height": 232, "score": 0.9951098561286926}, "1": {"posX": 177, "posY": 44, "width": 251, "height": 160, "score": 0.9841611981391907}}, "model": "RetinaFaces"}