{"name": "8_Arucas_frame_01_06_30_000.jpg", "num_faces": 3, "faces": {"0": {"posX": 85, "posY": 2, "width": 111, "height": 30, "score": 0.9884371161460876}, "1": {"posX": 0, "posY": 31, "width": 27, "height": 66, "score": 0.9243491291999817}, "2": {"posX": 114, "posY": 0, "width": 135, "height": 20, "score": 0.8065268993377686}}, "model": "RetinaFaces"}