{"name": "8_Arucas_frame_01_06_30_000.jpg", "num_faces": 3, "faces": {"0": {"posX": 113, "posY": 0, "width": 134, "height": 21, "score": 0.9635608792304993}, "1": {"posX": 86, "posY": 0, "width": 112, "height": 27, "score": 0.9570732116699219}, "2": {"posX": 0, "posY": 28, "width": 29, "height": 70, "score": 0.9368862509727478}}, "model": "Img2Pose"}