{"name": "8_Teror_frame_01_17_15_000.jpg", "num_faces": 2, "faces": {"0": {"posX": 0, "posY": 101, "width": 28, "height": 138, "score": 0.9919919371604919}, "1": {"posX": 19, "posY": 59, "width": 42, "height": 86, "score": 0.8043637871742249}}, "model": "Img2Pose"}