{"name": "37_Arucas_frame_01_24_58_000.jpg", "num_faces": 2, "faces": {"0": {"posX": 69, "posY": 75, "width": 90, "height": 101, "score": 0.9983306527137756}, "2": {"posX": 11, "posY": 129, "width": 35, "height": 154, "score": 0.8892490267753601}}, "model": ""}