{"name": "37_Teror_frame_01_51_16_000.jpg", "num_faces": 3, "faces": {"0": {"posX": 149, "posY": 191, "width": 175, "height": 228, "score": 0.985500156879425}, "1": {"posX": 283, "posY": 236, "width": 300, "height": 257, "score": 0.9334864616394043}, "2": {"posX": 810, "posY": 240, "width": 821, "height": 257, "score": 0.850177526473999}}, "model": ""}