{"name": "368_Arucas_frame_01_25_35_000.jpg", "num_faces": 2, "faces": {"0": {"posX": 34, "posY": 117, "width": 58, "height": 144, "score": 0.9968222379684448}, "1": {"posX": 76, "posY": 48, "width": 93, "height": 71, "score": 0.7963093519210815}}, "model": "RetinaFaces"}