{"name": "368_Arucas_frame_01_25_34_000.jpg", "num_faces": 4, "faces": {"0": {"posX": 22, "posY": 81, "width": 46, "height": 107, "score": 0.9941346049308777}, "1": {"posX": 41, "posY": 62, "width": 60, "height": 89, "score": 0.9927048087120056}, "2": {"posX": 66, "posY": 14, "width": 83, "height": 38, "score": 0.9917422533035278}, "3": {"posX": 72, "posY": 65, "width": 88, "height": 86, "score": 0.7721862196922302}}, "model": "RetinaFaces"}