{"name": "51_Teror_frame_02_18_02_000.jpg", "num_faces": 3, "faces": {"0": {"posX": 199, "posY": 9, "width": 216, "height": 30, "score": 0.9516130685806274}, "1": {"posX": 231, "posY": 24, "width": 253, "height": 54, "score": 0.9039926528930664}, "2": {"posX": 129, "posY": 0, "width": 149, "height": 24, "score": 0.8333190679550171}}, "model": "Img2Pose"}