{"name": "235_Teror_frame_03_14_53_000.jpg", "num_faces": 3, "faces": {"0": {"posX": 0, "posY": 65, "width": 12, "height": 85, "score": 0.9624331593513489}, "1": {"posX": 56, "posY": 34, "width": 97, "height": 88, "score": 0.945106029510498}, "2": {"posX": 79, "posY": 210, "width": 117, "height": 242, "score": 0.7121442556381226}}}