{"name": "373_Arucas_frame_01_51_51_000.jpg", "num_faces": 2, "faces": {"0": {"posX": 46, "posY": 44, "width": 64, "height": 73, "score": 0.9924911856651306}, "1": {"posX": 62, "posY": 40, "width": 80, "height": 65, "score": 0.9697371125221252}}, "model": "RetinaFaces"}