{"name": "309_Arucas_frame_01_24_25_000.jpg", "num_faces": 2, "faces": {"0": {"posX": 20, "posY": 137, "width": 48, "height": 170, "score": 0.9551720023155212}, "1": {"posX": 163, "posY": 70, "width": 234, "height": 157, "score": 0.9402283430099487}}, "model": ""}