{"name": "309_Teror_frame_01_56_05_000.jpg", "num_faces": 2, "faces": {"0": {"posX": 38, "posY": 100, "width": 56, "height": 121, "score": 0.9803004264831543}, "1": {"posX": 207, "posY": 96, "width": 224, "height": 118, "score": 0.9497070908546448}}, "model": ""}