{"name": "279_Arucas_frame_01_26_01_000.jpg", "num_faces": 3, "faces": {"0": {"posX": 317, "posY": 145, "width": 344, "height": 179, "score": 0.8789795637130737}, "1": {"posX": 340, "posY": 82, "width": 360, "height": 107, "score": 0.8549713492393494}, "2": {"posX": 358, "posY": 95, "width": 377, "height": 118, "score": 0.846916913986206}}, "model": "Img2Pose"}