{"name": "551_Arucas_frame_01_49_02_000.jpg", "num_faces": 3, "faces": {"0": {"posX": 22, "posY": 30, "width": 42, "height": 58, "score": 0.9875879883766174}, "1": {"posX": 72, "posY": 52, "width": 109, "height": 98, "score": 0.947299599647522}, "2": {"posX": 107, "posY": 0, "width": 128, "height": 18, "score": 0.7210792899131775}}, "model": "RetinaFaces"}