{"name": "500_Arucas_frame_01_41_41_000.jpg", "num_faces": 2, "faces": {"0": {"posX": 13, "posY": 70, "width": 46, "height": 108, "score": 0.9631641507148743}, "1": {"posX": 0, "posY": 95, "width": 28, "height": 141, "score": 0.9429286122322083}}, "model": ""}