{"name": "123_Teror_frame_02_12_45_000.jpg", "num_faces": 3, "faces": {"0": {"posX": 60, "posY": 37, "width": 134, "height": 124, "score": 0.9982874989509583}, "1": {"posX": 251, "posY": 123, "width": 269, "height": 149, "score": 0.9822818040847778}, "2": {"posX": 188, "posY": 115, "width": 203, "height": 138, "score": 0.9359944462776184}}, "model": ""}