{"name": "283_Arucas_frame_01_43_49_000.jpg", "num_faces": 2, "faces": {"0": {"posX": 28, "posY": 37, "width": 51, "height": 63, "score": 0.9934226870536804}, "1": {"posX": 64, "posY": 26, "width": 80, "height": 46, "score": 0.8698347210884094}}, "model": "RetinaFaces"}