{"name": "181_Teror_frame_03_13_22_000.jpg", "num_faces": 2, "faces": {"0": {"posX": 193, "posY": 46, "width": 207, "height": 63, "score": 0.9729979038238525}, "1": {"posX": 166, "posY": 53, "width": 179, "height": 68, "score": 0.9104946851730347}}, "model": "Img2Pose"}