{"name": "751_Teror_frame_03_10_21_000.jpg", "num_faces": 2, "faces": {"0": {"posX": 33, "posY": 104, "width": 48, "height": 122, "score": 0.9323074817657471}, "1": {"posX": 67, "posY": 53, "width": 129, "height": 130, "score": 0.9308471083641052}}, "model": ""}