{"name": "806_PresaDeHornos_frame_13_12_53_000.jpg", "num_faces": 2, "faces": {"1": {"posX": 70, "posY": 86, "width": 109, "height": 132, "score": 0.8212988972663879}, "2": {"posX": 5, "posY": 140, "width": 19, "height": 159, "score": 0.8078359961509705}}, "model": ""}