{"name": "518_Arucas_frame_01_51_07_000.jpg", "num_faces": 4, "faces": {"0": {"posX": 383, "posY": 117, "width": 421, "height": 168, "score": 0.9850414395332336}, "1": {"posX": 0, "posY": 63, "width": 16, "height": 85, "score": 0.9795122146606445}, "2": {"posX": 31, "posY": 76, "width": 44, "height": 94, "score": 0.8240387439727783}, "3": {"posX": 11, "posY": 81, "width": 28, "height": 104, "score": 0.7265047430992126}}, "model": "RetinaFaces"}