{"name": "518_Ayagaures_frame_18_21_36_000.jpg", "num_faces": 2, "faces": {"0": {"posX": 49, "posY": 20, "width": 78, "height": 57, "score": 0.9955195188522339}, "1": {"posX": 27, "posY": 45, "width": 35, "height": 55, "score": 0.8020038604736328}}, "model": "RetinaFaces"}