{"name": "57_Arucas_frame_01_32_05_000.jpg", "num_faces": 2, "faces": {"0": {"posX": 93, "posY": 116, "width": 138, "height": 168, "score": 0.992925763130188}, "1": {"posX": 0, "posY": 202, "width": 31, "height": 240, "score": 0.9818397164344788}}, "model": ""}