{"name": "709_Teror_frame_03_10_23_000.jpg", "num_faces": 2, "faces": {"0": {"posX": 132, "posY": 36, "width": 209, "height": 134, "score": 0.9801514744758606}, "2": {"posX": 297, "posY": 72, "width": 332, "height": 114, "score": 0.9081661105155945}}, "model": ""}