{"name": "593_Arucas_frame_01_42_51_000.jpg", "num_faces": 2, "faces": {"0": {"posX": 205, "posY": 0, "width": 227, "height": 22, "score": 0.9607334136962891}, "1": {"posX": 22, "posY": 90, "width": 55, "height": 129, "score": 0.8842087984085083}}, "model": "Img2Pose"}