{"name": "331_Arucas_frame_01_45_42_000.jpg", "num_faces": 2, "faces": {"0": {"posX": -5, "posY": 69, "width": 21, "height": 110, "score": 0.9967105388641357}, "2": {"posX": 97, "posY": 55, "width": 144, "height": 123, "score": 0.7379863858222961}}, "model": ""}