{"name": "104_Arucas_frame_01_29_15_000.jpg", "num_faces": 3, "faces": {"0": {"posX": 37, "posY": 0, "width": 54, "height": 19, "score": 0.993992269039154}, "1": {"posX": 74, "posY": 51, "width": 133, "height": 133, "score": 0.9491837620735168}, "2": {"posX": 50, "posY": 12, "width": 71, "height": 37, "score": 0.9258989095687866}}, "model": "RetinaFaces"}