{"name": "104_Arucas_frame_01_29_14_000.jpg", "num_faces": 4, "faces": {"0": {"posX": 82, "posY": 45, "width": 133, "height": 111, "score": 0.9879092574119568}, "1": {"posX": 55, "posY": 15, "width": 78, "height": 43, "score": 0.9307977557182312}, "2": {"posX": 208, "posY": 217, "width": 220, "height": 231, "score": 0.900553286075592}, "3": {"posX": 66, "posY": 9, "width": 87, "height": 35, "score": 0.8739053606987}}, "model": "RetinaFaces"}