{"name": "104_Arucas_frame_01_29_13_000.jpg", "num_faces": 2, "faces": {"0": {"posX": 61, "posY": 33, "width": 105, "height": 92, "score": 0.9988182187080383}, "1": {"posX": -10, "posY": 2, "width": 10, "height": 32, "score": 0.8611937165260315}}, "model": "RetinaFaces"}