{"name": "309_Teror_frame_01_56_04_000.jpg", "num_faces": 3, "faces": {"0": {"posX": 69, "posY": 35, "width": 112, "height": 84, "score": 0.9981853365898132}, "1": {"posX": 111, "posY": 52, "width": 123, "height": 70, "score": 0.9345886707305908}, "2": {"posX": 140, "posY": 189, "width": 161, "height": 213, "score": 0.8996100425720215}}, "model": "RetinaFaces"}