{"name": "309_Arucas_frame_01_24_22_000.jpg", "num_faces": 2, "faces": {"0": {"posX": 5, "posY": 68, "width": 28, "height": 105, "score": 0.9962627291679382}, "1": {"posX": 91, "posY": 56, "width": 125, "height": 97, "score": 0.7171719074249268}}, "model": "RetinaFaces"}