{"name": "309_Arucas_frame_01_24_25_000.jpg", "num_faces": 3, "faces": {"0": {"posX": 164, "posY": 75, "width": 235, "height": 157, "score": 0.9603413939476013}, "1": {"posX": 20, "posY": 138, "width": 43, "height": 168, "score": 0.9141947627067566}, "2": {"posX": 95, "posY": 71, "width": 111, "height": 93, "score": 0.7001516819000244}}, "model": "RetinaFaces"}