{"name": "171_Arucas_frame_01_47_33_000.jpg", "num_faces": 2, "faces": {"1": {"posX": 0, "posY": 132, "width": 38, "height": 185, "score": 0.9108724594116211}, "2": {"posX": 69, "posY": 81, "width": 88, "height": 103, "score": 0.8954256176948547}}, "model": ""}