{"name": "629_Arucas_frame_01_51_50_000.jpg", "num_faces": 4, "faces": {"0": {"posX": 10, "posY": 163, "width": 37, "height": 203, "score": 0.9977506995201111}, "1": {"posX": 104, "posY": 121, "width": 122, "height": 146, "score": 0.9776906371116638}, "2": {"posX": -7, "posY": 168, "width": 15, "height": 207, "score": 0.969882607460022}, "3": {"posX": 121, "posY": 115, "width": 138, "height": 138, "score": 0.9594027400016785}}, "model": ""}