{"name": "308_PresaDeHornos_frame_13_40_45_000.jpg", "num_faces": 2, "faces": {"0": {"posX": 81, "posY": 23, "width": 117, "height": 65, "score": 0.9768989682197571}, "1": {"posX": 51, "posY": 363, "width": 75, "height": 392, "score": 0.9389302134513855}}, "model": "Img2Pose"}