{"name": "582_Teror_frame_02_10_15_000.jpg", "num_faces": 2, "faces": {"0": {"posX": 30, "posY": 0, "width": 47, "height": 19, "score": 0.9643740057945251}, "1": {"posX": 57, "posY": 31, "width": 92, "height": 74, "score": 0.9469191431999207}}, "model": "Img2Pose"}