{"name": "278_PresaDeHornos_frame_12_29_40_000.jpg", "num_faces": 2, "faces": {"0": {"posX": 76, "posY": 28, "width": 113, "height": 72, "score": 0.988274335861206}, "1": {"posX": 139, "posY": 163, "width": 156, "height": 187, "score": 0.8128659129142761}}, "model": "RetinaFaces"}