{"name": "164_Teror_frame_02_40_19_000.jpg", "num_faces": 2, "faces": {"0": {"posX": 299, "posY": 88, "width": 313, "height": 110, "score": 0.974267303943634}, "1": {"posX": 335, "posY": 108, "width": 346, "height": 126, "score": 0.9673643112182617}}}