{"name": "257_ParqueSur_frame_17_33_59_000.jpg", "num_faces": 2, "faces": {"0": {"posX": 97, "posY": 32, "width": 133, "height": 79, "score": 0.99755859375}, "1": {"posX": 66, "posY": 287, "width": 114, "height": 335, "score": 0.75887531042099}}}