{"name": "257_ParqueSur_frame_17_33_58_000.jpg", "num_faces": 2, "faces": {"0": {"posX": 66, "posY": 33, "width": 92, "height": 66, "score": 0.9937816262245178}, "1": {"posX": 27, "posY": 147, "width": 37, "height": 157, "score": 0.7649814486503601}}}