{"name": "256_Ayagaures_frame_18_10_38_000.jpg", "num_faces": 2, "faces": {"0": {"posX": 76, "posY": 27, "width": 139, "height": 109, "score": 0.9990022778511047}, "1": {"posX": 269, "posY": 177, "width": 286, "height": 199, "score": 0.7242706418037415}}}