{"name": "256_Arucas_frame_01_28_45_000.jpg", "num_faces": 2, "faces": {"0": {"posX": -8, "posY": 163, "width": 20, "height": 209, "score": 0.9948065876960754}, "1": {"posX": 172, "posY": 61, "width": 188, "height": 84, "score": 0.9077869653701782}}}