{"name": "483_Teror_frame_02_39_53_000.jpg", "num_faces": 3, "faces": {"0": {"posX": 651, "posY": 265, "width": 678, "height": 296, "score": 0.9895347952842712}, "1": {"posX": 525, "posY": 262, "width": 554, "height": 296, "score": 0.9608078002929688}, "2": {"posX": 102, "posY": 109, "width": 304, "height": 327, "score": 0.8961580991744995}}, "model": ""}