{"name": "483_Teror_frame_02_39_52_000.jpg", "num_faces": 2, "faces": {"0": {"posX": 140, "posY": 46, "width": 217, "height": 142, "score": 0.9750686287879944}, "1": {"posX": 346, "posY": 141, "width": 361, "height": 159, "score": 0.8604965209960938}}, "model": ""}