{"name": "171_Arucas_frame_01_47_33_000.jpg", "num_faces": 4, "faces": {"0": {"posX": 37, "posY": 34, "width": 56, "height": 57, "score": 0.9854679703712463}, "1": {"posX": 0, "posY": 132, "width": 38, "height": 185, "score": 0.9108724594116211}, "2": {"posX": 69, "posY": 81, "width": 88, "height": 103, "score": 0.8954256176948547}, "3": {"posX": 63, "posY": 35, "width": 80, "height": 58, "score": 0.8397529721260071}}, "model": "Img2Pose"}