{"name": "542_Teror_frame_02_13_02_000.jpg", "num_faces": 2, "faces": {"0": {"posX": 0, "posY": 57, "width": 17, "height": 86, "score": 0.9855098724365234}, "1": {"posX": 192, "posY": 76, "width": 208, "height": 97, "score": 0.9631898403167725}}, "model": "RetinaFaces"}