{"name": "542_PresaDeHornos_frame_13_00_38_000.jpg", "num_faces": 2, "faces": {"0": {"posX": 49, "posY": 23, "width": 70, "height": 47, "score": 0.9860196113586426}, "1": {"posX": 23, "posY": 31, "width": 29, "height": 39, "score": 0.720552384853363}}, "model": "RetinaFaces"}