{"name": "542_Arucas_frame_01_34_16_000.jpg", "num_faces": 2, "faces": {"0": {"posX": 41, "posY": 194, "width": 62, "height": 221, "score": 0.8369612097740173}, "1": {"posX": 2, "posY": 31, "width": 16, "height": 52, "score": 0.7032873630523682}}, "model": "RetinaFaces"}