{"name": "542_Arucas_frame_01_34_18_000.jpg", "num_faces": 2, "faces": {"0": {"posX": 5, "posY": 47, "width": 24, "height": 73, "score": 0.9645717144012451}, "1": {"posX": 84, "posY": 7, "width": 105, "height": 30, "score": 0.7480856776237488}}, "model": "RetinaFaces"}