{"name": "471_Teror_frame_02_22_52_000.jpg", "num_faces": 2, "faces": {"0": {"posX": 51, "posY": 17, "width": 109, "height": 89, "score": 0.9308634400367737}, "1": {"posX": 21, "posY": 37, "width": 42, "height": 63, "score": 0.9177625179290771}}, "model": "Img2Pose"}