{"name": "242_Arucas_frame_01_48_38_000.jpg", "num_faces": 3, "faces": {"0": {"posX": 27, "posY": 90, "width": 47, "height": 112, "score": 0.9957377910614014}, "1": {"posX": 30, "posY": 119, "width": 51, "height": 144, "score": 0.9945418238639832}, "2": {"posX": 51, "posY": 95, "width": 70, "height": 117, "score": 0.9872499108314514}}, "model": ""}