{"name": "105_Teror_frame_02_42_09_000.jpg", "num_faces": 2, "faces": {"0": {"posX": 203, "posY": 72, "width": 218, "height": 91, "score": 0.9749186038970947}, "1": {"posX": 2, "posY": 74, "width": 21, "height": 99, "score": 0.7295911908149719}}, "model": "RetinaFaces"}