{"name": "504_Teror_frame_03_27_13_000.jpg", "num_faces": 2, "faces": {"0": {"posX": 62, "posY": 21, "width": 106, "height": 75, "score": 0.9637496471405029}, "1": {"posX": 31, "posY": 88, "width": 73, "height": 137, "score": 0.801440954208374}}, "model": "Img2Pose"}