{"name": "353_Teror_frame_02_26_37_000.jpg", "num_faces": 2, "faces": {"0": {"posX": 42, "posY": 50, "width": 135, "height": 161, "score": 0.9296547174453735}, "1": {"posX": 192, "posY": 140, "width": 212, "height": 162, "score": 0.8618493676185608}}, "model": ""}