{"name": "746_Teror_frame_02_37_15_000.jpg", "num_faces": 2, "faces": {"0": {"posX": 2, "posY": 162, "width": 27, "height": 191, "score": 0.9891366958618164}, "1": {"posX": 45, "posY": 40, "width": 143, "height": 163, "score": 0.9163014888763428}}, "model": "Img2Pose"}