{"name": "746_PresaDeHornos_frame_14_05_42_000.jpg", "num_faces": 2, "faces": {"0": {"posX": 82, "posY": 33, "width": 125, "height": 85, "score": 0.9716891646385193}, "1": {"posX": 19, "posY": 103, "width": 34, "height": 120, "score": 0.8802699446678162}}, "model": "Img2Pose"}