{"name": "276_Teror_frame_02_31_27_000.jpg", "num_faces": 2, "faces": {"0": {"posX": 207, "posY": 136, "width": 228, "height": 161, "score": 0.9499866366386414}, "1": {"posX": 67, "posY": 38, "width": 190, "height": 194, "score": 0.8716952204704285}}, "model": ""}