{"name": "711_Teror_frame_02_37_31_000.jpg", "num_faces": 2, "faces": {"0": {"posX": 46, "posY": 88, "width": 79, "height": 126, "score": 0.9787164330482483}, "1": {"posX": 100, "posY": 106, "width": 124, "height": 143, "score": 0.9629194140434265}}, "model": ""}