{"name": "782_Teror_frame_03_13_13_000.jpg", "num_faces": 2, "faces": {"0": {"posX": 228, "posY": 111, "width": 243, "height": 129, "score": 0.962717592716217}, "1": {"posX": 207, "posY": 120, "width": 219, "height": 135, "score": 0.8711143136024475}}, "model": "Img2Pose"}