{"name": "86_Arucas_frame_01_51_46_000.jpg", "num_faces": 2, "faces": {"0": {"posX": 14, "posY": 92, "width": 40, "height": 122, "score": 0.971025288105011}, "2": {"posX": 140, "posY": 26, "width": 203, "height": 104, "score": 0.8041030168533325}}, "model": ""}