{"name": "720_Teror_frame_02_27_11_000.jpg", "num_faces": 4, "faces": {"0": {"posX": 0, "posY": 61, "width": 24, "height": 89, "score": 0.9887185096740723}, "1": {"posX": 54, "posY": 50, "width": 77, "height": 78, "score": 0.9866304993629456}, "2": {"posX": 269, "posY": 54, "width": 315, "height": 111, "score": 0.9704058170318604}, "3": {"posX": 101, "posY": 55, "width": 175, "height": 146, "score": 0.8965671062469482}}, "model": "Img2Pose"}