{"name": "464_Arucas_frame_01_49_07_000.jpg", "num_faces": 2, "faces": {"0": {"posX": 6, "posY": 17, "width": 28, "height": 49, "score": 0.9957748055458069}, "1": {"posX": 8, "posY": 78, "width": 34, "height": 115, "score": 0.9934378266334534}}, "model": "RetinaFaces"}