{"name": "348_ParqueSur_frame_18_44_51_000.json", "num_faces": 2, "faces": {"0": {"posX": 70, "posY": 20, "width": 130, "height": 93, "score": 0.9812211990356445}, "1": {"posX": 75, "posY": 233, "width": 146, "height": 313, "score": 0.9158284664154053}}, "model": ""}