{"name": "637_Teror_frame_02_35_47_000.jpg", "num_faces": 4, "faces": {"0": {"posX": 22, "posY": 146, "width": 58, "height": 189, "score": 0.9970462918281555}, "1": {"posX": 109, "posY": 62, "width": 212, "height": 198, "score": 0.9909331798553467}, "2": {"posX": 332, "posY": 189, "width": 348, "height": 216, "score": 0.8150331974029541}, "3": {"posX": 385, "posY": 269, "width": 407, "height": 299, "score": 0.7439882755279541}}, "model": "RetinaFaces"}