{"name": "637_Arucas_frame_01_39_28_000.jpg", "num_faces": 3, "faces": {"0": {"posX": 100, "posY": 36, "width": 147, "height": 97, "score": 0.9937015771865845}, "1": {"posX": 32, "posY": 84, "width": 56, "height": 114, "score": 0.763965904712677}, "2": {"posX": 195, "posY": 9, "width": 213, "height": 35, "score": 0.7136996984481812}}, "model": "RetinaFaces"}