{"name": "637_Arucas_frame_01_39_30_000.jpg", "num_faces": 2, "faces": {"0": {"posX": 258, "posY": 67, "width": 278, "height": 90, "score": 0.9805548191070557}, "1": {"posX": 139, "posY": 56, "width": 213, "height": 156, "score": 0.8557986617088318}}, "model": "RetinaFaces"}