{"name": "637_Arucas_frame_01_39_27_000.jpg", "num_faces": 3, "faces": {"0": {"posX": 15, "posY": 67, "width": 38, "height": 102, "score": 0.9963359832763672}, "1": {"posX": 66, "posY": 23, "width": 111, "height": 88, "score": 0.9939071536064148}, "2": {"posX": 8, "posY": 0, "width": 29, "height": 17, "score": 0.9626769423484802}}, "model": "RetinaFaces"}