{"name": "637_Arucas_frame_01_39_29_000.jpg", "num_faces": 4, "faces": {"0": {"posX": -8, "posY": 84, "width": 13, "height": 117, "score": 0.9571556448936462}, "1": {"posX": 247, "posY": 27, "width": 269, "height": 59, "score": 0.8668190240859985}, "2": {"posX": 68, "posY": 102, "width": 92, "height": 132, "score": 0.8595861792564392}, "3": {"posX": 221, "posY": 49, "width": 241, "height": 74, "score": 0.8441997170448303}}, "model": "RetinaFaces"}