{"name": "248_PresaDeHornos_frame_13_15_09_000.jpg", "num_faces": 2, "faces": {"0": {"posX": 50, "posY": 20, "width": 73, "height": 46, "score": 0.994814395904541}, "1": {"posX": 25, "posY": 276, "width": 42, "height": 298, "score": 0.8031742572784424}}, "model": "RetinaFaces"}