{"name": "772_Ayagaures_frame_16_37_18_000.jpg", "num_faces": 2, "faces": {"0": {"posX": 53, "posY": 36, "width": 98, "height": 90, "score": 0.9619758129119873}, "1": {"posX": 127, "posY": 38, "width": 139, "height": 52, "score": 0.8820615410804749}}, "model": "Img2Pose"}