{"name": "459_Arucas_frame_01_53_02_000.jpg", "num_faces": 2, "faces": {"0": {"posX": 135, "posY": 47, "width": 197, "height": 125, "score": 0.987627387046814}, "1": {"posX": 206, "posY": 96, "width": 228, "height": 123, "score": 0.746097981929779}}, "model": "RetinaFaces"}