{"name": "459_Arucas_frame_01_53_00_000.jpg", "num_faces": 2, "faces": {"0": {"posX": 80, "posY": 39, "width": 126, "height": 90, "score": 0.9928060173988342}, "1": {"posX": 50, "posY": 23, "width": 66, "height": 48, "score": 0.9769442677497864}}, "model": "RetinaFaces"}