{"name": "459_Arucas_frame_01_53_01_000.jpg", "num_faces": 3, "faces": {"0": {"posX": 166, "posY": 58, "width": 182, "height": 84, "score": 0.98481684923172}, "1": {"posX": 90, "posY": 53, "width": 140, "height": 112, "score": 0.9768090844154358}, "2": {"posX": 144, "posY": 51, "width": 160, "height": 74, "score": 0.9745705127716064}}, "model": "RetinaFaces"}