{"name": "190_Arucas_frame_01_18_20_000.jpg", "num_faces": 2, "faces": {"0": {"posX": 113, "posY": 96, "width": 139, "height": 127, "score": 0.9950078725814819}, "1": {"posX": 70, "posY": 126, "width": 95, "height": 158, "score": 0.9926338791847229}}}