{"name": "190_Teror_frame_01_43_53_000.jpg", "num_faces": 2, "faces": {"0": {"posX": 49, "posY": 27, "width": 93, "height": 84, "score": 0.9913244247436523}, "1": {"posX": 15, "posY": 54, "width": 30, "height": 72, "score": 0.863292932510376}}}