{"name": "113_Teror_frame_03_26_20_000.jpg", "num_faces": 2, "faces": {"0": {"posX": 64, "posY": 31, "width": 129, "height": 108, "score": 0.9025240540504456}, "1": {"posX": 54, "posY": 172, "width": 70, "height": 192, "score": 0.8857735991477966}}, "model": "Img2Pose"}