{"name": "139_Teror_frame_03_10_53_000.jpg", "num_faces": 5, "faces": {"0": {"posX": 190, "posY": 82, "width": 207, "height": 102, "score": 0.9498113989830017}, "1": {"posX": 51, "posY": 48, "width": 68, "height": 67, "score": 0.9480748772621155}, "2": {"posX": 82, "posY": 19, "width": 161, "height": 116, "score": 0.9006636142730713}, "3": {"posX": 222, "posY": 76, "width": 240, "height": 98, "score": 0.8973315358161926}, "4": {"posX": 21, "posY": 60, "width": 36, "height": 79, "score": 0.8426085710525513}}, "model": "Img2Pose"}