{"name": "627_Teror_frame_02_29_54_000.jpg", "num_faces": 2, "faces": {"0": {"posX": 65, "posY": 23, "width": 111, "height": 80, "score": 0.9709505438804626}, "1": {"posX": 170, "posY": 65, "width": 182, "height": 81, "score": 0.7192525863647461}}, "model": "RetinaFaces"}