{"name": "627_Teror_frame_02_29_55_000.jpg", "num_faces": 3, "faces": {"0": {"posX": 78, "posY": 56, "width": 175, "height": 170, "score": 0.9663577675819397}, "1": {"posX": 6, "posY": 113, "width": 26, "height": 144, "score": 0.903893232345581}, "2": {"posX": 313, "posY": 118, "width": 325, "height": 139, "score": 0.7582985758781433}}, "model": "RetinaFaces"}