{"name": "158_Arucas_frame_01_22_56_000.jpg", "num_faces": 2, "faces": {"0": {"posX": 30, "posY": 15, "width": 48, "height": 40, "score": 0.9738227128982544}, "1": {"posX": 0, "posY": 20, "width": 18, "height": 42, "score": 0.8837037086486816}}}