{"name": "405_Teror_frame_02_28_36_000.jpg", "num_faces": 2, "faces": {"0": {"posX": 98, "posY": 33, "width": 114, "height": 53, "score": 0.9802730083465576}, "1": {"posX": 15, "posY": 16, "width": 26, "height": 33, "score": 0.7449042797088623}}, "model": "RetinaFaces"}