{"name": "405_ParqueSur_frame_19_23_24_000.jpg", "num_faces": 2, "faces": {"0": {"posX": 68, "posY": 15, "width": 99, "height": 58, "score": 0.9992361068725586}, "1": {"posX": 24, "posY": 223, "width": 88, "height": 301, "score": 0.8885279297828674}}, "model": "RetinaFaces"}