{"name": "269_Arucas_frame_01_20_46_000.jpg", "num_faces": 2, "faces": {"0": {"posX": 196, "posY": 75, "width": 288, "height": 191, "score": 0.995668888092041}, "1": {"posX": 16, "posY": 103, "width": 47, "height": 142, "score": 0.9863991737365723}}, "model": ""}