{"name": "288_Arucas_frame_01_37_03_000.jpg", "num_faces": 2, "faces": {"1": {"posX": 57, "posY": 93, "width": 77, "height": 117, "score": 0.9499291777610779}, "2": {"posX": 151, "posY": 26, "width": 221, "height": 111, "score": 0.8106215596199036}}, "model": ""}