{"name": "553_ParqueSur_frame_17_59_10_000.jpg", "num_faces": 2, "faces": {"0": {"posX": 40, "posY": 23, "width": 62, "height": 51, "score": 0.997722327709198}, "1": {"posX": 11, "posY": 17, "width": 27, "height": 31, "score": 0.775037407875061}}, "model": "RetinaFaces"}