{"name": "144_Teror_frame_02_26_29_000.jpg", "num_faces": 2, "faces": {"0": {"posX": 95, "posY": 27, "width": 145, "height": 95, "score": 0.9983519315719604}, "1": {"posX": 7, "posY": 64, "width": 23, "height": 82, "score": 0.9858927130699158}}}