{"name": "542_PresaDeHornos_frame_13_00_42_000.jpg", "num_faces": 2, "faces": {"0": {"posX": 185, "posY": 24, "width": 258, "height": 113, "score": 0.9998581409454346}, "1": {"posX": 64, "posY": 85, "width": 101, "height": 129, "score": 0.9953065514564514}}, "model": ""}