{"name": "63_Arucas_frame_01_39_50_000.jpg", "num_faces": 2, "faces": {"0": {"posX": 84, "posY": 69, "width": 106, "height": 96, "score": 0.8480755686759949}, "1": {"posX": 124, "posY": 47, "width": 176, "height": 109, "score": 0.8050130605697632}}, "model": "RetinaFaces"}