{"name": "63_Arucas_frame_01_39_49_000.jpg", "num_faces": 3, "faces": {"0": {"posX": 97, "posY": 43, "width": 137, "height": 96, "score": 0.9401583671569824}, "1": {"posX": 72, "posY": 12, "width": 94, "height": 40, "score": 0.8366787433624268}, "2": {"posX": 134, "posY": 0, "width": 154, "height": 17, "score": 0.7960177063941956}}, "model": "RetinaFaces"}