{"name": "63_PresaDeHornos_frame_13_29_53_000.jpg", "num_faces": 2, "faces": {"0": {"posX": 47, "posY": 21, "width": 70, "height": 50, "score": 0.9677971005439758}, "1": {"posX": 52, "posY": 276, "width": 66, "height": 291, "score": 0.8705425262451172}}, "model": "RetinaFaces"}