{"name": "450_Teror_frame_02_11_03_000.jpg", "num_faces": 2, "faces": {"0": {"posX": 264, "posY": 93, "width": 280, "height": 111, "score": 0.9740167260169983}, "2": {"posX": 95, "posY": 43, "width": 157, "height": 115, "score": 0.9643167853355408}}, "model": ""}