{"name": "769_Arucas_frame_01_45_08_000.jpg", "num_faces": 2, "faces": {"0": {"posX": 13, "posY": 73, "width": 51, "height": 120, "score": 0.9867430925369263}, "1": {"posX": 94, "posY": 30, "width": 144, "height": 92, "score": 0.9481091499328613}}, "model": "Img2Pose"}