{"name": "769_Arucas_frame_01_45_09_000.jpg", "num_faces": 2, "faces": {"0": {"posX": 108, "posY": 44, "width": 178, "height": 131, "score": 0.9761270880699158}, "1": {"posX": 267, "posY": 45, "width": 288, "height": 74, "score": 0.9350824952125549}}, "model": "Img2Pose"}