{"name": "769_Teror_frame_02_32_12_000.jpg", "num_faces": 2, "faces": {"0": {"posX": 17, "posY": 75, "width": 26, "height": 86, "score": 0.9861315488815308}, "1": {"posX": 73, "posY": 23, "width": 122, "height": 82, "score": 0.9785762429237366}}, "model": "Img2Pose"}