{"name": "638_Teror_frame_02_04_19_000.jpg", "num_faces": 2, "faces": {"0": {"posX": 93, "posY": 31, "width": 170, "height": 128, "score": 0.9789842963218689}, "1": {"posX": 183, "posY": 129, "width": 201, "height": 150, "score": 0.837581992149353}}, "model": ""}