{"name": "771_Teror_frame_02_46_44_000.jpg", "num_faces": 2, "faces": {"0": {"posX": 157, "posY": 111, "width": 174, "height": 134, "score": 0.9162306189537048}, "1": {"posX": 50, "posY": 40, "width": 113, "height": 125, "score": 0.894750714302063}}, "model": ""}