{"name": "455_Arucas_frame_01_35_17_000.jpg", "num_faces": 2, "faces": {"0": {"posX": 104, "posY": 24, "width": 147, "height": 80, "score": 0.9855901598930359}, "1": {"posX": -4, "posY": 12, "width": 8, "height": 31, "score": 0.9724979996681213}}, "model": "RetinaFaces"}