{"name": "455_Arucas_frame_01_35_18_000.jpg", "num_faces": 2, "faces": {"0": {"posX": 152, "posY": 26, "width": 206, "height": 92, "score": 0.9978476762771606}, "1": {"posX": 73, "posY": 33, "width": 92, "height": 60, "score": 0.8766215443611145}}, "model": "RetinaFaces"}