{"name": "158_Arucas_frame_01_22_56_000.jpg", "num_faces": 2, "faces": {"0": {"posX": 22, "posY": 12, "width": 48, "height": 43, "score": 0.9769569039344788}, "1": {"posX": 0, "posY": 21, "width": 19, "height": 44, "score": 0.9186802506446838}}, "model": "Img2Pose"}