{"name": "749_PresaDeHornos_frame_11_15_22_000.jpg", "num_faces": 2, "faces": {"0": {"posX": 84, "posY": 30, "width": 114, "height": 67, "score": 0.99679034948349}, "1": {"posX": 6, "posY": 295, "width": 24, "height": 319, "score": 0.835738480091095}}, "model": "RetinaFaces"}