{"name": "578_Teror_frame_02_40_21_000.jpg", "num_faces": 2, "faces": {"0": {"posX": 183, "posY": 49, "width": 199, "height": 72, "score": 0.9773480892181396}, "1": {"posX": 218, "posY": 68, "width": 228, "height": 85, "score": 0.8732375502586365}}, "model": "RetinaFaces"}