{"name": "257_Ayagaures_frame_15_43_42_000.jpg", "num_faces": 2, "faces": {"0": {"posX": 73, "posY": 22, "width": 134, "height": 93, "score": 0.9829035401344299}, "1": {"posX": 184, "posY": 97, "width": 191, "height": 105, "score": 0.9101846814155579}}, "model": "Img2Pose"}