{"name": "257_Ayagaures_frame_15_43_41_000.jpg", "num_faces": 2, "faces": {"0": {"posX": 67, "posY": 33, "width": 103, "height": 76, "score": 0.9832503199577332}, "1": {"posX": 3, "posY": 194, "width": 17, "height": 211, "score": 0.8706813454627991}}, "model": "Img2Pose"}