{"name": "164_Teror_frame_02_40_20_000.jpg", "num_faces": 2, "faces": {"0": {"posX": 38, "posY": -3, "width": 227, "height": 263, "score": 0.9979829788208008}, "1": {"posX": 373, "posY": 211, "width": 406, "height": 257, "score": 0.9656133055686951}}, "model": ""}