{"name": "361_Teror_frame_02_13_00_000.jpg", "num_faces": 2, "faces": {"0": {"posX": 67, "posY": 33, "width": 131, "height": 116, "score": 0.9989548921585083}, "1": {"posX": 22, "posY": 56, "width": 39, "height": 81, "score": 0.9895456433296204}}, "model": "RetinaFaces"}