{"name": "86_Arucas_frame_01_51_46_000.jpg", "num_faces": 2, "faces": {"0": {"posX": 16, "posY": 91, "width": 36, "height": 123, "score": 0.9475946426391602}, "1": {"posX": 225, "posY": 46, "width": 243, "height": 72, "score": 0.8396046757698059}}, "model": "RetinaFaces"}