{"name": "338_Arucas_frame_01_49_56_000.jpg", "num_faces": 4, "faces": {"0": {"posX": 70, "posY": 111, "width": 94, "height": 142, "score": 0.9879262447357178}, "1": {"posX": 38, "posY": 139, "width": 67, "height": 180, "score": 0.9732305407524109}, "2": {"posX": 123, "posY": 44, "width": 199, "height": 166, "score": 0.9519806504249573}, "3": {"posX": 93, "posY": 110, "width": 113, "height": 137, "score": 0.9388427734375}}, "model": "RetinaFaces"}