{"name": "338_Arucas_frame_01_49_55_000.jpg", "num_faces": 2, "faces": {"0": {"posX": 82, "posY": 42, "width": 141, "height": 125, "score": 0.9991232752799988}, "1": {"posX": 55, "posY": 13, "width": 81, "height": 47, "score": 0.7925773859024048}}, "model": "RetinaFaces"}