{"name": "338_Arucas_frame_01_49_53_000.jpg", "num_faces": 2, "faces": {"0": {"posX": 69, "posY": 24, "width": 112, "height": 84, "score": 0.9988810420036316}, "1": {"posX": -4, "posY": 91, "width": 7, "height": 103, "score": 0.9612260460853577}}, "model": "RetinaFaces"}