{"name": "338_Arucas_frame_01_49_54_000.jpg", "num_faces": 3, "faces": {"0": {"posX": 57, "posY": 40, "width": 111, "height": 117, "score": 0.9991279244422913}, "1": {"posX": 79, "posY": 1, "width": 96, "height": 26, "score": 0.9888443350791931}, "2": {"posX": -1, "posY": 31, "width": 24, "height": 79, "score": 0.865958571434021}}, "model": "RetinaFaces"}