{"name": "386_Arucas_frame_01_52_21_000.jpg", "num_faces": 3, "faces": {"0": {"posX": 17, "posY": 144, "width": 44, "height": 183, "score": 0.9940499067306519}, "1": {"posX": 100, "posY": 105, "width": 119, "height": 132, "score": 0.9890785813331604}, "2": {"posX": 151, "posY": 58, "width": 216, "height": 139, "score": 0.8690205812454224}}, "model": ""}