{"name": "33_Teror_frame_03_16_21_000.jpg", "num_faces": 2, "faces": {"0": {"posX": 191, "posY": 49, "width": 206, "height": 67, "score": 0.9200242161750793}, "1": {"posX": 224, "posY": 38, "width": 241, "height": 60, "score": 0.8041642308235168}}, "model": "Img2Pose"}