{"name": "83_Arucas_frame_01_38_44_000.jpg", "num_faces": 2, "faces": {"0": {"posX": 0, "posY": 26, "width": 27, "height": 68, "score": 0.9901604652404785}, "1": {"posX": 65, "posY": 29, "width": 108, "height": 82, "score": 0.8957207202911377}}, "model": "Img2Pose"}