{"name": "83_Arucas_frame_01_38_46_000.jpg", "num_faces": 2, "faces": {"0": {"posX": 200, "posY": 3, "width": 219, "height": 27, "score": 0.9766725301742554}, "1": {"posX": 236, "posY": 7, "width": 255, "height": 31, "score": 0.9510570168495178}}, "model": "Img2Pose"}