{"name": "63_Arucas_frame_01_39_51_000.jpg", "num_faces": 2, "faces": {"0": {"posX": 12, "posY": 112, "width": 32, "height": 137, "score": 0.9648862481117249}, "1": {"posX": 12, "posY": 96, "width": 29, "height": 117, "score": 0.8211191296577454}}, "model": ""}