{"name": "63_Teror_frame_02_29_02_000.jpg", "num_faces": 2, "faces": {"0": {"posX": 40, "posY": 186, "width": 57, "height": 215, "score": 0.9476099610328674}, "1": {"posX": 369, "posY": 172, "width": 396, "height": 210, "score": 0.9366930723190308}}, "model": ""}