{"name": "105_Teror_frame_02_42_09_000.jpg", "num_faces": 2, "faces": {"0": {"posX": 0, "posY": 70, "width": 22, "height": 96, "score": 0.9031762480735779}, "1": {"posX": 204, "posY": 72, "width": 221, "height": 93, "score": 0.8971920013427734}}, "model": "Img2Pose"}