{"name": "343_Teror_frame_02_36_31_000.jpg", "num_faces": 3, "faces": {"0": {"posX": 133, "posY": 19, "width": 144, "height": 36, "score": 0.9857394099235535}, "1": {"posX": -4, "posY": 121, "width": 31, "height": 179, "score": 0.8088149428367615}, "2": {"posX": 14, "posY": 19, "width": 24, "height": 35, "score": 0.8035643696784973}}, "model": "RetinaFaces"}