{"name": "148_Arucas_frame_01_50_59_000.jpg", "num_faces": 2, "faces": {"0": {"posX": 25, "posY": 16, "width": 46, "height": 43, "score": 0.8481435775756836}, "1": {"posX": 45, "posY": 13, "width": 62, "height": 32, "score": 0.8035767674446106}}}