{"name": "709_Teror_frame_03_10_23_000.jpg", "num_faces": 2, "faces": {"0": {"posX": 130, "posY": 49, "width": 201, "height": 140, "score": 0.9998924732208252}, "2": {"posX": 298, "posY": 72, "width": 331, "height": 111, "score": 0.7128793597221375}}, "model": ""}