{"name": "540_Teror_frame_03_11_04_000.jpg", "num_faces": 2, "faces": {"0": {"posX": 109, "posY": 36, "width": 178, "height": 122, "score": 0.999053418636322}, "1": {"posX": 74, "posY": 71, "width": 88, "height": 91, "score": 0.7957078814506531}}, "model": "RetinaFaces"}