{"name": "52_Teror_frame_01_30_57_000.jpg", "num_faces": 2, "faces": {"0": {"posX": 40, "posY": 19, "width": 67, "height": 55, "score": 0.8442532420158386}, "1": {"posX": 108, "posY": 50, "width": 119, "height": 67, "score": 0.8071405291557312}}, "model": "RetinaFaces"}