{"name": "32_Arucas_frame_01_16_20_000.jpg", "num_faces": 2, "faces": {"0": {"posX": 14, "posY": 7, "width": 39, "height": 38, "score": 0.9812526106834412}, "1": {"posX": 19, "posY": 200, "width": 50, "height": 238, "score": 0.966948926448822}}, "model": "Img2Pose"}