{"name": "231_Arucas_frame_01_41_25_000.jpg", "num_faces": 2, "faces": {"0": {"posX": 24, "posY": 57, "width": 47, "height": 91, "score": 0.9828102588653564}, "1": {"posX": 16, "posY": 121, "width": 156, "height": 256, "score": 0.7580146193504333}}}