{"name": "492_Teror_frame_02_59_19_000.jpg", "num_faces": 2, "faces": {"0": {"posX": 122, "posY": 109, "width": 144, "height": 136, "score": 0.8345169425010681}, "1": {"posX": 53, "posY": 110, "width": 76, "height": 137, "score": 0.8030366897583008}}, "model": "Img2Pose"}