{"name": "38_Arucas_frame_01_25_56_000.jpg", "num_faces": 3, "faces": {"0": {"posX": 11, "posY": 56, "width": 38, "height": 91, "score": 0.9644584655761719}, "1": {"posX": 123, "posY": 38, "width": 180, "height": 106, "score": 0.9073305130004883}, "2": {"posX": 48, "posY": 9, "width": 70, "height": 34, "score": 0.8532540798187256}}, "model": "Img2Pose"}