{"name": "157_Teror_frame_02_37_23_000.jpg", "num_faces": 2, "faces": {"0": {"posX": 15, "posY": 47, "width": 37, "height": 74, "score": 0.989685595035553}, "1": {"posX": 215, "posY": 54, "width": 237, "height": 81, "score": 0.9784219264984131}}, "model": "Img2Pose"}