{"name": "819_Teror_frame_02_43_04_000.json", "num_faces": 2, "faces": {"0": {"posX": 51, "posY": 50, "width": 196, "height": 250, "score": 0.9920948147773743}, "1": {"posX": 228, "posY": 422, "width": 351, "height": 589, "score": 0.9508470892906189}}, "model": ""}