{"name": "10_ParqueSur_frame_13_19_03_000.jpg", "num_faces": 3, "faces": {"0": {"posX": 103, "posY": 70, "width": 125, "height": 99, "score": 0.9544296264648438}, "1": {"posX": 152, "posY": 25, "width": 201, "height": 85, "score": 0.93548184633255}, "2": {"posX": 69, "posY": 73, "width": 80, "height": 86, "score": 0.9161602854728699}}, "model": "Img2Pose"}