{"name": "1_ParqueSur_frame_12_40_15_000.jpg", "num_faces": 4, "faces": {"0": {"posX": 55, "posY": 18, "width": 80, "height": 49, "score": 0.9838210344314575}, "1": {"posX": 8, "posY": 59, "width": 13, "height": 64, "score": 0.9127447605133057}, "2": {"posX": 18, "posY": 6, "width": 25, "height": 15, "score": 0.8735337257385254}, "3": {"posX": 4, "posY": 7, "width": 10, "height": 14, "score": 0.8592085838317871}}, "model": "Img2Pose"}