{"name": "215_ParqueSur_frame_18_11_08_000.jpg", "num_faces": 2, "faces": {"0": {"posX": 82, "posY": 10, "width": 117, "height": 52, "score": 0.9741443395614624}, "1": {"posX": 74, "posY": 121, "width": 107, "height": 159, "score": 0.8323500752449036}}, "model": "Img2Pose"}