{"name": "232_ParqueSur_frame_20_23_52_000.jpg", "num_faces": 2, "faces": {"0": {"posX": 67, "posY": 21, "width": 105, "height": 66, "score": 0.9803723692893982}, "1": {"posX": 57, "posY": 108, "width": 67, "height": 118, "score": 0.8081589341163635}}, "model": "Img2Pose"}