{"name": "32_ParqueSur_frame_15_23_48_000.jpg", "num_faces": 2, "faces": {"0": {"posX": 313, "posY": 34, "width": 385, "height": 122, "score": 0.9597595930099487}, "1": {"posX": 101, "posY": 57, "width": 133, "height": 96, "score": 0.9424625039100647}}, "model": "Img2Pose"}