{"name": "37_ParqueSur_frame_15_53_56_000.jpg", "num_faces": 2, "faces": {"0": {"posX": 67, "posY": 21, "width": 95, "height": 55, "score": 0.9715770483016968}, "1": {"posX": 87, "posY": 206, "width": 108, "height": 232, "score": 0.9460397362709045}}, "model": "Img2Pose"}