{"name": "427_ParqueSur_frame_17_46_32_000.jpg", "num_faces": 2, "faces": {"0": {"posX": 118, "posY": 33, "width": 162, "height": 85, "score": 0.9793744087219238}, "1": {"posX": 112, "posY": 34, "width": 134, "height": 60, "score": 0.8663821816444397}}, "model": "Img2Pose"}