{"name": "428_ParqueSur_frame_17_22_08_000.jpg", "num_faces": 2, "faces": {"0": {"posX": 75, "posY": 19, "width": 110, "height": 62, "score": 0.9760200381278992}, "1": {"posX": 119, "posY": 175, "width": 134, "height": 192, "score": 0.95643150806427}}, "model": "Img2Pose"}