{"name": "44_ParqueSur_frame_17_03_15_000.jpg", "num_faces": 2, "faces": {"0": {"posX": 121, "posY": 34, "width": 190, "height": 114, "score": 0.9797199368476868}, "1": {"posX": 189, "posY": 57, "width": 211, "height": 84, "score": 0.9143508076667786}}, "model": "Img2Pose"}