{"name": "451_ParqueSur_frame_18_33_16_000.jpg", "num_faces": 2, "faces": {"0": {"posX": 52, "posY": 20, "width": 84, "height": 59, "score": 0.9887908697128296}, "1": {"posX": 56, "posY": 223, "width": 91, "height": 264, "score": 0.9380815029144287}}, "model": "Img2Pose"}