{"name": "53_ParqueSur_frame_14_48_43_000.jpg", "num_faces": 2, "faces": {"0": {"posX": 111, "posY": 34, "width": 155, "height": 85, "score": 0.9854757189750671}, "1": {"posX": 103, "posY": 47, "width": 115, "height": 62, "score": 0.8436955809593201}}, "model": "Img2Pose"}