{"name": "53_ParqueSur_frame_14_48_42_000.jpg", "num_faces": 2, "faces": {"0": {"posX": 74, "posY": 14, "width": 102, "height": 47, "score": 0.9860579371452332}, "1": {"posX": 103, "posY": 107, "width": 109, "height": 114, "score": 0.8088096380233765}}, "model": "Img2Pose"}