{"name": "553_ParqueSur_frame_17_59_10_000.jpg", "num_faces": 2, "faces": {"0": {"posX": 35, "posY": 16, "width": 63, "height": 50, "score": 0.962727427482605}, "1": {"posX": 55, "posY": 87, "width": 77, "height": 113, "score": 0.9516183137893677}}, "model": "Img2Pose"}