{"name": "557_ParqueSur_frame_19_34_52_000.jpg", "num_faces": 2, "faces": {"0": {"posX": 59, "posY": 24, "width": 91, "height": 63, "score": 0.9822741150856018}, "1": {"posX": 14, "posY": 63, "width": 18, "height": 68, "score": 0.812282145023346}}, "model": "Img2Pose"}