{"name": "557_ParqueSur_frame_19_34_51_000.jpg", "num_faces": 2, "faces": {"0": {"posX": 52, "posY": 24, "width": 77, "height": 55, "score": 0.9584036469459534}, "1": {"posX": 98, "posY": 47, "width": 103, "height": 52, "score": 0.8512409925460815}}, "model": "Img2Pose"}