{"name": "55_ParqueSur_frame_14_48_36_000.jpg", "num_faces": 2, "faces": {"0": {"posX": 66, "posY": 29, "width": 104, "height": 75, "score": 0.9755261540412903}, "1": {"posX": 61, "posY": 45, "width": 73, "height": 63, "score": 0.829017698764801}}, "model": "Img2Pose"}