{"name": "567_ParqueSur_frame_18_47_55_000.jpg", "num_faces": 2, "faces": {"0": {"posX": 62, "posY": 34, "width": 101, "height": 77, "score": 0.9846093654632568}, "1": {"posX": 110, "posY": 169, "width": 126, "height": 187, "score": 0.9745885133743286}}, "model": "Img2Pose"}