{"name": "567_ParqueSur_frame_18_47_54_000.jpg", "num_faces": 2, "faces": {"0": {"posX": 50, "posY": 24, "width": 80, "height": 60, "score": 0.976175844669342}, "1": {"posX": 95, "posY": 138, "width": 109, "height": 156, "score": 0.9620426893234253}}, "model": "Img2Pose"}