{"name": "597_ParqueSur_frame_17_45_57_000.jpg", "num_faces": 2, "faces": {"0": {"posX": 248, "posY": 45, "width": 333, "height": 145, "score": 0.962464451789856}, "1": {"posX": 222, "posY": 64, "width": 269, "height": 123, "score": 0.8405249714851379}}, "model": "Img2Pose"}