{"name": "621_ParqueSur_frame_19_32_16_000.jpg", "num_faces": 2, "faces": {"0": {"posX": 59, "posY": 19, "width": 94, "height": 63, "score": 0.9685215353965759}, "1": {"posX": 2, "posY": 0, "width": 8, "height": 7, "score": 0.8629915118217468}}, "model": "Img2Pose"}