{"name": "6_ParqueSur_frame_12_40_17_000.jpg", "num_faces": 2, "faces": {"0": {"posX": 116, "posY": 32, "width": 166, "height": 91, "score": 0.9820733070373535}, "1": {"posX": 21, "posY": 69, "width": 33, "height": 82, "score": 0.9289520382881165}}, "model": "Img2Pose"}