{"name": "722_ParqueSur_frame_18_23_23_000.jpg", "num_faces": 2, "faces": {"0": {"posX": 103, "posY": 36, "width": 181, "height": 127, "score": 0.9812583923339844}, "1": {"posX": 239, "posY": 199, "width": 296, "height": 265, "score": 0.895642876625061}}, "model": "Img2Pose"}