{"name": "772_ParqueSur_frame_18_46_00_000.jpg", "num_faces": 3, "faces": {"0": {"posX": 39, "posY": 19, "width": 65, "height": 51, "score": 0.9841809272766113}, "1": {"posX": 79, "posY": 83, "width": 94, "height": 101, "score": 0.9356967210769653}, "2": {"posX": 73, "posY": 44, "width": 89, "height": 62, "score": 0.8664164543151855}}, "model": "Img2Pose"}