{"name": "194_PresaDeHornos_frame_13_44_23_000.jpg", "num_faces": 2, "faces": {"0": {"posX": 59, "posY": 36, "width": 79, "height": 60, "score": 0.9854932427406311}, "1": {"posX": 31, "posY": 52, "width": 54, "height": 74, "score": 0.8705989122390747}}}