{"name": "621_ParqueSur_frame_19_32_14_500.jpg", "num_faces": 2, "faces": {"0": {"posX": 49, "posY": 29, "width": 70, "height": 56, "score": 0.9980915188789368}, "1": {"posX": 20, "posY": 95, "width": 33, "height": 108, "score": 0.9343034625053406}}, "model": "RetinaFaces"}