{"name": "752_Arucas_frame_01_34_22_000.jpg", "num_faces": 2, "faces": {"0": {"posX": 40, "posY": 82, "width": 78, "height": 127, "score": 0.9949204325675964}, "1": {"posX": 255, "posY": 150, "width": 279, "height": 184, "score": 0.9407742023468018}}, "model": ""}