{"name": "393_Teror_frame_01_44_30_000.jpg", "num_faces": 2, "faces": {"0": {"posX": 31, "posY": 69, "width": 48, "height": 89, "score": 0.9872238636016846}, "1": {"posX": 53, "posY": 28, "width": 95, "height": 82, "score": 0.9684956669807434}}, "model": "Img2Pose"}