{"name": "676_Teror_frame_02_30_27_000.jpg", "num_faces": 2, "faces": {"0": {"posX": 127, "posY": 146, "width": 147, "height": 180, "score": 0.7344437837600708}, "1": {"posX": 110, "posY": 31, "width": 120, "height": 47, "score": 0.707801342010498}}, "model": "RetinaFaces"}