{"name": "96_Arucas_frame_01_32_08_000.jpg", "num_faces": 3, "faces": {"0": {"posX": 71, "posY": 78, "width": 90, "height": 101, "score": 0.9813975095748901}, "1": {"posX": 140, "posY": 77, "width": 221, "height": 176, "score": 0.9776131510734558}, "2": {"posX": 17, "posY": 146, "width": 40, "height": 169, "score": 0.8669261336326599}}, "model": ""}