{"name": "116_ParqueSur_frame_19_45_46_500.jpg", "num_faces": 3, "faces": {"0": {"posX": 54, "posY": 23, "width": 79, "height": 58, "score": 0.9994937181472778}, "1": {"posX": 72, "posY": 212, "width": 91, "height": 232, "score": 0.8521906137466431}, "2": {"posX": 39, "posY": 254, "width": 48, "height": 264, "score": 0.7163203954696655}}, "model": "RetinaFaces"}