{"name": "116_Arucas_frame_01_33_54_000.jpg", "num_faces": 2, "faces": {"0": {"posX": -2, "posY": 41, "width": 23, "height": 81, "score": 0.9969935417175293}, "1": {"posX": 27, "posY": 173, "width": 42, "height": 194, "score": 0.9513220191001892}}, "model": "RetinaFaces"}