{"name": "116_ParqueSur_frame_19_45_44_500.jpg", "num_faces": 2, "faces": {"0": {"posX": 45, "posY": 16, "width": 61, "height": 37, "score": 0.9996494054794312}, "1": {"posX": 51, "posY": 125, "width": 67, "height": 147, "score": 0.9558503031730652}}, "model": "RetinaFaces"}