{"name": "97_Arucas_frame_01_23_58_000.jpg", "num_faces": 3, "faces": {"0": {"posX": 25, "posY": 37, "width": 44, "height": 63, "score": 0.99815434217453}, "1": {"posX": 76, "posY": 4, "width": 96, "height": 29, "score": 0.9892604351043701}, "2": {"posX": 42, "posY": 35, "width": 57, "height": 56, "score": 0.9413934946060181}}, "model": "RetinaFaces"}