{"name": "754_PresaDeHornos_frame_13_40_43_000.jpg", "num_faces": 2, "faces": {"0": {"posX": 63, "posY": 25, "width": 87, "height": 52, "score": 0.9624499678611755}, "1": {"posX": 68, "posY": 216, "width": 82, "height": 233, "score": 0.7034428715705872}}, "model": "RetinaFaces"}