{"name": "278_Arucas_frame_01_30_30_000.jpg", "num_faces": 2, "faces": {"0": {"posX": 15, "posY": 120, "width": 41, "height": 150, "score": 0.9695866703987122}, "1": {"posX": 123, "posY": 20, "width": 142, "height": 43, "score": 0.9421933889389038}}, "model": "Img2Pose"}