{"name": "278_Teror_frame_02_04_49_000.jpg", "num_faces": 2, "faces": {"0": {"posX": 16, "posY": 59, "width": 34, "height": 81, "score": 0.9844768643379211}, "1": {"posX": 116, "posY": 66, "width": 131, "height": 84, "score": 0.8639812469482422}}, "model": "Img2Pose"}