{"name": "430_Teror_frame_02_33_52_000.jpg", "num_faces": 3, "faces": {"0": {"posX": 318, "posY": 82, "width": 511, "height": 360, "score": 0.9999725818634033}, "1": {"posX": 555, "posY": 291, "width": 589, "height": 333, "score": 0.9907342195510864}, "2": {"posX": 143, "posY": 323, "width": 160, "height": 346, "score": 0.9486700296401978}}, "model": ""}