{"name": "205_Arucas_frame_01_26_48_000.jpg", "num_faces": 2, "faces": {"0": {"posX": 22, "posY": 163, "width": 57, "height": 205, "score": 0.9696213006973267}, "1": {"posX": 163, "posY": 48, "width": 241, "height": 141, "score": 0.9120275974273682}}, "model": "Img2Pose"}