{"name": "205_Arucas_frame_01_26_47_000.jpg", "num_faces": 2, "faces": {"0": {"posX": 46, "posY": 30, "width": 72, "height": 63, "score": 0.9422711133956909}, "1": {"posX": 0, "posY": 49, "width": 22, "height": 90, "score": 0.9310770034790039}}, "model": "Img2Pose"}