{"name": "276_Arucas_frame_01_36_15_000.jpg", "num_faces": 2, "faces": {"0": {"posX": 3, "posY": 10, "width": 22, "height": 37, "score": 0.9769708514213562}, "1": {"posX": 81, "posY": 41, "width": 98, "height": 64, "score": 0.8904916644096375}}}