{"name": "276_Teror_frame_02_31_25_000.jpg", "num_faces": 2, "faces": {"0": {"posX": 52, "posY": 21, "width": 84, "height": 59, "score": 0.9937449097633362}, "1": {"posX": 129, "posY": 32, "width": 138, "height": 46, "score": 0.8032391667366028}}}