{"name": "276_Teror_frame_02_31_26_000.jpg", "num_faces": 2, "faces": {"0": {"posX": 62, "posY": 24, "width": 109, "height": 85, "score": 0.9873266816139221}, "1": {"posX": 131, "posY": 64, "width": 144, "height": 84, "score": 0.951338529586792}}}