{"name": "159_Teror_frame_02_07_55_000.json", "num_faces": 3, "faces": {"1": {"posX": 501, "posY": 279, "width": 564, "height": 352, "score": 0.9801893830299377}, "2": {"posX": 57, "posY": 93, "width": 148, "height": 200, "score": 0.9713492393493652}, "4": {"posX": 156, "posY": 65, "width": 309, "height": 249, "score": 0.9554809927940369}}, "model": ""}