{"name": "17_Teror_frame_01_27_32_000.jpg", "num_faces": 2, "faces": {"0": {"posX": 47, "posY": 94, "width": 61, "height": 110, "score": 0.9788973331451416}, "1": {"posX": 16, "posY": 90, "width": 32, "height": 109, "score": 0.9632090926170349}}, "model": ""}