{"name": "327_Arucas_frame_01_48_35_000.jpg", "num_faces": 2, "faces": {"0": {"posX": 58, "posY": 137, "width": 79, "height": 162, "score": 0.7778772711753845}, "1": {"posX": 180, "posY": 61, "width": 257, "height": 173, "score": 0.7525360584259033}}, "model": ""}