{"name": "694_Teror_frame_02_28_42_000.jpg", "num_faces": 2, "faces": {"0": {"posX": 33, "posY": 5, "width": 48, "height": 23, "score": 0.9932301044464111}, "1": {"posX": 59, "posY": 1, "width": 97, "height": 47, "score": 0.9614201188087463}}, "model": "Img2Pose"}