{"name": "701_Teror_frame_02_45_11_000.jpg", "num_faces": 2, "faces": {"0": {"posX": 156, "posY": 87, "width": 178, "height": 114, "score": 0.9487112164497375}, "1": {"posX": 241, "posY": 80, "width": 256, "height": 98, "score": 0.9355531930923462}}, "model": "Img2Pose"}