{"name": "701_Arucas_frame_01_46_05_000.jpg", "num_faces": 2, "faces": {"0": {"posX": 15, "posY": 39, "width": 59, "height": 92, "score": 0.9282454252243042}, "1": {"posX": 36, "posY": 3, "width": 50, "height": 20, "score": 0.880773663520813}}, "model": "Img2Pose"}