{"name": "18_ParqueSur_frame_19_17_28_000.jpg", "num_faces": 2, "faces": {"0": {"posX": 55, "posY": 524, "width": 235, "height": 712, "score": 0.8761132955551147}, "1": {"posX": 82, "posY": 426, "width": 250, "height": 648, "score": 0.7693124413490295}}, "model": "RetinaFaces"}