{"name": "1_ParqueSur_frame_12_40_16_000.jpg", "num_faces": 2, "faces": {"0": {"posX": 92, "posY": 36, "width": 131, "height": 88, "score": 0.9989438652992249}, "1": {"posX": 74, "posY": 23, "width": 99, "height": 54, "score": 0.9889438152313232}}, "model": "RetinaFaces"}