{"name": "215_ParqueSur_frame_18_11_08_000.jpg", "num_faces": 2, "faces": {"0": {"posX": 86, "posY": 14, "width": 118, "height": 55, "score": 0.9950462579727173}, "1": {"posX": 132, "posY": 125, "width": 156, "height": 145, "score": 0.8439813852310181}}, "model": "RetinaFaces"}