{"name": "215_ParqueSur_frame_18_11_05_000.jpg", "num_faces": 2, "faces": {"0": {"posX": 41, "posY": 16, "width": 56, "height": 36, "score": 0.9913000464439392}, "1": {"posX": 11, "posY": 20, "width": 17, "height": 28, "score": 0.9723500609397888}}, "model": "RetinaFaces"}