{"name": "39_ParqueSur_frame_17_02_26_000.jpg", "num_faces": 2, "faces": {"0": {"posX": -4, "posY": 72, "width": 77, "height": 181, "score": 0.9993329644203186}, "1": {"posX": 128, "posY": 37, "width": 197, "height": 126, "score": 0.9967284202575684}}, "model": "RetinaFaces"}