{"name": "418_ParqueSur_frame_16_33_18_000.jpg", "num_faces": 2, "faces": {"0": {"posX": 95, "posY": 25, "width": 134, "height": 78, "score": 0.9979957342147827}, "1": {"posX": 87, "posY": 213, "width": 115, "height": 249, "score": 0.8631001114845276}}, "model": "RetinaFaces"}