{"name": "450_ParqueSur_frame_19_55_34_000.jpg", "num_faces": 2, "faces": {"0": {"posX": 138, "posY": 19, "width": 188, "height": 87, "score": 0.9995075464248657}, "1": {"posX": 46, "posY": 477, "width": 65, "height": 504, "score": 0.9246708154678345}}, "model": "RetinaFaces"}