{"name": "451_ParqueSur_frame_18_33_13_000.jpg", "num_faces": 2, "faces": {"0": {"posX": 33, "posY": 16, "width": 50, "height": 36, "score": 0.9721109867095947}, "1": {"posX": 47, "posY": 122, "width": 56, "height": 135, "score": 0.8832091093063354}}, "model": "RetinaFaces"}