{"name": "506_ParqueSur_frame_16_39_32_000.jpg", "num_faces": 2, "faces": {"0": {"posX": 62, "posY": 21, "width": 91, "height": 58, "score": 0.9973053932189941}, "1": {"posX": 20, "posY": 150, "width": 41, "height": 169, "score": 0.8053977489471436}}, "model": "RetinaFaces"}