{"name": "53_ParqueSur_frame_14_48_42_000.jpg", "num_faces": 2, "faces": {"0": {"posX": 76, "posY": 17, "width": 101, "height": 48, "score": 0.9975581169128418}, "1": {"posX": 68, "posY": 171, "width": 123, "height": 238, "score": 0.7945058941841125}}, "model": "RetinaFaces"}