{"name": "557_ParqueSur_frame_19_34_53_000.jpg", "num_faces": 2, "faces": {"0": {"posX": 73, "posY": 48, "width": 111, "height": 92, "score": 0.9865587949752808}, "1": {"posX": 136, "posY": 92, "width": 145, "height": 104, "score": 0.9325850605964661}}, "model": "RetinaFaces"}