{"name": "567_ParqueSur_frame_18_47_53_000.jpg", "num_faces": 2, "faces": {"0": {"posX": 47, "posY": 41, "width": 79, "height": 67, "score": 0.9697893261909485}, "1": {"posX": 90, "posY": 105, "width": 104, "height": 120, "score": 0.8814399838447571}}, "model": "RetinaFaces"}