{"name": "5_ParqueSur_frame_15_02_01_000.jpg", "num_faces": 2, "faces": {"0": {"posX": 143, "posY": 25, "width": 190, "height": 80, "score": 0.9956347346305847}, "1": {"posX": 106, "posY": 243, "width": 126, "height": 274, "score": 0.7373253107070923}}, "model": "RetinaFaces"}