{"name": "621_ParqueSur_frame_19_32_14_000.jpg", "num_faces": 2, "faces": {"0": {"posX": 43, "posY": 29, "width": 64, "height": 52, "score": 0.9984461665153503}, "1": {"posX": 11, "posY": 72, "width": 24, "height": 82, "score": 0.7873172760009766}}, "model": "RetinaFaces"}