{"name": "671_ParqueSur_frame_18_17_55_000.jpg", "num_faces": 2, "faces": {"0": {"posX": 91, "posY": 27, "width": 123, "height": 67, "score": 0.9990076422691345}, "1": {"posX": 93, "posY": 1, "width": 103, "height": 10, "score": 0.7391409873962402}}, "model": "RetinaFaces"}