{"name": "6_ParqueSur_frame_12_40_17_000.jpg", "num_faces": 2, "faces": {"0": {"posX": 120, "posY": 39, "width": 167, "height": 95, "score": 0.9958986639976501}, "1": {"posX": 22, "posY": 69, "width": 31, "height": 81, "score": 0.7804286479949951}}, "model": "RetinaFaces"}