{"name": "722_ParqueSur_frame_18_23_21_000.jpg", "num_faces": 2, "faces": {"0": {"posX": 83, "posY": 34, "width": 116, "height": 74, "score": 0.9963550567626953}, "1": {"posX": 97, "posY": 374, "width": 120, "height": 395, "score": 0.7171025276184082}}, "model": "RetinaFaces"}