{"name": "722_ParqueSur_frame_18_23_18_000.jpg", "num_faces": 2, "faces": {"0": {"posX": 44, "posY": 21, "width": 64, "height": 45, "score": 0.9986296892166138}, "1": {"posX": 37, "posY": 163, "width": 51, "height": 178, "score": 0.8292993903160095}}, "model": "RetinaFaces"}