{"name": "722_ParqueSur_frame_18_23_20_000.jpg", "num_faces": 2, "faces": {"0": {"posX": 52, "posY": 28, "width": 78, "height": 60, "score": 0.9934108853340149}, "1": {"posX": 108, "posY": 89, "width": 126, "height": 112, "score": 0.7329646944999695}}, "model": "RetinaFaces"}