{"name": "762_ParqueSur_frame_19_14_24_000.jpg", "num_faces": 2, "faces": {"0": {"posX": 71, "posY": 22, "width": 99, "height": 58, "score": 0.9996522665023804}, "1": {"posX": 86, "posY": 203, "width": 104, "height": 226, "score": 0.8906742334365845}}, "model": "RetinaFaces"}