{"name": "61_Teror_frame_02_34_57_000.jpg", "num_faces": 2, "faces": {"0": {"posX": 94, "posY": 39, "width": 164, "height": 125, "score": 0.9634642601013184}, "1": {"posX": 0, "posY": 110, "width": 21, "height": 140, "score": 0.8676165342330933}}, "model": ""}