{"name": "226_ParqueSur_frame_17_39_19_000.jpg", "num_faces": 2, "faces": {"0": {"posX": 76, "posY": 33, "width": 111, "height": 75, "score": 0.9813730716705322}, "1": {"posX": 59, "posY": 36, "width": 65, "height": 44, "score": 0.8249205350875854}}, "model": "Img2Pose"}