{"name": "616_Arucas_frame_01_22_35_000.jpg", "num_faces": 3, "faces": {"0": {"posX": 45, "posY": 108, "width": 65, "height": 131, "score": 0.983017086982727}, "1": {"posX": 4, "posY": 137, "width": 25, "height": 162, "score": 0.976107120513916}, "2": {"posX": 28, "posY": 136, "width": 44, "height": 155, "score": 0.9465014934539795}}, "model": ""}