{"name": "488_Ayagaures_frame_18_59_27_000.jpg", "num_faces": 3, "faces": {"0": {"posX": 38, "posY": 21, "width": 69, "height": 60, "score": 0.9908280372619629}, "1": {"posX": 0, "posY": 56, "width": 7, "height": 68, "score": 0.8321819305419922}, "2": {"posX": 97, "posY": 71, "width": 102, "height": 77, "score": 0.8198294639587402}}, "model": "Img2Pose"}