{"name": "488_Teror_frame_02_09_37_000.jpg", "num_faces": 2, "faces": {"0": {"posX": 39, "posY": 54, "width": 61, "height": 83, "score": 0.9686511158943176}, "1": {"posX": 165, "posY": 52, "width": 188, "height": 80, "score": 0.850835919380188}}, "model": "Img2Pose"}