{"name": "488_PresaDeHornos_frame_13_20_27_000.jpg", "num_faces": 2, "faces": {"0": {"posX": 52, "posY": 19, "width": 80, "height": 53, "score": 0.9851183891296387}, "1": {"posX": 15, "posY": 283, "width": 27, "height": 298, "score": 0.9056379199028015}}, "model": "Img2Pose"}