{"name": "342_Ayagaures_frame_15_20_56_000.jpg", "num_faces": 2, "faces": {"0": {"posX": 40, "posY": 20, "width": 73, "height": 61, "score": 0.9798648357391357}, "1": {"posX": 19, "posY": 31, "width": 24, "height": 36, "score": 0.8655340671539307}}, "model": "Img2Pose"}