{"name": "255_Arucas_frame_01_34_42_000.jpg", "num_faces": 2, "faces": {"0": {"posX": 0, "posY": 72, "width": 32, "height": 115, "score": 0.953292727470398}, "1": {"posX": 155, "posY": 48, "width": 177, "height": 75, "score": 0.9171576499938965}}, "model": "Img2Pose"}