{"name": "681_Arucas_frame_01_47_56_000.jpg", "num_faces": 3, "faces": {"0": {"posX": 16, "posY": 101, "width": 41, "height": 131, "score": 0.9747870564460754}, "1": {"posX": 0, "posY": 97, "width": 19, "height": 131, "score": 0.9367237091064453}, "2": {"posX": 177, "posY": 26, "width": 194, "height": 45, "score": 0.9181221127510071}}, "model": "Img2Pose"}