{"name": "681_Arucas_frame_01_47_55_000.jpg", "num_faces": 2, "faces": {"0": {"posX": 16, "posY": 62, "width": 44, "height": 97, "score": 0.9414708614349365}, "1": {"posX": 79, "posY": 10, "width": 97, "height": 32, "score": 0.9120521545410156}}, "model": "Img2Pose"}