{"name": "681_Arucas_frame_01_47_57_000.jpg", "num_faces": 2, "faces": {"0": {"posX": 8, "posY": 104, "width": 36, "height": 138, "score": 0.968802809715271}, "1": {"posX": 74, "posY": 50, "width": 98, "height": 80, "score": 0.9575840830802917}}, "model": "Img2Pose"}