{"name": "7_Arucas_frame_01_18_23_000.jpg", "num_faces": 3, "faces": {"1": {"posX": 70, "posY": 224, "width": 102, "height": 258, "score": 0.9897705316543579}, "2": {"posX": 14, "posY": 121, "width": 44, "height": 157, "score": 0.8891541957855225}, "3": {"posX": 116, "posY": 90, "width": 139, "height": 119, "score": 0.7320456504821777}}, "model": ""}