{"name": "176_Arucas_frame_01_28_22_000.jpg", "num_faces": 3, "faces": {"0": {"posX": 48, "posY": 49, "width": 64, "height": 70, "score": 0.9925454258918762}, "1": {"posX": 55, "posY": 67, "width": 74, "height": 92, "score": 0.989923894405365}, "2": {"posX": 32, "posY": 99, "width": 50, "height": 123, "score": 0.7851737141609192}}, "model": "RetinaFaces"}