{"name": "176_Ayagaures_frame_19_05_17_000.jpg", "num_faces": 2, "faces": {"0": {"posX": 19, "posY": 119, "width": 35, "height": 141, "score": 0.998611569404602}, "1": {"posX": 48, "posY": 28, "width": 88, "height": 82, "score": 0.9978910088539124}}, "model": "RetinaFaces"}