{"name": "495_Ayagaures_frame_18_41_04_000.jpg", "num_faces": 3, "faces": {"0": {"posX": 63, "posY": 22, "width": 100, "height": 69, "score": 0.9719189405441284}, "1": {"posX": 145, "posY": 78, "width": 156, "height": 90, "score": 0.9453548192977905}, "2": {"posX": 138, "posY": 73, "width": 145, "height": 81, "score": 0.9155024290084839}}, "model": "Img2Pose"}