{"name": "414_Ayagaures_frame_16_10_17_000.jpg", "num_faces": 2, "faces": {"0": {"posX": 63, "posY": 30, "width": 104, "height": 80, "score": 0.9784383773803711}, "1": {"posX": 75, "posY": 65, "width": 88, "height": 81, "score": 0.8443467020988464}}, "model": "Img2Pose"}