{"name": "130_Arucas_frame_01_34_34_000.jpg", "num_faces": 2, "faces": {"0": {"posX": 8, "posY": 132, "width": 30, "height": 158, "score": 0.9220508337020874}, "1": {"posX": 131, "posY": 20, "width": 211, "height": 116, "score": 0.8126732110977173}}, "model": ""}