{"name": "670_Arucas_frame_01_26_10_000.jpg", "num_faces": 2, "faces": {"0": {"posX": 32, "posY": 74, "width": 62, "height": 108, "score": 0.9395532011985779}, "1": {"posX": 22, "posY": 33, "width": 43, "height": 57, "score": 0.9162749648094177}}, "model": "Img2Pose"}