{"name": "670_Ayagaures_frame_13_47_22_000.jpg", "num_faces": 2, "faces": {"0": {"posX": 68, "posY": 24, "width": 113, "height": 80, "score": 0.9855652451515198}, "1": {"posX": 167, "posY": 34, "width": 175, "height": 44, "score": 0.921105146408081}}, "model": "Img2Pose"}