{"name": "543_Arucas_frame_01_35_45_000.jpg", "num_faces": 2, "faces": {"0": {"posX": 277, "posY": 153, "width": 295, "height": 174, "score": 0.9149960875511169}, "1": {"posX": 175, "posY": 52, "width": 279, "height": 175, "score": 0.801082193851471}}, "model": "Img2Pose"}