{"name": "472_Arucas_frame_01_49_20_000.jpg", "num_faces": 4, "faces": {"0": {"posX": 45, "posY": 49, "width": 66, "height": 74, "score": 0.9904443621635437}, "1": {"posX": 92, "posY": 3, "width": 115, "height": 30, "score": 0.9887937903404236}, "2": {"posX": 63, "posY": 47, "width": 83, "height": 69, "score": 0.9787533283233643}, "3": {"posX": 6, "posY": 332, "width": 24, "height": 353, "score": 0.8801877498626709}}, "model": "Img2Pose"}