{"name": "618_Arucas_frame_01_51_39_000.jpg", "num_faces": 3, "faces": {"0": {"posX": 42, "posY": 98, "width": 62, "height": 123, "score": 0.9898074269294739}, "1": {"posX": 116, "posY": 51, "width": 133, "height": 73, "score": 0.8463377952575684}, "2": {"posX": 75, "posY": 100, "width": 105, "height": 138, "score": 0.8034754395484924}}, "model": "Img2Pose"}