{"name": "472_Arucas_frame_01_49_20_000.jpg", "num_faces": 3, "faces": {"0": {"posX": 94, "posY": 4, "width": 116, "height": 32, "score": 0.9975242018699646}, "1": {"posX": 47, "posY": 48, "width": 66, "height": 75, "score": 0.9928188920021057}, "2": {"posX": 67, "posY": 49, "width": 82, "height": 70, "score": 0.9897133111953735}}, "model": "RetinaFaces"}