{"name": "573_Arucas_frame_01_42_53_000.jpg", "num_faces": 2, "faces": {"0": {"posX": 224, "posY": 42, "width": 244, "height": 68, "score": 0.9869313836097717}, "1": {"posX": 23, "posY": 137, "width": 53, "height": 173, "score": 0.9686170220375061}}, "model": "Img2Pose"}