{"name": "155_Teror_frame_02_12_30_000.jpg", "num_faces": 3, "faces": {"0": {"posX": 11, "posY": 87, "width": 31, "height": 112, "score": 0.997209370136261}, "1": {"posX": 49, "posY": 31, "width": 124, "height": 117, "score": 0.9862163066864014}, "2": {"posX": 246, "posY": 118, "width": 261, "height": 138, "score": 0.9568035006523132}}}