{"name": "155_Ayagaures_frame_16_50_55_000.jpg", "num_faces": 2, "faces": {"0": {"posX": 80, "posY": 23, "width": 122, "height": 79, "score": 0.9984973669052124}, "1": {"posX": 18, "posY": 92, "width": 25, "height": 100, "score": 0.8556833863258362}}}