{"name": "155_Arucas_frame_01_33_06_000.jpg", "num_faces": 2, "faces": {"0": {"posX": 1, "posY": 66, "width": 24, "height": 96, "score": 0.9390153288841248}, "1": {"posX": 251, "posY": 106, "width": 286, "height": 148, "score": 0.9277336001396179}}}