{"name": "748_Teror_frame_02_17_43_000.jpg", "num_faces": 2, "faces": {"0": {"posX": 340, "posY": 253, "width": 357, "height": 279, "score": 0.9925408363342285}, "1": {"posX": 2, "posY": 202, "width": 24, "height": 237, "score": 0.9836215376853943}}, "model": ""}