{"name": "506_Arucas_frame_01_18_57_000.jpg", "num_faces": 2, "faces": {"1": {"posX": 40, "posY": 112, "width": 63, "height": 145, "score": 0.9568721055984497}, "2": {"posX": 124, "posY": 35, "width": 181, "height": 119, "score": 0.8281813859939575}}, "model": ""}