{"name": "506_Arucas_frame_01_18_58_000.jpg", "num_faces": 2, "faces": {"0": {"posX": 38, "posY": 163, "width": 68, "height": 203, "score": 0.9965758919715881}, "1": {"posX": 15, "posY": 175, "width": 43, "height": 214, "score": 0.9916715025901794}}, "model": ""}